algorithm,operation,iteration,ms
RSA-3072,keygen,0,83.898386
RSA-3072,keygen,1,197.835525
RSA-3072,keygen,2,136.164784
RSA-3072,keygen,3,69.931492
RSA-3072,keygen,4,122.626633
RSA-3072,keygen,5,46.482094
RSA-3072,keygen,6,68.561800
RSA-3072,keygen,7,162.368717
RSA-3072,keygen,8,86.667100
RSA-3072,keygen,9,86.959386
RSA-3072,keygen,10,188.490730
RSA-3072,keygen,11,50.563990
RSA-3072,keygen,12,154.103717
RSA-3072,keygen,13,111.376543
RSA-3072,keygen,14,56.248254
RSA-3072,keygen,15,62.466362
RSA-3072,keygen,16,310.774619
RSA-3072,keygen,17,124.924374
RSA-3072,keygen,18,32.291482
RSA-3072,keygen,19,94.344850
RSA-3072,keygen,20,116.828361
RSA-3072,keygen,21,82.740553
RSA-3072,keygen,22,189.792275
RSA-3072,keygen,23,140.739494
RSA-3072,keygen,24,107.669263
RSA-3072,keygen,25,23.259482
RSA-3072,keygen,26,86.347605
RSA-3072,keygen,27,27.441766
RSA-3072,keygen,28,50.321773
RSA-3072,keygen,29,165.688514
RSA-3072,keygen,30,66.231293
RSA-3072,keygen,31,67.712562
RSA-3072,keygen,32,85.322650
RSA-3072,keygen,33,134.170252
RSA-3072,keygen,34,34.771869
RSA-3072,keygen,35,179.930386
RSA-3072,keygen,36,131.540457
RSA-3072,keygen,37,137.605577
RSA-3072,keygen,38,57.417989
RSA-3072,keygen,39,74.512943
RSA-3072,keygen,40,38.246073
RSA-3072,keygen,41,125.774664
RSA-3072,keygen,42,56.740139
RSA-3072,keygen,43,247.803258
RSA-3072,keygen,44,73.424057
RSA-3072,keygen,45,92.036821
RSA-3072,keygen,46,75.801696
RSA-3072,keygen,47,153.901902
RSA-3072,keygen,48,118.529120
RSA-3072,keygen,49,122.028304
RSA-3072,keygen,50,87.388493
RSA-3072,keygen,51,96.816348
RSA-3072,keygen,52,114.146969
RSA-3072,keygen,53,214.400672
RSA-3072,keygen,54,42.253491
RSA-3072,keygen,55,207.148167
RSA-3072,keygen,56,107.244111
RSA-3072,keygen,57,116.510887
RSA-3072,keygen,58,47.216336
RSA-3072,keygen,59,262.327899
RSA-3072,keygen,60,45.689995
RSA-3072,keygen,61,69.369232
RSA-3072,keygen,62,63.961243
RSA-3072,keygen,63,28.928697
RSA-3072,keygen,64,103.233534
RSA-3072,keygen,65,62.257416
RSA-3072,keygen,66,91.737836
RSA-3072,keygen,67,43.595063
RSA-3072,keygen,68,54.891254
RSA-3072,keygen,69,55.920860
RSA-3072,keygen,70,67.766203
RSA-3072,keygen,71,95.874612
RSA-3072,keygen,72,191.709974
RSA-3072,keygen,73,97.392381
RSA-3072,keygen,74,37.834910
RSA-3072,keygen,75,36.433948
RSA-3072,keygen,76,127.480423
RSA-3072,keygen,77,77.533684
RSA-3072,keygen,78,94.203954
RSA-3072,keygen,79,46.984039
RSA-3072,keygen,80,87.674070
RSA-3072,keygen,81,80.788311
RSA-3072,keygen,82,218.505970
RSA-3072,keygen,83,270.297076
RSA-3072,keygen,84,172.199733
RSA-3072,keygen,85,74.846220
RSA-3072,keygen,86,141.874134
RSA-3072,keygen,87,45.312381
RSA-3072,keygen,88,139.560365
RSA-3072,keygen,89,103.965336
RSA-3072,keygen,90,13.973025
RSA-3072,keygen,91,105.116951
RSA-3072,keygen,92,97.807898
RSA-3072,keygen,93,187.534821
RSA-3072,keygen,94,51.701587
RSA-3072,keygen,95,104.874093
RSA-3072,keygen,96,114.407018
RSA-3072,keygen,97,120.719054
RSA-3072,keygen,98,25.617372
RSA-3072,keygen,99,26.521269
RSA-3072,keygen,100,115.659682
RSA-3072,keygen,101,140.059699
RSA-3072,keygen,102,142.921681
RSA-3072,keygen,103,75.290035
RSA-3072,keygen,104,40.530785
RSA-3072,keygen,105,183.732012
RSA-3072,keygen,106,245.727863
RSA-3072,keygen,107,51.116775
RSA-3072,keygen,108,77.711094
RSA-3072,keygen,109,99.213849
RSA-3072,keygen,110,114.832553
RSA-3072,keygen,111,103.963257
RSA-3072,keygen,112,75.465753
RSA-3072,keygen,113,66.525711
RSA-3072,keygen,114,74.631814
RSA-3072,keygen,115,130.186041
RSA-3072,keygen,116,151.186293
RSA-3072,keygen,117,260.371502
RSA-3072,keygen,118,174.040122
RSA-3072,keygen,119,126.650568
RSA-3072,keygen,120,184.697731
RSA-3072,keygen,121,103.602502
RSA-3072,keygen,122,182.360042
RSA-3072,keygen,123,44.067708
RSA-3072,keygen,124,66.541702
RSA-3072,keygen,125,104.612469
RSA-3072,keygen,126,78.919838
RSA-3072,keygen,127,69.487573
RSA-3072,keygen,128,27.625605
RSA-3072,keygen,129,34.505755
RSA-3072,keygen,130,46.256359
RSA-3072,keygen,131,115.462156
RSA-3072,keygen,132,183.793894
RSA-3072,keygen,133,60.083927
RSA-3072,keygen,134,33.882513
RSA-3072,keygen,135,118.898021
RSA-3072,keygen,136,86.614586
RSA-3072,keygen,137,173.247254
RSA-3072,keygen,138,29.219345
RSA-3072,keygen,139,40.845861
RSA-3072,keygen,140,119.631771
RSA-3072,keygen,141,122.908818
RSA-3072,keygen,142,49.589506
RSA-3072,keygen,143,79.817447
RSA-3072,keygen,144,144.855069
RSA-3072,keygen,145,186.861575
RSA-3072,keygen,146,267.783288
RSA-3072,keygen,147,214.925965
RSA-3072,keygen,148,101.991245
RSA-3072,keygen,149,92.344142
RSA-3072,keygen,150,210.917178
RSA-3072,keygen,151,78.526054
RSA-3072,keygen,152,72.247318
RSA-3072,keygen,153,68.763113
RSA-3072,keygen,154,194.826081
RSA-3072,keygen,155,152.000246
RSA-3072,keygen,156,87.007203
RSA-3072,keygen,157,236.598891
RSA-3072,keygen,158,95.725599
RSA-3072,keygen,159,24.377578
RSA-3072,keygen,160,119.301307
RSA-3072,keygen,161,76.851737
RSA-3072,keygen,162,159.094953
RSA-3072,keygen,163,96.710976
RSA-3072,keygen,164,188.781472
RSA-3072,keygen,165,101.514722
RSA-3072,keygen,166,54.332244
RSA-3072,keygen,167,244.364829
RSA-3072,keygen,168,96.230812
RSA-3072,keygen,169,142.194866
RSA-3072,keygen,170,69.006521
RSA-3072,keygen,171,95.490462
RSA-3072,keygen,172,17.677297
RSA-3072,keygen,173,177.173476
RSA-3072,keygen,174,68.480148
RSA-3072,keygen,175,179.872630
RSA-3072,keygen,176,137.094974
RSA-3072,keygen,177,50.333887
RSA-3072,keygen,178,217.886700
RSA-3072,keygen,179,82.354435
RSA-3072,keygen,180,24.289180
RSA-3072,keygen,181,82.917438
RSA-3072,keygen,182,195.000662
RSA-3072,keygen,183,77.774076
RSA-3072,keygen,184,139.629242
RSA-3072,keygen,185,107.584823
RSA-3072,keygen,186,108.342634
RSA-3072,keygen,187,269.550251
RSA-3072,keygen,188,190.949816
RSA-3072,keygen,189,36.935604
RSA-3072,keygen,190,28.216458
RSA-3072,keygen,191,172.176153
RSA-3072,keygen,192,166.475029
RSA-3072,keygen,193,92.082987
RSA-3072,keygen,194,59.987991
RSA-3072,keygen,195,76.491753
RSA-3072,keygen,196,82.261238
RSA-3072,keygen,197,122.087013
RSA-3072,keygen,198,111.270225
RSA-3072,keygen,199,162.735309
RSA-3072,keygen,200,103.237201
RSA-3072,keygen,201,143.186945
RSA-3072,keygen,202,58.301393
RSA-3072,keygen,203,30.014025
RSA-3072,keygen,204,85.322557
RSA-3072,keygen,205,103.664916
RSA-3072,keygen,206,84.561868
RSA-3072,keygen,207,51.739069
RSA-3072,keygen,208,130.609732
RSA-3072,keygen,209,322.693844
RSA-3072,keygen,210,54.858629
RSA-3072,keygen,211,32.270015
RSA-3072,keygen,212,65.514998
RSA-3072,keygen,213,188.844166
RSA-3072,keygen,214,91.422838
RSA-3072,keygen,215,161.828141
RSA-3072,keygen,216,92.717031
RSA-3072,keygen,217,58.243124
RSA-3072,keygen,218,90.210444
RSA-3072,keygen,219,90.463591
RSA-3072,keygen,220,30.391890
RSA-3072,keygen,221,85.976349
RSA-3072,keygen,222,95.701482
RSA-3072,keygen,223,97.956642
RSA-3072,keygen,224,91.469627
RSA-3072,keygen,225,237.384959
RSA-3072,keygen,226,234.842462
RSA-3072,keygen,227,402.604598
RSA-3072,keygen,228,43.222941
RSA-3072,keygen,229,104.352079
RSA-3072,keygen,230,178.201898
RSA-3072,keygen,231,98.152420
RSA-3072,keygen,232,100.046455
RSA-3072,keygen,233,60.458305
RSA-3072,keygen,234,90.171325
RSA-3072,keygen,235,140.875399
RSA-3072,keygen,236,71.059126
RSA-3072,keygen,237,183.398400
RSA-3072,keygen,238,26.042938
RSA-3072,keygen,239,153.948837
RSA-3072,keygen,240,137.612122
RSA-3072,keygen,241,116.368452
RSA-3072,keygen,242,55.131856
RSA-3072,keygen,243,33.198964
RSA-3072,keygen,244,59.476808
RSA-3072,keygen,245,197.986280
RSA-3072,keygen,246,144.655089
RSA-3072,keygen,247,138.415542
RSA-3072,keygen,248,134.076969
RSA-3072,keygen,249,152.943792
RSA-3072,keygen,250,111.453016
RSA-3072,keygen,251,107.548087
RSA-3072,keygen,252,351.366676
RSA-3072,keygen,253,28.138160
RSA-3072,keygen,254,49.505601
RSA-3072,keygen,255,40.010135
RSA-3072,keygen,256,89.711252
RSA-3072,keygen,257,253.902577
RSA-3072,keygen,258,44.051572
RSA-3072,keygen,259,43.417970
RSA-3072,keygen,260,55.064607
RSA-3072,keygen,261,76.353367
RSA-3072,keygen,262,89.076211
RSA-3072,keygen,263,43.105884
RSA-3072,keygen,264,86.785801
RSA-3072,keygen,265,162.130092
RSA-3072,keygen,266,67.067170
RSA-3072,keygen,267,367.669095
RSA-3072,keygen,268,49.838356
RSA-3072,keygen,269,82.648435
RSA-3072,keygen,270,73.400927
RSA-3072,keygen,271,70.490775
RSA-3072,keygen,272,176.283947
RSA-3072,keygen,273,49.826475
RSA-3072,keygen,274,37.367100
RSA-3072,keygen,275,231.836059
RSA-3072,keygen,276,355.826963
RSA-3072,keygen,277,51.897339
RSA-3072,keygen,278,236.179611
RSA-3072,keygen,279,144.651573
RSA-3072,keygen,280,29.478423
RSA-3072,keygen,281,59.889145
RSA-3072,keygen,282,68.005318
RSA-3072,keygen,283,176.000972
RSA-3072,keygen,284,226.384061
RSA-3072,keygen,285,20.552050
RSA-3072,keygen,286,80.085690
RSA-3072,keygen,287,104.241313
RSA-3072,keygen,288,76.188991
RSA-3072,keygen,289,208.228990
RSA-3072,keygen,290,103.659141
RSA-3072,keygen,291,16.145149
RSA-3072,keygen,292,139.278934
RSA-3072,keygen,293,78.801347
RSA-3072,keygen,294,130.430430
RSA-3072,keygen,295,114.273842
RSA-3072,keygen,296,80.983648
RSA-3072,keygen,297,61.677582
RSA-3072,keygen,298,125.276487
RSA-3072,keygen,299,87.779280
RSA-3072,keygen,300,58.064679
RSA-3072,keygen,301,181.284435
RSA-3072,keygen,302,82.249052
RSA-3072,keygen,303,101.458130
RSA-3072,keygen,304,107.434442
RSA-3072,keygen,305,297.820587
RSA-3072,keygen,306,141.201000
RSA-3072,keygen,307,72.856605
RSA-3072,keygen,308,85.223443
RSA-3072,keygen,309,378.108727
RSA-3072,keygen,310,78.996165
RSA-3072,keygen,311,103.896159
RSA-3072,keygen,312,284.665361
RSA-3072,keygen,313,58.723271
RSA-3072,keygen,314,104.912186
RSA-3072,keygen,315,145.961329
RSA-3072,keygen,316,28.449478
RSA-3072,keygen,317,64.619734
RSA-3072,keygen,318,110.592802
RSA-3072,keygen,319,187.522684
RSA-3072,keygen,320,50.503519
RSA-3072,keygen,321,128.213661
RSA-3072,keygen,322,51.091902
RSA-3072,keygen,323,166.343891
RSA-3072,keygen,324,89.777565
RSA-3072,keygen,325,92.600308
RSA-3072,keygen,326,130.261564
RSA-3072,keygen,327,47.496898
RSA-3072,keygen,328,51.848861
RSA-3072,keygen,329,127.354273
RSA-3072,keygen,330,186.929383
RSA-3072,keygen,331,67.662184
RSA-3072,keygen,332,84.734581
RSA-3072,keygen,333,221.074566
RSA-3072,keygen,334,26.059609
RSA-3072,keygen,335,143.169516
RSA-3072,keygen,336,188.892678
RSA-3072,keygen,337,50.883005
RSA-3072,keygen,338,14.648889
RSA-3072,keygen,339,52.696710
RSA-3072,keygen,340,29.432505
RSA-3072,keygen,341,91.239486
RSA-3072,keygen,342,89.312981
RSA-3072,keygen,343,190.246060
RSA-3072,keygen,344,53.136625
RSA-3072,keygen,345,43.947045
RSA-3072,keygen,346,55.251887
RSA-3072,keygen,347,102.546478
RSA-3072,keygen,348,99.440169
RSA-3072,keygen,349,170.197704
RSA-3072,keygen,350,372.853642
RSA-3072,keygen,351,69.164485
RSA-3072,keygen,352,110.706362
RSA-3072,keygen,353,37.277573
RSA-3072,keygen,354,240.640493
RSA-3072,keygen,355,118.450211
RSA-3072,keygen,356,185.996857
RSA-3072,keygen,357,220.203700
RSA-3072,keygen,358,157.920295
RSA-3072,keygen,359,54.447248
RSA-3072,keygen,360,60.468220
RSA-3072,keygen,361,26.164548
RSA-3072,keygen,362,29.596823
RSA-3072,keygen,363,205.308396
RSA-3072,keygen,364,83.933333
RSA-3072,keygen,365,127.619872
RSA-3072,keygen,366,74.299159
RSA-3072,keygen,367,281.969244
RSA-3072,keygen,368,112.686778
RSA-3072,keygen,369,178.747074
RSA-3072,keygen,370,127.967098
RSA-3072,keygen,371,33.511472
RSA-3072,keygen,372,80.449559
RSA-3072,keygen,373,186.814278
RSA-3072,keygen,374,319.923719
RSA-3072,keygen,375,60.551339
RSA-3072,keygen,376,165.022554
RSA-3072,keygen,377,126.818963
RSA-3072,keygen,378,284.802080
RSA-3072,keygen,379,96.943033
RSA-3072,keygen,380,128.165686
RSA-3072,keygen,381,36.314405
RSA-3072,keygen,382,87.944671
RSA-3072,keygen,383,162.300771
RSA-3072,keygen,384,171.765016
RSA-3072,keygen,385,87.963591
RSA-3072,keygen,386,66.501272
RSA-3072,keygen,387,96.148754
RSA-3072,keygen,388,81.584215
RSA-3072,keygen,389,96.471990
RSA-3072,keygen,390,103.674526
RSA-3072,keygen,391,88.907029
RSA-3072,keygen,392,209.073160
RSA-3072,keygen,393,155.280543
RSA-3072,keygen,394,150.811110
RSA-3072,keygen,395,55.697133
RSA-3072,keygen,396,13.617553
RSA-3072,keygen,397,206.642482
RSA-3072,keygen,398,216.803650
RSA-3072,keygen,399,104.758883
RSA-3072,keygen,400,167.661842
RSA-3072,keygen,401,187.674480
RSA-3072,keygen,402,69.550862
RSA-3072,keygen,403,139.995273
RSA-3072,keygen,404,164.203917
RSA-3072,keygen,405,106.476991
RSA-3072,keygen,406,98.910829
RSA-3072,keygen,407,50.424242
RSA-3072,keygen,408,147.204629
RSA-3072,keygen,409,32.295149
RSA-3072,keygen,410,18.129443
RSA-3072,keygen,411,82.030830
RSA-3072,keygen,412,122.156036
RSA-3072,keygen,413,69.717191
RSA-3072,keygen,414,175.089995
RSA-3072,keygen,415,186.335949
RSA-3072,keygen,416,127.551066
RSA-3072,keygen,417,18.789635
RSA-3072,keygen,418,164.564904
RSA-3072,keygen,419,57.866436
RSA-3072,keygen,420,28.950722
RSA-3072,keygen,421,212.365070
RSA-3072,keygen,422,108.503155
RSA-3072,keygen,423,88.788082
RSA-3072,keygen,424,17.493942
RSA-3072,keygen,425,108.014211
RSA-3072,keygen,426,107.724445
RSA-3072,keygen,427,137.270870
RSA-3072,keygen,428,612.069460
RSA-3072,keygen,429,139.462901
RSA-3072,keygen,430,47.351953
RSA-3072,keygen,431,269.139001
RSA-3072,keygen,432,60.579681
RSA-3072,keygen,433,153.697006
RSA-3072,keygen,434,149.099777
RSA-3072,keygen,435,73.991555
RSA-3072,keygen,436,40.591891
RSA-3072,keygen,437,44.661278
RSA-3072,keygen,438,224.472724
RSA-3072,keygen,439,136.586540
RSA-3072,keygen,440,225.730979
RSA-3072,keygen,441,55.988320
RSA-3072,keygen,442,64.582529
RSA-3072,keygen,443,142.985637
RSA-3072,keygen,444,210.878282
RSA-3072,keygen,445,83.352874
RSA-3072,keygen,446,88.715385
RSA-3072,keygen,447,126.448962
RSA-3072,keygen,448,55.969471
RSA-3072,keygen,449,69.382446
RSA-3072,keygen,450,94.140954
RSA-3072,keygen,451,89.278597
RSA-3072,keygen,452,61.075944
RSA-3072,keygen,453,12.898563
RSA-3072,keygen,454,64.657687
RSA-3072,keygen,455,80.428293
RSA-3072,keygen,456,91.678325
RSA-3072,keygen,457,33.481044
RSA-3072,keygen,458,76.328176
RSA-3072,keygen,459,171.849112
RSA-3072,keygen,460,354.111838
RSA-3072,keygen,461,146.699340
RSA-3072,keygen,462,196.241015
RSA-3072,keygen,463,64.854016
RSA-3072,keygen,464,61.711306
RSA-3072,keygen,465,40.500553
RSA-3072,keygen,466,133.676267
RSA-3072,keygen,467,40.176956
RSA-3072,keygen,468,132.070721
RSA-3072,keygen,469,35.377689
RSA-3072,keygen,470,171.482768
RSA-3072,keygen,471,179.864319
RSA-3072,keygen,472,68.281461
RSA-3072,keygen,473,105.552305
RSA-3072,keygen,474,85.767364
RSA-3072,keygen,475,111.582358
RSA-3072,keygen,476,71.083954
RSA-3072,keygen,477,21.742547
RSA-3072,keygen,478,80.863927
RSA-3072,keygen,479,238.679425
RSA-3072,keygen,480,41.848565
RSA-3072,keygen,481,269.640001
RSA-3072,keygen,482,63.007910
RSA-3072,keygen,483,25.037564
RSA-3072,keygen,484,154.296802
RSA-3072,keygen,485,68.104764
RSA-3072,keygen,486,306.527062
RSA-3072,keygen,487,55.089533
RSA-3072,keygen,488,79.056082
RSA-3072,keygen,489,137.209545
RSA-3072,keygen,490,67.004668
RSA-3072,keygen,491,171.402421
RSA-3072,keygen,492,108.116954
RSA-3072,keygen,493,63.565723
RSA-3072,keygen,494,47.132207
RSA-3072,keygen,495,21.751187
RSA-3072,keygen,496,31.089586
RSA-3072,keygen,497,45.222701
RSA-3072,keygen,498,74.651079
RSA-3072,keygen,499,40.108829
RSA-3072,keygen,500,125.081683
RSA-3072,keygen,501,295.286970
RSA-3072,keygen,502,99.633175
RSA-3072,keygen,503,44.863057
RSA-3072,keygen,504,222.646735
RSA-3072,keygen,505,72.959551
RSA-3072,keygen,506,139.395338
RSA-3072,keygen,507,92.763244
RSA-3072,keygen,508,43.137769
RSA-3072,keygen,509,85.439479
RSA-3072,keygen,510,31.191505
RSA-3072,keygen,511,304.859286
RSA-3072,keygen,512,84.617330
RSA-3072,keygen,513,46.287298
RSA-3072,keygen,514,47.623561
RSA-3072,keygen,515,260.265377
RSA-3072,keygen,516,31.358043
RSA-3072,keygen,517,61.604509
RSA-3072,keygen,518,97.402694
RSA-3072,keygen,519,76.825772
RSA-3072,keygen,520,23.033800
RSA-3072,keygen,521,221.599730
RSA-3072,keygen,522,80.227878
RSA-3072,keygen,523,46.748952
RSA-3072,keygen,524,54.636820
RSA-3072,keygen,525,131.606869
RSA-3072,keygen,526,218.698569
RSA-3072,keygen,527,25.120203
RSA-3072,keygen,528,50.535864
RSA-3072,keygen,529,156.114852
RSA-3072,keygen,530,62.580857
RSA-3072,keygen,531,60.501544
RSA-3072,keygen,532,54.935856
RSA-3072,keygen,533,44.701140
RSA-3072,keygen,534,85.602337
RSA-3072,keygen,535,115.658558
RSA-3072,keygen,536,144.093078
RSA-3072,keygen,537,113.258859
RSA-3072,keygen,538,43.245839
RSA-3072,keygen,539,66.712354
RSA-3072,keygen,540,173.377518
RSA-3072,keygen,541,101.555051
RSA-3072,keygen,542,118.418552
RSA-3072,keygen,543,87.887999
RSA-3072,keygen,544,223.409208
RSA-3072,keygen,545,69.403098
RSA-3072,keygen,546,231.580263
RSA-3072,keygen,547,78.630549
RSA-3072,keygen,548,114.938158
RSA-3072,keygen,549,58.041686
RSA-3072,keygen,550,12.713075
RSA-3072,keygen,551,102.311792
RSA-3072,keygen,552,106.940031
RSA-3072,keygen,553,71.057527
RSA-3072,keygen,554,76.165152
RSA-3072,keygen,555,118.552241
RSA-3072,keygen,556,79.350390
RSA-3072,keygen,557,244.628205
RSA-3072,keygen,558,53.818931
RSA-3072,keygen,559,147.733982
RSA-3072,keygen,560,101.250316
RSA-3072,keygen,561,25.609868
RSA-3072,keygen,562,97.022921
RSA-3072,keygen,563,40.477204
RSA-3072,keygen,564,50.350286
RSA-3072,keygen,565,119.345861
RSA-3072,keygen,566,102.849385
RSA-3072,keygen,567,75.141565
RSA-3072,keygen,568,101.767460
RSA-3072,keygen,569,296.744069
RSA-3072,keygen,570,434.186427
RSA-3072,keygen,571,82.028415
RSA-3072,keygen,572,71.838718
RSA-3072,keygen,573,93.051643
RSA-3072,keygen,574,132.486221
RSA-3072,keygen,575,21.723178
RSA-3072,keygen,576,284.483970
RSA-3072,keygen,577,57.966418
RSA-3072,keygen,578,251.029864
RSA-3072,keygen,579,165.653731
RSA-3072,keygen,580,59.329631
RSA-3072,keygen,581,72.384841
RSA-3072,keygen,582,38.994775
RSA-3072,keygen,583,50.420897
RSA-3072,keygen,584,75.964224
RSA-3072,keygen,585,19.468248
RSA-3072,keygen,586,89.013456
RSA-3072,keygen,587,40.440545
RSA-3072,keygen,588,96.419520
RSA-3072,keygen,589,113.070664
RSA-3072,keygen,590,57.114309
RSA-3072,keygen,591,23.780451
RSA-3072,keygen,592,93.096693
RSA-3072,keygen,593,107.297559
RSA-3072,keygen,594,102.709798
RSA-3072,keygen,595,71.355125
RSA-3072,keygen,596,85.319674
RSA-3072,keygen,597,122.059818
RSA-3072,keygen,598,159.322354
RSA-3072,keygen,599,325.154345
RSA-3072,keygen,600,71.716220
RSA-3072,keygen,601,18.937085
RSA-3072,keygen,602,142.385824
RSA-3072,keygen,603,311.067989
RSA-3072,keygen,604,69.762846
RSA-3072,keygen,605,184.865674
RSA-3072,keygen,606,22.101994
RSA-3072,keygen,607,203.002029
RSA-3072,keygen,608,42.528968
RSA-3072,keygen,609,47.147569
RSA-3072,keygen,610,119.799708
RSA-3072,keygen,611,86.275203
RSA-3072,keygen,612,192.206109
RSA-3072,keygen,613,199.794272
RSA-3072,keygen,614,171.836754
RSA-3072,keygen,615,251.886287
RSA-3072,keygen,616,80.532307
RSA-3072,keygen,617,98.415805
RSA-3072,keygen,618,74.470026
RSA-3072,keygen,619,64.983348
RSA-3072,keygen,620,54.916159
RSA-3072,keygen,621,30.667673
RSA-3072,keygen,622,42.702297
RSA-3072,keygen,623,193.258307
RSA-3072,keygen,624,112.908367
RSA-3072,keygen,625,47.407266
RSA-3072,keygen,626,61.641532
RSA-3072,keygen,627,86.086445
RSA-3072,keygen,628,204.018368
RSA-3072,keygen,629,245.310614
RSA-3072,keygen,630,48.774428
RSA-3072,keygen,631,66.841855
RSA-3072,keygen,632,99.523191
RSA-3072,keygen,633,38.105987
RSA-3072,keygen,634,26.663445
RSA-3072,keygen,635,79.396402
RSA-3072,keygen,636,69.472341
RSA-3072,keygen,637,133.479382
RSA-3072,keygen,638,50.652424
RSA-3072,keygen,639,46.208522
RSA-3072,keygen,640,255.555712
RSA-3072,keygen,641,83.873064
RSA-3072,keygen,642,48.796739
RSA-3072,keygen,643,59.503369
RSA-3072,keygen,644,128.871862
RSA-3072,keygen,645,142.146650
RSA-3072,keygen,646,68.916688
RSA-3072,keygen,647,48.253366
RSA-3072,keygen,648,124.050175
RSA-3072,keygen,649,40.655373
RSA-3072,keygen,650,184.318366
RSA-3072,keygen,651,70.284741
RSA-3072,keygen,652,94.816443
RSA-3072,keygen,653,19.696115
RSA-3072,keygen,654,22.262742
RSA-3072,keygen,655,125.180590
RSA-3072,keygen,656,95.569273
RSA-3072,keygen,657,61.624763
RSA-3072,keygen,658,60.773353
RSA-3072,keygen,659,101.226681
RSA-3072,keygen,660,155.224222
RSA-3072,keygen,661,75.132458
RSA-3072,keygen,662,47.632404
RSA-3072,keygen,663,183.658854
RSA-3072,keygen,664,296.692702
RSA-3072,keygen,665,167.470194
RSA-3072,keygen,666,288.925333
RSA-3072,keygen,667,150.276056
RSA-3072,keygen,668,133.228317
RSA-3072,keygen,669,96.941807
RSA-3072,keygen,670,168.741967
RSA-3072,keygen,671,72.281006
RSA-3072,keygen,672,29.532978
RSA-3072,keygen,673,143.685722
RSA-3072,keygen,674,128.190472
RSA-3072,keygen,675,67.407248
RSA-3072,keygen,676,97.071126
RSA-3072,keygen,677,70.595257
RSA-3072,keygen,678,92.117240
RSA-3072,keygen,679,22.950353
RSA-3072,keygen,680,111.450659
RSA-3072,keygen,681,43.505038
RSA-3072,keygen,682,89.204476
RSA-3072,keygen,683,64.828352
RSA-3072,keygen,684,104.696617
RSA-3072,keygen,685,114.015547
RSA-3072,keygen,686,34.228927
RSA-3072,keygen,687,86.415953
RSA-3072,keygen,688,281.631020
RSA-3072,keygen,689,135.853304
RSA-3072,keygen,690,50.447358
RSA-3072,keygen,691,115.598406
RSA-3072,keygen,692,131.335102
RSA-3072,keygen,693,312.921417
RSA-3072,keygen,694,125.938802
RSA-3072,keygen,695,71.851022
RSA-3072,keygen,696,213.836227
RSA-3072,keygen,697,152.682917
RSA-3072,keygen,698,172.118726
RSA-3072,keygen,699,105.478868
RSA-3072,keygen,700,313.604868
RSA-3072,keygen,701,72.774800
RSA-3072,keygen,702,44.834941
RSA-3072,keygen,703,41.569863
RSA-3072,keygen,704,53.886024
RSA-3072,keygen,705,37.773612
RSA-3072,keygen,706,138.359333
RSA-3072,keygen,707,64.478767
RSA-3072,keygen,708,99.643193
RSA-3072,keygen,709,59.136186
RSA-3072,keygen,710,56.979144
RSA-3072,keygen,711,43.553678
RSA-3072,keygen,712,47.416747
RSA-3072,keygen,713,45.304195
RSA-3072,keygen,714,69.100687
RSA-3072,keygen,715,142.517220
RSA-3072,keygen,716,58.622173
RSA-3072,keygen,717,200.629299
RSA-3072,keygen,718,163.928483
RSA-3072,keygen,719,182.567573
RSA-3072,keygen,720,104.898185
RSA-3072,keygen,721,103.478294
RSA-3072,keygen,722,160.765715
RSA-3072,keygen,723,67.574838
RSA-3072,keygen,724,165.727300
RSA-3072,keygen,725,110.161778
RSA-3072,keygen,726,66.303134
RSA-3072,keygen,727,81.344260
RSA-3072,keygen,728,246.014834
RSA-3072,keygen,729,125.206794
RSA-3072,keygen,730,82.966099
RSA-3072,keygen,731,61.985140
RSA-3072,keygen,732,113.105971
RSA-3072,keygen,733,161.732573
RSA-3072,keygen,734,123.254399
RSA-3072,keygen,735,33.028534
RSA-3072,keygen,736,143.214942
RSA-3072,keygen,737,195.789653
RSA-3072,keygen,738,66.022458
RSA-3072,keygen,739,63.707428
RSA-3072,keygen,740,108.776507
RSA-3072,keygen,741,129.314131
RSA-3072,keygen,742,354.070003
RSA-3072,keygen,743,146.311463
RSA-3072,keygen,744,32.239304
RSA-3072,keygen,745,79.869410
RSA-3072,keygen,746,141.111680
RSA-3072,keygen,747,47.454228
RSA-3072,keygen,748,78.182382
RSA-3072,keygen,749,44.284429
RSA-3072,keygen,750,68.231759
RSA-3072,keygen,751,53.796007
RSA-3072,keygen,752,229.789006
RSA-3072,keygen,753,35.130557
RSA-3072,keygen,754,117.794641
RSA-3072,keygen,755,111.536261
RSA-3072,keygen,756,140.131582
RSA-3072,keygen,757,121.558973
RSA-3072,keygen,758,56.755268
RSA-3072,keygen,759,106.375608
RSA-3072,keygen,760,49.519522
RSA-3072,keygen,761,138.776671
RSA-3072,keygen,762,163.080857
RSA-3072,keygen,763,75.672924
RSA-3072,keygen,764,109.583617
RSA-3072,keygen,765,42.041428
RSA-3072,keygen,766,125.610940
RSA-3072,keygen,767,22.318642
RSA-3072,keygen,768,137.576317
RSA-3072,keygen,769,149.211617
RSA-3072,keygen,770,116.368160
RSA-3072,keygen,771,24.069459
RSA-3072,keygen,772,219.225575
RSA-3072,keygen,773,236.460352
RSA-3072,keygen,774,321.993691
RSA-3072,keygen,775,222.525462
RSA-3072,keygen,776,123.218322
RSA-3072,keygen,777,123.559078
RSA-3072,keygen,778,164.346882
RSA-3072,keygen,779,61.947672
RSA-3072,keygen,780,129.645909
RSA-3072,keygen,781,101.532002
RSA-3072,keygen,782,207.677085
RSA-3072,keygen,783,71.517028
RSA-3072,keygen,784,53.420592
RSA-3072,keygen,785,49.256146
RSA-3072,keygen,786,84.690599
RSA-3072,keygen,787,138.785092
RSA-3072,keygen,788,239.701962
RSA-3072,keygen,789,146.505863
RSA-3072,keygen,790,123.373971
RSA-3072,keygen,791,55.300378
RSA-3072,keygen,792,40.865893
RSA-3072,keygen,793,33.503329
RSA-3072,keygen,794,137.117174
RSA-3072,keygen,795,108.540452
RSA-3072,keygen,796,18.715839
RSA-3072,keygen,797,174.080578
RSA-3072,keygen,798,131.319129
RSA-3072,keygen,799,61.226781
RSA-3072,keygen,800,67.921326
RSA-3072,keygen,801,41.556375
RSA-3072,keygen,802,98.560951
RSA-3072,keygen,803,188.463663
RSA-3072,keygen,804,62.762442
RSA-3072,keygen,805,16.185822
RSA-3072,keygen,806,146.921798
RSA-3072,keygen,807,80.728871
RSA-3072,keygen,808,175.404812
RSA-3072,keygen,809,139.873379
RSA-3072,keygen,810,219.026441
RSA-3072,keygen,811,95.278124
RSA-3072,keygen,812,225.877352
RSA-3072,keygen,813,110.109493
RSA-3072,keygen,814,43.581279
RSA-3072,keygen,815,60.743039
RSA-3072,keygen,816,92.302311
RSA-3072,keygen,817,66.301177
RSA-3072,keygen,818,144.094146
RSA-3072,keygen,819,129.235897
RSA-3072,keygen,820,158.129805
RSA-3072,keygen,821,50.547289
RSA-3072,keygen,822,145.652686
RSA-3072,keygen,823,103.624047
RSA-3072,keygen,824,412.009259
RSA-3072,keygen,825,27.029412
RSA-3072,keygen,826,44.950902
RSA-3072,keygen,827,95.477992
RSA-3072,keygen,828,104.176229
RSA-3072,keygen,829,54.088085
RSA-3072,keygen,830,89.818844
RSA-3072,keygen,831,125.660153
RSA-3072,keygen,832,68.567538
RSA-3072,keygen,833,85.091105
RSA-3072,keygen,834,66.596444
RSA-3072,keygen,835,166.921682
RSA-3072,keygen,836,145.901704
RSA-3072,keygen,837,142.736324
RSA-3072,keygen,838,112.344205
RSA-3072,keygen,839,160.942860
RSA-3072,keygen,840,182.873008
RSA-3072,keygen,841,211.549390
RSA-3072,keygen,842,167.380558
RSA-3072,keygen,843,84.516584
RSA-3072,keygen,844,64.105925
RSA-3072,keygen,845,114.283151
RSA-3072,keygen,846,170.678055
RSA-3072,keygen,847,67.563222
RSA-3072,keygen,848,62.518406
RSA-3072,keygen,849,69.374649
RSA-3072,keygen,850,77.293506
RSA-3072,keygen,851,118.236070
RSA-3072,keygen,852,52.206808
RSA-3072,keygen,853,182.222238
RSA-3072,keygen,854,70.312306
RSA-3072,keygen,855,23.413999
RSA-3072,keygen,856,15.319263
RSA-3072,keygen,857,73.238639
RSA-3072,keygen,858,143.521855
RSA-3072,keygen,859,119.905079
RSA-3072,keygen,860,145.842555
RSA-3072,keygen,861,80.212079
RSA-3072,keygen,862,87.424436
RSA-3072,keygen,863,78.814487
RSA-3072,keygen,864,97.888162
RSA-3072,keygen,865,98.217938
RSA-3072,keygen,866,89.538780
RSA-3072,keygen,867,112.677662
RSA-3072,keygen,868,40.728176
RSA-3072,keygen,869,104.795344
RSA-3072,keygen,870,82.982283
RSA-3072,keygen,871,78.828207
RSA-3072,keygen,872,217.185709
RSA-3072,keygen,873,128.705327
RSA-3072,keygen,874,257.491882
RSA-3072,keygen,875,116.164408
RSA-3072,keygen,876,52.651144
RSA-3072,keygen,877,88.375305
RSA-3072,keygen,878,49.098589
RSA-3072,keygen,879,109.641801
RSA-3072,keygen,880,55.333499
RSA-3072,keygen,881,88.535903
RSA-3072,keygen,882,20.222140
RSA-3072,keygen,883,117.236954
RSA-3072,keygen,884,89.435522
RSA-3072,keygen,885,42.056080
RSA-3072,keygen,886,139.884633
RSA-3072,keygen,887,193.235628
RSA-3072,keygen,888,23.986152
RSA-3072,keygen,889,56.674303
RSA-3072,keygen,890,302.914279
RSA-3072,keygen,891,207.246799
RSA-3072,keygen,892,151.013381
RSA-3072,keygen,893,80.935622
RSA-3072,keygen,894,42.050279
RSA-3072,keygen,895,292.735822
RSA-3072,keygen,896,122.296610
RSA-3072,keygen,897,63.507804
RSA-3072,keygen,898,27.215071
RSA-3072,keygen,899,132.158193
RSA-3072,keygen,900,141.420355
RSA-3072,keygen,901,63.416906
RSA-3072,keygen,902,66.137872
RSA-3072,keygen,903,71.212825
RSA-3072,keygen,904,61.485131
RSA-3072,keygen,905,18.066358
RSA-3072,keygen,906,63.642723
RSA-3072,keygen,907,24.159050
RSA-3072,keygen,908,97.685216
RSA-3072,keygen,909,54.720897
RSA-3072,keygen,910,141.398666
RSA-3072,keygen,911,64.140386
RSA-3072,keygen,912,113.989487
RSA-3072,keygen,913,85.469893
RSA-3072,keygen,914,79.868595
RSA-3072,keygen,915,71.596081
RSA-3072,keygen,916,219.457554
RSA-3072,keygen,917,62.535068
RSA-3072,keygen,918,47.602299
RSA-3072,keygen,919,24.155680
RSA-3072,keygen,920,170.620451
RSA-3072,keygen,921,191.220296
RSA-3072,keygen,922,139.425241
RSA-3072,keygen,923,16.205853
RSA-3072,keygen,924,84.511296
RSA-3072,keygen,925,159.687792
RSA-3072,keygen,926,213.913136
RSA-3072,keygen,927,171.698318
RSA-3072,keygen,928,145.055760
RSA-3072,keygen,929,31.388217
RSA-3072,keygen,930,69.402659
RSA-3072,keygen,931,41.939013
RSA-3072,keygen,932,70.933310
RSA-3072,keygen,933,128.055687
RSA-3072,keygen,934,162.284209
RSA-3072,keygen,935,52.724464
RSA-3072,keygen,936,47.649049
RSA-3072,keygen,937,28.645773
RSA-3072,keygen,938,30.252722
RSA-3072,keygen,939,141.474996
RSA-3072,keygen,940,201.675514
RSA-3072,keygen,941,97.318512
RSA-3072,keygen,942,220.545172
RSA-3072,keygen,943,157.426771
RSA-3072,keygen,944,86.396662
RSA-3072,keygen,945,140.301361
RSA-3072,keygen,946,184.116800
RSA-3072,keygen,947,125.895046
RSA-3072,keygen,948,138.197998
RSA-3072,keygen,949,65.866496
RSA-3072,keygen,950,23.233052
RSA-3072,keygen,951,317.128465
RSA-3072,keygen,952,48.242322
RSA-3072,keygen,953,81.907290
RSA-3072,keygen,954,71.632582
RSA-3072,keygen,955,126.173823
RSA-3072,keygen,956,70.797572
RSA-3072,keygen,957,22.141476
RSA-3072,keygen,958,107.454653
RSA-3072,keygen,959,50.714900
RSA-3072,keygen,960,60.278977
RSA-3072,keygen,961,71.531464
RSA-3072,keygen,962,51.141694
RSA-3072,keygen,963,45.322589
RSA-3072,keygen,964,53.137299
RSA-3072,keygen,965,52.029443
RSA-3072,keygen,966,144.617387
RSA-3072,keygen,967,120.632414
RSA-3072,keygen,968,25.990827
RSA-3072,keygen,969,52.998561
RSA-3072,keygen,970,66.757344
RSA-3072,keygen,971,79.322014
RSA-3072,keygen,972,127.308608
RSA-3072,keygen,973,102.709464
RSA-3072,keygen,974,138.646174
RSA-3072,keygen,975,72.298524
RSA-3072,keygen,976,70.249779
RSA-3072,keygen,977,259.639634
RSA-3072,keygen,978,80.804645
RSA-3072,keygen,979,177.269338
RSA-3072,keygen,980,176.068435
RSA-3072,keygen,981,123.353210
RSA-3072,keygen,982,139.013909
RSA-3072,keygen,983,143.725199
RSA-3072,keygen,984,67.610914
RSA-3072,keygen,985,250.809178
RSA-3072,keygen,986,53.695122
RSA-3072,keygen,987,238.313748
RSA-3072,keygen,988,171.195108
RSA-3072,keygen,989,42.700293
RSA-3072,keygen,990,142.535745
RSA-3072,keygen,991,65.868586
RSA-3072,keygen,992,32.308146
RSA-3072,keygen,993,229.390203
RSA-3072,keygen,994,21.135860
RSA-3072,keygen,995,135.654492
RSA-3072,keygen,996,199.076552
RSA-3072,keygen,997,66.035244
RSA-3072,keygen,998,46.739402
RSA-3072,keygen,999,15.210235
RSA-3072,sign,0,0.494164
RSA-3072,sign,1,0.500543
RSA-3072,sign,2,0.493874
RSA-3072,sign,3,0.506753
RSA-3072,sign,4,0.492324
RSA-3072,sign,5,0.495333
RSA-3072,sign,6,0.499934
RSA-3072,sign,7,0.517853
RSA-3072,sign,8,0.604353
RSA-3072,sign,9,0.609772
RSA-3072,sign,10,0.613052
RSA-3072,sign,11,0.520304
RSA-3072,sign,12,0.853459
RSA-3072,sign,13,0.498763
RSA-3072,sign,14,0.495124
RSA-3072,sign,15,0.492533
RSA-3072,sign,16,0.486184
RSA-3072,sign,17,0.490444
RSA-3072,sign,18,0.499283
RSA-3072,sign,19,0.506234
RSA-3072,sign,20,0.498343
RSA-3072,sign,21,0.499524
RSA-3072,sign,22,0.496714
RSA-3072,sign,23,0.507273
RSA-3072,sign,24,0.505134
RSA-3072,sign,25,0.511153
RSA-3072,sign,26,0.513014
RSA-3072,sign,27,0.504373
RSA-3072,sign,28,0.495704
RSA-3072,sign,29,0.498883
RSA-3072,sign,30,0.497334
RSA-3072,sign,31,0.503884
RSA-3072,sign,32,0.498214
RSA-3072,sign,33,0.504574
RSA-3072,sign,34,0.502783
RSA-3072,sign,35,0.506604
RSA-3072,sign,36,0.496074
RSA-3072,sign,37,0.512393
RSA-3072,sign,38,0.620602
RSA-3072,sign,39,0.504283
RSA-3072,sign,40,0.516654
RSA-3072,sign,41,0.500473
RSA-3072,sign,42,0.506744
RSA-3072,sign,43,0.497773
RSA-3072,sign,44,0.861169
RSA-3072,sign,45,0.504714
RSA-3072,sign,46,0.507013
RSA-3072,sign,47,0.494134
RSA-3072,sign,48,0.505444
RSA-3072,sign,49,0.500063
RSA-3072,sign,50,0.501894
RSA-3072,sign,51,0.496963
RSA-3072,sign,52,0.505074
RSA-3072,sign,53,0.496104
RSA-3072,sign,54,0.500613
RSA-3072,sign,55,0.503754
RSA-3072,sign,56,0.508543
RSA-3072,sign,57,0.512503
RSA-3072,sign,58,0.500484
RSA-3072,sign,59,0.498174
RSA-3072,sign,60,0.498774
RSA-3072,sign,61,0.497533
RSA-3072,sign,62,0.502004
RSA-3072,sign,63,0.497863
RSA-3072,sign,64,0.503534
RSA-3072,sign,65,0.501443
RSA-3072,sign,66,0.499514
RSA-3072,sign,67,0.497773
RSA-3072,sign,68,0.512824
RSA-3072,sign,69,0.504293
RSA-3072,sign,70,0.497324
RSA-3072,sign,71,0.504274
RSA-3072,sign,72,0.499473
RSA-3072,sign,73,0.503104
RSA-3072,sign,74,0.497864
RSA-3072,sign,75,0.503094
RSA-3072,sign,76,0.856919
RSA-3072,sign,77,0.503123
RSA-3072,sign,78,0.499274
RSA-3072,sign,79,0.501534
RSA-3072,sign,80,0.496673
RSA-3072,sign,81,0.503554
RSA-3072,sign,82,0.496124
RSA-3072,sign,83,0.513483
RSA-3072,sign,84,0.503634
RSA-3072,sign,85,0.500233
RSA-3072,sign,86,0.496214
RSA-3072,sign,87,0.509573
RSA-3072,sign,88,0.501464
RSA-3072,sign,89,0.509183
RSA-3072,sign,90,0.501124
RSA-3072,sign,91,0.507553
RSA-3072,sign,92,0.500764
RSA-3072,sign,93,0.500893
RSA-3072,sign,94,0.498844
RSA-3072,sign,95,0.502974
RSA-3072,sign,96,0.500293
RSA-3072,sign,97,0.502324
RSA-3072,sign,98,0.499993
RSA-3072,sign,99,0.503864
RSA-3072,sign,100,0.524943
RSA-3072,sign,101,0.505924
RSA-3072,sign,102,0.496793
RSA-3072,sign,103,0.504684
RSA-3072,sign,104,0.498033
RSA-3072,sign,105,0.533783
RSA-3072,sign,106,0.512024
RSA-3072,sign,107,0.496684
RSA-3072,sign,108,0.860359
RSA-3072,sign,109,0.495713
RSA-3072,sign,110,0.496414
RSA-3072,sign,111,0.492224
RSA-3072,sign,112,0.491963
RSA-3072,sign,113,0.509984
RSA-3072,sign,114,0.494233
RSA-3072,sign,115,0.497894
RSA-3072,sign,116,0.502483
RSA-3072,sign,117,0.497484
RSA-3072,sign,118,0.500834
RSA-3072,sign,119,0.498474
RSA-3072,sign,120,0.498683
RSA-3072,sign,121,0.502394
RSA-3072,sign,122,0.498823
RSA-3072,sign,123,0.499034
RSA-3072,sign,124,0.499233
RSA-3072,sign,125,0.499704
RSA-3072,sign,126,0.505503
RSA-3072,sign,127,0.498254
RSA-3072,sign,128,0.504473
RSA-3072,sign,129,0.497694
RSA-3072,sign,130,0.504484
RSA-3072,sign,131,0.496424
RSA-3072,sign,132,0.498373
RSA-3072,sign,133,0.497074
RSA-3072,sign,134,0.504233
RSA-3072,sign,135,0.498694
RSA-3072,sign,136,0.504653
RSA-3072,sign,137,0.498604
RSA-3072,sign,138,0.503683
RSA-3072,sign,139,0.496284
RSA-3072,sign,140,0.856279
RSA-3072,sign,141,0.504374
RSA-3072,sign,142,0.498233
RSA-3072,sign,143,0.495314
RSA-3072,sign,144,0.496964
RSA-3072,sign,145,0.503663
RSA-3072,sign,146,0.495924
RSA-3072,sign,147,0.508093
RSA-3072,sign,148,0.498174
RSA-3072,sign,149,0.507623
RSA-3072,sign,150,0.496074
RSA-3072,sign,151,0.507363
RSA-3072,sign,152,0.495984
RSA-3072,sign,153,0.504854
RSA-3072,sign,154,0.506043
RSA-3072,sign,155,0.528004
RSA-3072,sign,156,0.506553
RSA-3072,sign,157,0.502784
RSA-3072,sign,158,0.496483
RSA-3072,sign,159,0.499734
RSA-3072,sign,160,0.497673
RSA-3072,sign,161,0.505724
RSA-3072,sign,162,0.495353
RSA-3072,sign,163,0.504014
RSA-3072,sign,164,0.497023
RSA-3072,sign,165,0.503814
RSA-3072,sign,166,0.497124
RSA-3072,sign,167,0.499503
RSA-3072,sign,168,0.502764
RSA-3072,sign,169,0.504774
RSA-3072,sign,170,0.506783
RSA-3072,sign,171,0.503244
RSA-3072,sign,172,0.854349
RSA-3072,sign,173,0.498453
RSA-3072,sign,174,0.490094
RSA-3072,sign,175,0.492833
RSA-3072,sign,176,0.499564
RSA-3072,sign,177,0.497664
RSA-3072,sign,178,0.499593
RSA-3072,sign,179,0.500894
RSA-3072,sign,180,0.500164
RSA-3072,sign,181,0.495933
RSA-3072,sign,182,0.500404
RSA-3072,sign,183,0.497193
RSA-3072,sign,184,0.498604
RSA-3072,sign,185,0.496424
RSA-3072,sign,186,0.504993
RSA-3072,sign,187,0.495944
RSA-3072,sign,188,0.517993
RSA-3072,sign,189,0.522223
RSA-3072,sign,190,0.503624
RSA-3072,sign,191,0.495914
RSA-3072,sign,192,0.501773
RSA-3072,sign,193,0.516174
RSA-3072,sign,194,0.507293
RSA-3072,sign,195,0.497224
RSA-3072,sign,196,0.501603
RSA-3072,sign,197,0.497734
RSA-3072,sign,198,0.498573
RSA-3072,sign,199,0.496724
RSA-3072,sign,200,0.503084
RSA-3072,sign,201,0.503033
RSA-3072,sign,202,0.504174
RSA-3072,sign,203,0.497074
RSA-3072,sign,204,0.849690
RSA-3072,sign,205,0.502663
RSA-3072,sign,206,0.499904
RSA-3072,sign,207,0.494823
RSA-3072,sign,208,0.498804
RSA-3072,sign,209,0.512753
RSA-3072,sign,210,0.501684
RSA-3072,sign,211,0.510513
RSA-3072,sign,212,0.496784
RSA-3072,sign,213,0.500043
RSA-3072,sign,214,0.497604
RSA-3072,sign,215,0.502534
RSA-3072,sign,216,0.498304
RSA-3072,sign,217,0.521343
RSA-3072,sign,218,0.502523
RSA-3072,sign,219,0.498204
RSA-3072,sign,220,0.498073
RSA-3072,sign,221,0.499754
RSA-3072,sign,222,0.497364
RSA-3072,sign,223,0.509263
RSA-3072,sign,224,0.510733
RSA-3072,sign,225,0.501714
RSA-3072,sign,226,0.495814
RSA-3072,sign,227,0.499273
RSA-3072,sign,228,0.497114
RSA-3072,sign,229,0.507324
RSA-3072,sign,230,0.514483
RSA-3072,sign,231,0.504714
RSA-3072,sign,232,0.497013
RSA-3072,sign,233,0.501824
RSA-3072,sign,234,0.521103
RSA-3072,sign,235,0.500813
RSA-3072,sign,236,0.857609
RSA-3072,sign,237,0.500894
RSA-3072,sign,238,0.491074
RSA-3072,sign,239,0.491484
RSA-3072,sign,240,0.495313
RSA-3072,sign,241,0.488194
RSA-3072,sign,242,0.494734
RSA-3072,sign,243,0.490123
RSA-3072,sign,244,0.512814
RSA-3072,sign,245,0.498883
RSA-3072,sign,246,0.501844
RSA-3072,sign,247,0.502163
RSA-3072,sign,248,0.499674
RSA-3072,sign,249,0.497644
RSA-3072,sign,250,0.502663
RSA-3072,sign,251,0.496294
RSA-3072,sign,252,0.498994
RSA-3072,sign,253,0.507643
RSA-3072,sign,254,0.499704
RSA-3072,sign,255,0.500143
RSA-3072,sign,256,0.498774
RSA-3072,sign,257,0.506413
RSA-3072,sign,258,0.501084
RSA-3072,sign,259,0.496573
RSA-3072,sign,260,0.499814
RSA-3072,sign,261,0.500303
RSA-3072,sign,262,0.499334
RSA-3072,sign,263,0.497864
RSA-3072,sign,264,0.505144
RSA-3072,sign,265,0.496483
RSA-3072,sign,266,0.509294
RSA-3072,sign,267,0.500163
RSA-3072,sign,268,0.870489
RSA-3072,sign,269,0.501723
RSA-3072,sign,270,0.507874
RSA-3072,sign,271,0.498303
RSA-3072,sign,272,0.501954
RSA-3072,sign,273,0.499714
RSA-3072,sign,274,0.503203
RSA-3072,sign,275,0.495944
RSA-3072,sign,276,0.503684
RSA-3072,sign,277,0.497543
RSA-3072,sign,278,0.498774
RSA-3072,sign,279,0.501013
RSA-3072,sign,280,0.499294
RSA-3072,sign,281,0.497004
RSA-3072,sign,282,0.499254
RSA-3072,sign,283,0.496024
RSA-3072,sign,284,0.503333
RSA-3072,sign,285,0.498944
RSA-3072,sign,286,0.503503
RSA-3072,sign,287,0.497234
RSA-3072,sign,288,0.500104
RSA-3072,sign,289,0.498773
RSA-3072,sign,290,0.498984
RSA-3072,sign,291,0.500304
RSA-3072,sign,292,0.498353
RSA-3072,sign,293,0.500744
RSA-3072,sign,294,0.502863
RSA-3072,sign,295,0.498574
RSA-3072,sign,296,0.498723
RSA-3072,sign,297,0.508464
RSA-3072,sign,298,0.495823
RSA-3072,sign,299,0.499694
RSA-3072,sign,300,0.848769
RSA-3072,sign,301,0.503294
RSA-3072,sign,302,0.496164
RSA-3072,sign,303,0.491913
RSA-3072,sign,304,0.498044
RSA-3072,sign,305,0.502863
RSA-3072,sign,306,0.496014
RSA-3072,sign,307,0.499183
RSA-3072,sign,308,0.498944
RSA-3072,sign,309,0.504594
RSA-3072,sign,310,0.499644
RSA-3072,sign,311,0.499804
RSA-3072,sign,312,0.495884
RSA-3072,sign,313,0.499773
RSA-3072,sign,314,0.496364
RSA-3072,sign,315,0.507243
RSA-3072,sign,316,0.506964
RSA-3072,sign,317,0.502723
RSA-3072,sign,318,0.495904
RSA-3072,sign,319,0.499163
RSA-3072,sign,320,0.498064
RSA-3072,sign,321,0.502554
RSA-3072,sign,322,0.504013
RSA-3072,sign,323,0.502464
RSA-3072,sign,324,0.497424
RSA-3072,sign,325,0.502813
RSA-3072,sign,326,0.496004
RSA-3072,sign,327,0.503983
RSA-3072,sign,328,0.495484
RSA-3072,sign,329,0.501783
RSA-3072,sign,330,0.496124
RSA-3072,sign,331,0.498834
RSA-3072,sign,332,0.854739
RSA-3072,sign,333,0.499673
RSA-3072,sign,334,0.497384
RSA-3072,sign,335,0.499794
RSA-3072,sign,336,0.502213
RSA-3072,sign,337,0.499494
RSA-3072,sign,338,0.499303
RSA-3072,sign,339,0.495774
RSA-3072,sign,340,0.500413
RSA-3072,sign,341,0.497164
RSA-3072,sign,342,0.505554
RSA-3072,sign,343,0.497013
RSA-3072,sign,344,0.527443
RSA-3072,sign,345,0.496824
RSA-3072,sign,346,0.502834
RSA-3072,sign,347,0.499493
RSA-3072,sign,348,0.501134
RSA-3072,sign,349,0.502534
RSA-3072,sign,350,0.501053
RSA-3072,sign,351,0.498474
RSA-3072,sign,352,0.501033
RSA-3072,sign,353,0.503424
RSA-3072,sign,354,0.499493
RSA-3072,sign,355,0.495874
RSA-3072,sign,356,0.504703
RSA-3072,sign,357,0.495934
RSA-3072,sign,358,0.501694
RSA-3072,sign,359,0.515283
RSA-3072,sign,360,0.510454
RSA-3072,sign,361,0.505063
RSA-3072,sign,362,0.500864
RSA-3072,sign,363,0.504113
RSA-3072,sign,364,0.861729
RSA-3072,sign,365,0.502744
RSA-3072,sign,366,0.528293
RSA-3072,sign,367,0.492533
RSA-3072,sign,368,0.494564
RSA-3072,sign,369,0.498924
RSA-3072,sign,370,0.495853
RSA-3072,sign,371,0.500364
RSA-3072,sign,372,0.496244
RSA-3072,sign,373,0.498783
RSA-3072,sign,374,0.499374
RSA-3072,sign,375,0.501123
RSA-3072,sign,376,0.496814
RSA-3072,sign,377,0.506234
RSA-3072,sign,378,0.495583
RSA-3072,sign,379,0.500604
RSA-3072,sign,380,0.501703
RSA-3072,sign,381,0.504064
RSA-3072,sign,382,0.499093
RSA-3072,sign,383,0.505244
RSA-3072,sign,384,0.496554
RSA-3072,sign,385,0.506353
RSA-3072,sign,386,0.496464
RSA-3072,sign,387,0.505763
RSA-3072,sign,388,0.496454
RSA-3072,sign,389,0.504163
RSA-3072,sign,390,0.497114
RSA-3072,sign,391,0.505864
RSA-3072,sign,392,0.499143
RSA-3072,sign,393,0.503794
RSA-3072,sign,394,0.529953
RSA-3072,sign,395,0.612292
RSA-3072,sign,396,1.051487
RSA-3072,sign,397,0.531613
RSA-3072,sign,398,0.503333
RSA-3072,sign,399,0.496204
RSA-3072,sign,400,0.501614
RSA-3072,sign,401,0.502233
RSA-3072,sign,402,0.508804
RSA-3072,sign,403,0.496823
RSA-3072,sign,404,0.500184
RSA-3072,sign,405,0.504323
RSA-3072,sign,406,0.503954
RSA-3072,sign,407,0.500024
RSA-3072,sign,408,0.506473
RSA-3072,sign,409,0.497234
RSA-3072,sign,410,0.515973
RSA-3072,sign,411,0.522373
RSA-3072,sign,412,0.509454
RSA-3072,sign,413,0.504923
RSA-3072,sign,414,0.496624
RSA-3072,sign,415,0.511573
RSA-3072,sign,416,0.496284
RSA-3072,sign,417,0.503503
RSA-3072,sign,418,0.498714
RSA-3072,sign,419,0.501594
RSA-3072,sign,420,0.495384
RSA-3072,sign,421,0.508733
RSA-3072,sign,422,0.497694
RSA-3072,sign,423,0.503553
RSA-3072,sign,424,0.504814
RSA-3072,sign,425,0.499943
RSA-3072,sign,426,0.503114
RSA-3072,sign,427,0.503983
RSA-3072,sign,428,0.852549
RSA-3072,sign,429,0.534553
RSA-3072,sign,430,0.501084
RSA-3072,sign,431,0.498374
RSA-3072,sign,432,0.496493
RSA-3072,sign,433,0.504284
RSA-3072,sign,434,0.496214
RSA-3072,sign,435,0.505553
RSA-3072,sign,436,0.497074
RSA-3072,sign,437,0.503763
RSA-3072,sign,438,0.496234
RSA-3072,sign,439,0.503893
RSA-3072,sign,440,0.496634
RSA-3072,sign,441,0.504613
RSA-3072,sign,442,0.497324
RSA-3072,sign,443,0.503464
RSA-3072,sign,444,0.496363
RSA-3072,sign,445,0.504414
RSA-3072,sign,446,0.497474
RSA-3072,sign,447,0.499513
RSA-3072,sign,448,0.500104
RSA-3072,sign,449,0.500443
RSA-3072,sign,450,0.501074
RSA-3072,sign,451,0.498053
RSA-3072,sign,452,0.498314
RSA-3072,sign,453,0.501003
RSA-3072,sign,454,0.498444
RSA-3072,sign,455,0.520363
RSA-3072,sign,456,0.498954
RSA-3072,sign,457,0.513134
RSA-3072,sign,458,0.498743
RSA-3072,sign,459,0.496674
RSA-3072,sign,460,0.857329
RSA-3072,sign,461,0.501363
RSA-3072,sign,462,0.499704
RSA-3072,sign,463,0.502773
RSA-3072,sign,464,0.499694
RSA-3072,sign,465,0.560143
RSA-3072,sign,466,0.606382
RSA-3072,sign,467,0.515044
RSA-3072,sign,468,0.514093
RSA-3072,sign,469,0.508363
RSA-3072,sign,470,0.497164
RSA-3072,sign,471,0.503694
RSA-3072,sign,472,0.497513
RSA-3072,sign,473,0.622382
RSA-3072,sign,474,0.614162
RSA-3072,sign,475,0.628452
RSA-3072,sign,476,0.523043
RSA-3072,sign,477,0.515364
RSA-3072,sign,478,0.501924
RSA-3072,sign,479,0.501583
RSA-3072,sign,480,0.500174
RSA-3072,sign,481,0.497443
RSA-3072,sign,482,0.500674
RSA-3072,sign,483,0.495944
RSA-3072,sign,484,0.497993
RSA-3072,sign,485,0.497864
RSA-3072,sign,486,0.505063
RSA-3072,sign,487,0.498864
RSA-3072,sign,488,0.502453
RSA-3072,sign,489,0.496204
RSA-3072,sign,490,0.500044
RSA-3072,sign,491,0.501623
RSA-3072,sign,492,0.850469
RSA-3072,sign,493,0.512194
RSA-3072,sign,494,0.493993
RSA-3072,sign,495,0.491684
RSA-3072,sign,496,0.495364
RSA-3072,sign,497,0.504243
RSA-3072,sign,498,0.499974
RSA-3072,sign,499,0.498123
RSA-3072,sign,500,0.499144
RSA-3072,sign,501,0.495574
RSA-3072,sign,502,0.500664
RSA-3072,sign,503,0.497233
RSA-3072,sign,504,0.500474
RSA-3072,sign,505,0.501263
RSA-3072,sign,506,0.499104
RSA-3072,sign,507,0.498963
RSA-3072,sign,508,0.505164
RSA-3072,sign,509,0.497093
RSA-3072,sign,510,0.499414
RSA-3072,sign,511,0.495414
RSA-3072,sign,512,0.501093
RSA-3072,sign,513,0.496394
RSA-3072,sign,514,0.506023
RSA-3072,sign,515,0.500054
RSA-3072,sign,516,0.499584
RSA-3072,sign,517,0.497373
RSA-3072,sign,518,0.499904
RSA-3072,sign,519,0.496604
RSA-3072,sign,520,0.499194
RSA-3072,sign,521,0.496734
RSA-3072,sign,522,0.499923
RSA-3072,sign,523,0.510724
RSA-3072,sign,524,0.862319
RSA-3072,sign,525,0.501424
RSA-3072,sign,526,0.501954
RSA-3072,sign,527,0.498554
RSA-3072,sign,528,0.495593
RSA-3072,sign,529,0.505154
RSA-3072,sign,530,0.495753
RSA-3072,sign,531,0.506014
RSA-3072,sign,532,0.496133
RSA-3072,sign,533,0.499034
RSA-3072,sign,534,0.496774
RSA-3072,sign,535,0.505213
RSA-3072,sign,536,0.495994
RSA-3072,sign,537,0.506433
RSA-3072,sign,538,0.497564
RSA-3072,sign,539,0.507294
RSA-3072,sign,540,0.504453
RSA-3072,sign,541,0.499824
RSA-3072,sign,542,0.496463
RSA-3072,sign,543,0.500414
RSA-3072,sign,544,0.496113
RSA-3072,sign,545,0.498694
RSA-3072,sign,546,0.496324
RSA-3072,sign,547,0.500223
RSA-3072,sign,548,0.496064
RSA-3072,sign,549,0.504283
RSA-3072,sign,550,0.519444
RSA-3072,sign,551,0.499424
RSA-3072,sign,552,0.544863
RSA-3072,sign,553,0.648562
RSA-3072,sign,554,0.622922
RSA-3072,sign,555,0.590282
RSA-3072,sign,556,0.861119
RSA-3072,sign,557,0.494244
RSA-3072,sign,558,0.490994
RSA-3072,sign,559,0.495903
RSA-3072,sign,560,0.490434
RSA-3072,sign,561,0.491564
RSA-3072,sign,562,0.494174
RSA-3072,sign,563,0.501773
RSA-3072,sign,564,0.495634
RSA-3072,sign,565,0.499393
RSA-3072,sign,566,0.497314
RSA-3072,sign,567,0.503143
RSA-3072,sign,568,0.496384
RSA-3072,sign,569,0.498934
RSA-3072,sign,570,0.496743
RSA-3072,sign,571,0.499234
RSA-3072,sign,572,0.509323
RSA-3072,sign,573,0.500584
RSA-3072,sign,574,0.509193
RSA-3072,sign,575,0.499474
RSA-3072,sign,576,0.497084
RSA-3072,sign,577,0.499913
RSA-3072,sign,578,0.506924
RSA-3072,sign,579,0.498793
RSA-3072,sign,580,0.496104
RSA-3072,sign,581,0.504214
RSA-3072,sign,582,0.516213
RSA-3072,sign,583,0.500753
RSA-3072,sign,584,0.496694
RSA-3072,sign,585,0.507963
RSA-3072,sign,586,0.496764
RSA-3072,sign,587,0.547313
RSA-3072,sign,588,0.947858
RSA-3072,sign,589,0.609912
RSA-3072,sign,590,0.493374
RSA-3072,sign,591,0.509213
RSA-3072,sign,592,0.507764
RSA-3072,sign,593,0.496483
RSA-3072,sign,594,0.503934
RSA-3072,sign,595,0.496344
RSA-3072,sign,596,0.499003
RSA-3072,sign,597,0.496304
RSA-3072,sign,598,0.506384
RSA-3072,sign,599,0.497413
RSA-3072,sign,600,0.501984
RSA-3072,sign,601,0.500303
RSA-3072,sign,602,0.505784
RSA-3072,sign,603,0.495773
RSA-3072,sign,604,0.499234
RSA-3072,sign,605,0.497084
RSA-3072,sign,606,0.500053
RSA-3072,sign,607,0.498284
RSA-3072,sign,608,0.501243
RSA-3072,sign,609,0.497134
RSA-3072,sign,610,0.499734
RSA-3072,sign,611,0.496953
RSA-3072,sign,612,0.504044
RSA-3072,sign,613,0.500743
RSA-3072,sign,614,0.503904
RSA-3072,sign,615,0.496184
RSA-3072,sign,616,0.504243
RSA-3072,sign,617,0.499514
RSA-3072,sign,618,0.501053
RSA-3072,sign,619,0.497094
RSA-3072,sign,620,0.861969
RSA-3072,sign,621,0.517823
RSA-3072,sign,622,0.500194
RSA-3072,sign,623,0.501764
RSA-3072,sign,624,0.493584
RSA-3072,sign,625,0.498814
RSA-3072,sign,626,0.496333
RSA-3072,sign,627,0.502454
RSA-3072,sign,628,0.495963
RSA-3072,sign,629,0.507834
RSA-3072,sign,630,0.501973
RSA-3072,sign,631,0.504574
RSA-3072,sign,632,0.496524
RSA-3072,sign,633,0.505603
RSA-3072,sign,634,0.495984
RSA-3072,sign,635,0.504144
RSA-3072,sign,636,0.502993
RSA-3072,sign,637,0.507924
RSA-3072,sign,638,0.517703
RSA-3072,sign,639,0.503023
RSA-3072,sign,640,0.495904
RSA-3072,sign,641,0.497774
RSA-3072,sign,642,0.501743
RSA-3072,sign,643,0.506044
RSA-3072,sign,644,0.498203
RSA-3072,sign,645,0.500084
RSA-3072,sign,646,0.498714
RSA-3072,sign,647,0.506443
RSA-3072,sign,648,0.496454
RSA-3072,sign,649,0.501193
RSA-3072,sign,650,0.496484
RSA-3072,sign,651,0.499223
RSA-3072,sign,652,0.848370
RSA-3072,sign,653,0.503273
RSA-3072,sign,654,0.495664
RSA-3072,sign,655,0.495503
RSA-3072,sign,656,0.520284
RSA-3072,sign,657,0.532333
RSA-3072,sign,658,0.513333
RSA-3072,sign,659,0.496964
RSA-3072,sign,660,0.505414
RSA-3072,sign,661,0.496543
RSA-3072,sign,662,0.500934
RSA-3072,sign,663,0.496583
RSA-3072,sign,664,0.505254
RSA-3072,sign,665,0.503383
RSA-3072,sign,666,0.506334
RSA-3072,sign,667,0.502183
RSA-3072,sign,668,0.502774
RSA-3072,sign,669,0.496754
RSA-3072,sign,670,0.500313
RSA-3072,sign,671,0.495844
RSA-3072,sign,672,0.502623
RSA-3072,sign,673,0.497334
RSA-3072,sign,674,0.554823
RSA-3072,sign,675,0.498473
RSA-3072,sign,676,0.506054
RSA-3072,sign,677,0.495504
RSA-3072,sign,678,0.505863
RSA-3072,sign,679,0.499804
RSA-3072,sign,680,0.500853
RSA-3072,sign,681,0.500394
RSA-3072,sign,682,0.505434
RSA-3072,sign,683,0.496473
RSA-3072,sign,684,0.864979
RSA-3072,sign,685,0.505274
RSA-3072,sign,686,0.496453
RSA-3072,sign,687,0.501024
RSA-3072,sign,688,0.496183
RSA-3072,sign,689,0.503204
RSA-3072,sign,690,0.496553
RSA-3072,sign,691,0.504924
RSA-3072,sign,692,0.496454
RSA-3072,sign,693,0.510043
RSA-3072,sign,694,0.498714
RSA-3072,sign,695,0.506253
RSA-3072,sign,696,0.495714
RSA-3072,sign,697,0.499374
RSA-3072,sign,698,0.497593
RSA-3072,sign,699,0.500514
RSA-3072,sign,700,0.502053
RSA-3072,sign,701,0.502014
RSA-3072,sign,702,0.500543
RSA-3072,sign,703,0.505324
RSA-3072,sign,704,0.501994
RSA-3072,sign,705,0.505123
RSA-3072,sign,706,0.497014
RSA-3072,sign,707,0.500023
RSA-3072,sign,708,0.495744
RSA-3072,sign,709,0.503904
RSA-3072,sign,710,0.499554
RSA-3072,sign,711,0.498724
RSA-3072,sign,712,0.497193
RSA-3072,sign,713,0.503594
RSA-3072,sign,714,0.496503
RSA-3072,sign,715,0.504334
RSA-3072,sign,716,0.861059
RSA-3072,sign,717,0.499893
RSA-3072,sign,718,0.506234
RSA-3072,sign,719,0.499714
RSA-3072,sign,720,0.497943
RSA-3072,sign,721,0.500194
RSA-3072,sign,722,0.497553
RSA-3072,sign,723,0.499744
RSA-3072,sign,724,0.527183
RSA-3072,sign,725,0.502374
RSA-3072,sign,726,0.498363
RSA-3072,sign,727,0.499584
RSA-3072,sign,728,0.498283
RSA-3072,sign,729,0.499964
RSA-3072,sign,730,0.513764
RSA-3072,sign,731,0.502783
RSA-3072,sign,732,0.502604
RSA-3072,sign,733,0.504883
RSA-3072,sign,734,0.502334
RSA-3072,sign,735,0.496373
RSA-3072,sign,736,0.503264
RSA-3072,sign,737,0.497444
RSA-3072,sign,738,0.511063
RSA-3072,sign,739,0.501723
RSA-3072,sign,740,0.522374
RSA-3072,sign,741,0.495844
RSA-3072,sign,742,0.498413
RSA-3072,sign,743,0.497214
RSA-3072,sign,744,0.507033
RSA-3072,sign,745,0.495784
RSA-3072,sign,746,0.498174
RSA-3072,sign,747,0.508213
RSA-3072,sign,748,0.864259
RSA-3072,sign,749,0.522913
RSA-3072,sign,750,0.502614
RSA-3072,sign,751,0.500863
RSA-3072,sign,752,0.506384
RSA-3072,sign,753,0.497684
RSA-3072,sign,754,0.507303
RSA-3072,sign,755,0.496754
RSA-3072,sign,756,0.504943
RSA-3072,sign,757,0.496334
RSA-3072,sign,758,0.499503
RSA-3072,sign,759,0.496054
RSA-3072,sign,760,0.500934
RSA-3072,sign,761,0.497683
RSA-3072,sign,762,0.501334
RSA-3072,sign,763,0.497043
RSA-3072,sign,764,0.499784
RSA-3072,sign,765,0.496294
RSA-3072,sign,766,0.509453
RSA-3072,sign,767,0.496334
RSA-3072,sign,768,0.499953
RSA-3072,sign,769,0.498254
RSA-3072,sign,770,0.499164
RSA-3072,sign,771,0.501573
RSA-3072,sign,772,0.501264
RSA-3072,sign,773,0.496053
RSA-3072,sign,774,0.503604
RSA-3072,sign,775,0.497613
RSA-3072,sign,776,0.503604
RSA-3072,sign,777,0.496224
RSA-3072,sign,778,0.503153
RSA-3072,sign,779,0.496694
RSA-3072,sign,780,0.859269
RSA-3072,sign,781,0.504953
RSA-3072,sign,782,0.497644
RSA-3072,sign,783,0.500834
RSA-3072,sign,784,0.501093
RSA-3072,sign,785,0.509934
RSA-3072,sign,786,0.497633
RSA-3072,sign,787,0.535433
RSA-3072,sign,788,0.496294
RSA-3072,sign,789,0.509123
RSA-3072,sign,790,0.495634
RSA-3072,sign,791,0.504624
RSA-3072,sign,792,0.515893
RSA-3072,sign,793,0.501584
RSA-3072,sign,794,0.498483
RSA-3072,sign,795,0.505304
RSA-3072,sign,796,0.496033
RSA-3072,sign,797,0.504604
RSA-3072,sign,798,0.501303
RSA-3072,sign,799,0.503144
RSA-3072,sign,800,0.501253
RSA-3072,sign,801,0.507434
RSA-3072,sign,802,0.496834
RSA-3072,sign,803,0.498914
RSA-3072,sign,804,0.496623
RSA-3072,sign,805,0.505614
RSA-3072,sign,806,0.511673
RSA-3072,sign,807,0.505193
RSA-3072,sign,808,0.496114
RSA-3072,sign,809,0.501754
RSA-3072,sign,810,0.495963
RSA-3072,sign,811,0.499934
RSA-3072,sign,812,0.855669
RSA-3072,sign,813,0.503134
RSA-3072,sign,814,0.495073
RSA-3072,sign,815,0.501014
RSA-3072,sign,816,0.510853
RSA-3072,sign,817,0.498134
RSA-3072,sign,818,0.502193
RSA-3072,sign,819,0.496434
RSA-3072,sign,820,0.500304
RSA-3072,sign,821,0.495974
RSA-3072,sign,822,0.499914
RSA-3072,sign,823,0.511673
RSA-3072,sign,824,0.522243
RSA-3072,sign,825,0.503614
RSA-3072,sign,826,0.499704
RSA-3072,sign,827,0.495793
RSA-3072,sign,828,0.499904
RSA-3072,sign,829,0.497594
RSA-3072,sign,830,0.499293
RSA-3072,sign,831,0.496584
RSA-3072,sign,832,0.500423
RSA-3072,sign,833,0.495484
RSA-3072,sign,834,0.498503
RSA-3072,sign,835,0.495964
RSA-3072,sign,836,0.499764
RSA-3072,sign,837,0.496864
RSA-3072,sign,838,0.499603
RSA-3072,sign,839,0.496444
RSA-3072,sign,840,0.499483
RSA-3072,sign,841,0.496634
RSA-3072,sign,842,0.505403
RSA-3072,sign,843,0.496264
RSA-3072,sign,844,0.857409
RSA-3072,sign,845,0.502364
RSA-3072,sign,846,0.509973
RSA-3072,sign,847,0.507583
RSA-3072,sign,848,0.500074
RSA-3072,sign,849,0.505544
RSA-3072,sign,850,0.515793
RSA-3072,sign,851,0.503104
RSA-3072,sign,852,0.497103
RSA-3072,sign,853,0.512214
RSA-3072,sign,854,0.496633
RSA-3072,sign,855,0.507354
RSA-3072,sign,856,0.499203
RSA-3072,sign,857,0.500734
RSA-3072,sign,858,0.508203
RSA-3072,sign,859,0.509794
RSA-3072,sign,860,0.512993
RSA-3072,sign,861,0.502054
RSA-3072,sign,862,0.496724
RSA-3072,sign,863,0.501263
RSA-3072,sign,864,0.505294
RSA-3072,sign,865,0.501603
RSA-3072,sign,866,0.496944
RSA-3072,sign,867,0.500423
RSA-3072,sign,868,0.501524
RSA-3072,sign,869,0.499614
RSA-3072,sign,870,0.496483
RSA-3072,sign,871,0.499734
RSA-3072,sign,872,0.496643
RSA-3072,sign,873,0.504274
RSA-3072,sign,874,0.497424
RSA-3072,sign,875,0.501483
RSA-3072,sign,876,0.861549
RSA-3072,sign,877,0.516354
RSA-3072,sign,878,0.510943
RSA-3072,sign,879,0.495514
RSA-3072,sign,880,0.504613
RSA-3072,sign,881,0.505164
RSA-3072,sign,882,0.504333
RSA-3072,sign,883,0.498184
RSA-3072,sign,884,0.508293
RSA-3072,sign,885,0.497644
RSA-3072,sign,886,0.504434
RSA-3072,sign,887,0.497173
RSA-3072,sign,888,0.518274
RSA-3072,sign,889,0.495893
RSA-3072,sign,890,0.506334
RSA-3072,sign,891,0.509423
RSA-3072,sign,892,0.501654
RSA-3072,sign,893,0.501413
RSA-3072,sign,894,0.502664
RSA-3072,sign,895,0.497073
RSA-3072,sign,896,0.499564
RSA-3072,sign,897,0.496914
RSA-3072,sign,898,0.500353
RSA-3072,sign,899,0.496524
RSA-3072,sign,900,0.500814
RSA-3072,sign,901,0.496643
RSA-3072,sign,902,0.502804
RSA-3072,sign,903,0.514853
RSA-3072,sign,904,0.499994
RSA-3072,sign,905,0.497323
RSA-3072,sign,906,0.500424
RSA-3072,sign,907,0.496573
RSA-3072,sign,908,0.867549
RSA-3072,sign,909,0.504504
RSA-3072,sign,910,0.495974
RSA-3072,sign,911,0.505113
RSA-3072,sign,912,0.511424
RSA-3072,sign,913,0.516763
RSA-3072,sign,914,0.519473
RSA-3072,sign,915,0.619962
RSA-3072,sign,916,0.619972
RSA-3072,sign,917,0.617662
RSA-3072,sign,918,0.509614
RSA-3072,sign,919,0.496323
RSA-3072,sign,920,0.500234
RSA-3072,sign,921,0.499684
RSA-3072,sign,922,0.513073
RSA-3072,sign,923,0.497164
RSA-3072,sign,924,0.514163
RSA-3072,sign,925,0.497964
RSA-3072,sign,926,0.502873
RSA-3072,sign,927,0.496014
RSA-3072,sign,928,0.500653
RSA-3072,sign,929,0.498504
RSA-3072,sign,930,0.499754
RSA-3072,sign,931,0.496374
RSA-3072,sign,932,0.504534
RSA-3072,sign,933,0.499793
RSA-3072,sign,934,0.499624
RSA-3072,sign,935,0.513474
RSA-3072,sign,936,0.503363
RSA-3072,sign,937,0.518753
RSA-3072,sign,938,0.508814
RSA-3072,sign,939,0.499033
RSA-3072,sign,940,0.871699
RSA-3072,sign,941,0.502794
RSA-3072,sign,942,0.510293
RSA-3072,sign,943,0.494964
RSA-3072,sign,944,0.486204
RSA-3072,sign,945,0.514683
RSA-3072,sign,946,0.503184
RSA-3072,sign,947,0.505493
RSA-3072,sign,948,0.497724
RSA-3072,sign,949,0.502063
RSA-3072,sign,950,0.496454
RSA-3072,sign,951,0.498623
RSA-3072,sign,952,0.517964
RSA-3072,sign,953,0.505493
RSA-3072,sign,954,0.497014
RSA-3072,sign,955,0.511163
RSA-3072,sign,956,0.496254
RSA-3072,sign,957,0.499634
RSA-3072,sign,958,0.495854
RSA-3072,sign,959,0.499413
RSA-3072,sign,960,0.506654
RSA-3072,sign,961,0.503543
RSA-3072,sign,962,0.496594
RSA-3072,sign,963,0.499053
RSA-3072,sign,964,0.496914
RSA-3072,sign,965,0.499793
RSA-3072,sign,966,0.496034
RSA-3072,sign,967,0.502814
RSA-3072,sign,968,0.498103
RSA-3072,sign,969,0.499654
RSA-3072,sign,970,0.495514
RSA-3072,sign,971,0.502843
RSA-3072,sign,972,0.854319
RSA-3072,sign,973,0.498604
RSA-3072,sign,974,0.495333
RSA-3072,sign,975,0.494574
RSA-3072,sign,976,0.499784
RSA-3072,sign,977,0.505933
RSA-3072,sign,978,0.496414
RSA-3072,sign,979,0.506333
RSA-3072,sign,980,0.508494
RSA-3072,sign,981,0.505563
RSA-3072,sign,982,0.498264
RSA-3072,sign,983,0.504834
RSA-3072,sign,984,0.501073
RSA-3072,sign,985,0.503114
RSA-3072,sign,986,0.495933
RSA-3072,sign,987,0.498884
RSA-3072,sign,988,0.495403
RSA-3072,sign,989,0.502954
RSA-3072,sign,990,0.497943
RSA-3072,sign,991,0.503054
RSA-3072,sign,992,0.498904
RSA-3072,sign,993,0.503423
RSA-3072,sign,994,0.500654
RSA-3072,sign,995,0.503044
RSA-3072,sign,996,0.495663
RSA-3072,sign,997,0.499414
RSA-3072,sign,998,0.495913
RSA-3072,sign,999,0.507864
RSA-3072,verify,0,0.026190
RSA-3072,verify,1,0.026060
RSA-3072,verify,2,0.026119
RSA-3072,verify,3,0.026070
RSA-3072,verify,4,0.026100
RSA-3072,verify,5,0.026059
RSA-3072,verify,6,0.026120
RSA-3072,verify,7,0.026080
RSA-3072,verify,8,0.028369
RSA-3072,verify,9,0.026150
RSA-3072,verify,10,0.026130
RSA-3072,verify,11,0.026089
RSA-3072,verify,12,0.026110
RSA-3072,verify,13,0.026059
RSA-3072,verify,14,0.026140
RSA-3072,verify,15,0.026060
RSA-3072,verify,16,0.026099
RSA-3072,verify,17,0.026060
RSA-3072,verify,18,0.026130
RSA-3072,verify,19,0.026069
RSA-3072,verify,20,0.026090
RSA-3072,verify,21,0.026070
RSA-3072,verify,22,0.026129
RSA-3072,verify,23,0.026080
RSA-3072,verify,24,0.026090
RSA-3072,verify,25,0.026039
RSA-3072,verify,26,0.026130
RSA-3072,verify,27,0.026080
RSA-3072,verify,28,0.026099
RSA-3072,verify,29,0.026080
RSA-3072,verify,30,0.026200
RSA-3072,verify,31,0.027399
RSA-3072,verify,32,0.027690
RSA-3072,verify,33,0.025550
RSA-3072,verify,34,0.025609
RSA-3072,verify,35,0.025560
RSA-3072,verify,36,0.025570
RSA-3072,verify,37,0.025549
RSA-3072,verify,38,0.025680
RSA-3072,verify,39,0.025580
RSA-3072,verify,40,0.025569
RSA-3072,verify,41,0.025540
RSA-3072,verify,42,0.025680
RSA-3072,verify,43,0.025560
RSA-3072,verify,44,0.025590
RSA-3072,verify,45,0.025519
RSA-3072,verify,46,0.028650
RSA-3072,verify,47,0.025580
RSA-3072,verify,48,0.025579
RSA-3072,verify,49,0.025580
RSA-3072,verify,50,0.025670
RSA-3072,verify,51,0.025539
RSA-3072,verify,52,0.025630
RSA-3072,verify,53,0.025560
RSA-3072,verify,54,0.025660
RSA-3072,verify,55,0.025559
RSA-3072,verify,56,0.025590
RSA-3072,verify,57,0.025540
RSA-3072,verify,58,0.025609
RSA-3072,verify,59,0.025550
RSA-3072,verify,60,0.025600
RSA-3072,verify,61,0.025549
RSA-3072,verify,62,0.025590
RSA-3072,verify,63,0.025560
RSA-3072,verify,64,0.025589
RSA-3072,verify,65,0.025550
RSA-3072,verify,66,0.025600
RSA-3072,verify,67,0.025559
RSA-3072,verify,68,0.025600
RSA-3072,verify,69,0.025540
RSA-3072,verify,70,0.025669
RSA-3072,verify,71,0.025550
RSA-3072,verify,72,0.025580
RSA-3072,verify,73,0.025569
RSA-3072,verify,74,0.025590
RSA-3072,verify,75,0.025560
RSA-3072,verify,76,0.025559
RSA-3072,verify,77,0.025560
RSA-3072,verify,78,0.025600
RSA-3072,verify,79,0.025549
RSA-3072,verify,80,0.025600
RSA-3072,verify,81,0.025560
RSA-3072,verify,82,0.025599
RSA-3072,verify,83,0.025560
RSA-3072,verify,84,0.030180
RSA-3072,verify,85,0.031929
RSA-3072,verify,86,0.027020
RSA-3072,verify,87,0.025580
RSA-3072,verify,88,0.025599
RSA-3072,verify,89,0.025560
RSA-3072,verify,90,0.025620
RSA-3072,verify,91,0.025559
RSA-3072,verify,92,0.025580
RSA-3072,verify,93,0.025540
RSA-3072,verify,94,0.025609
RSA-3072,verify,95,0.025580
RSA-3072,verify,96,0.025569
RSA-3072,verify,97,0.025540
RSA-3072,verify,98,0.025690
RSA-3072,verify,99,0.025549
RSA-3072,verify,100,0.025570
RSA-3072,verify,101,0.025550
RSA-3072,verify,102,0.025599
RSA-3072,verify,103,0.025540
RSA-3072,verify,104,0.025580
RSA-3072,verify,105,0.025529
RSA-3072,verify,106,0.029780
RSA-3072,verify,107,0.025670
RSA-3072,verify,108,0.025719
RSA-3072,verify,109,0.025670
RSA-3072,verify,110,0.025720
RSA-3072,verify,111,0.025689
RSA-3072,verify,112,0.025710
RSA-3072,verify,113,0.029310
RSA-3072,verify,114,0.025799
RSA-3072,verify,115,0.025700
RSA-3072,verify,116,0.025740
RSA-3072,verify,117,0.025699
RSA-3072,verify,118,0.025770
RSA-3072,verify,119,0.025690
RSA-3072,verify,120,0.025729
RSA-3072,verify,121,0.031430
RSA-3072,verify,122,0.025820
RSA-3072,verify,123,0.025690
RSA-3072,verify,124,0.025710
RSA-3072,verify,125,0.025669
RSA-3072,verify,126,0.025770
RSA-3072,verify,127,0.025670
RSA-3072,verify,128,0.025699
RSA-3072,verify,129,0.025680
RSA-3072,verify,130,0.025770
RSA-3072,verify,131,0.025679
RSA-3072,verify,132,0.025720
RSA-3072,verify,133,0.025650
RSA-3072,verify,134,0.025769
RSA-3072,verify,135,0.025670
RSA-3072,verify,136,0.025700
RSA-3072,verify,137,0.025659
RSA-3072,verify,138,0.025760
RSA-3072,verify,139,0.025660
RSA-3072,verify,140,0.025699
RSA-3072,verify,141,0.025660
RSA-3072,verify,142,0.025760
RSA-3072,verify,143,0.025659
RSA-3072,verify,144,0.025700
RSA-3072,verify,145,0.025670
RSA-3072,verify,146,0.025759
RSA-3072,verify,147,0.025660
RSA-3072,verify,148,0.025700
RSA-3072,verify,149,0.025659
RSA-3072,verify,150,0.025750
RSA-3072,verify,151,0.025660
RSA-3072,verify,152,0.025699
RSA-3072,verify,153,0.025660
RSA-3072,verify,154,0.025740
RSA-3072,verify,155,0.025669
RSA-3072,verify,156,0.025710
RSA-3072,verify,157,0.025660
RSA-3072,verify,158,0.025729
RSA-3072,verify,159,0.031370
RSA-3072,verify,160,0.025720
RSA-3072,verify,161,0.025679
RSA-3072,verify,162,0.025750
RSA-3072,verify,163,0.025669
RSA-3072,verify,164,0.025720
RSA-3072,verify,165,0.025680
RSA-3072,verify,166,0.025739
RSA-3072,verify,167,0.025690
RSA-3072,verify,168,0.025730
RSA-3072,verify,169,0.025669
RSA-3072,verify,170,0.025740
RSA-3072,verify,171,0.025690
RSA-3072,verify,172,0.025719
RSA-3072,verify,173,0.025690
RSA-3072,verify,174,0.025750
RSA-3072,verify,175,0.025689
RSA-3072,verify,176,0.025730
RSA-3072,verify,177,0.025690
RSA-3072,verify,178,0.025739
RSA-3072,verify,179,0.025670
RSA-3072,verify,180,0.025730
RSA-3072,verify,181,0.025679
RSA-3072,verify,182,0.025730
RSA-3072,verify,183,0.025680
RSA-3072,verify,184,0.025739
RSA-3072,verify,185,0.025690
RSA-3072,verify,186,0.025720
RSA-3072,verify,187,0.025669
RSA-3072,verify,188,0.025730
RSA-3072,verify,189,0.025670
RSA-3072,verify,190,0.025759
RSA-3072,verify,191,0.025670
RSA-3072,verify,192,0.025730
RSA-3072,verify,193,0.025669
RSA-3072,verify,194,0.025750
RSA-3072,verify,195,0.025690
RSA-3072,verify,196,0.026569
RSA-3072,verify,197,0.031450
RSA-3072,verify,198,0.025780
RSA-3072,verify,199,0.025689
RSA-3072,verify,200,0.025730
RSA-3072,verify,201,0.025680
RSA-3072,verify,202,0.025750
RSA-3072,verify,203,0.025680
RSA-3072,verify,204,0.025709
RSA-3072,verify,205,0.025660
RSA-3072,verify,206,0.025720
RSA-3072,verify,207,0.025689
RSA-3072,verify,208,0.025720
RSA-3072,verify,209,0.025660
RSA-3072,verify,210,0.025729
RSA-3072,verify,211,0.025690
RSA-3072,verify,212,0.025750
RSA-3072,verify,213,0.025699
RSA-3072,verify,214,0.025730
RSA-3072,verify,215,0.025680
RSA-3072,verify,216,0.025749
RSA-3072,verify,217,0.025680
RSA-3072,verify,218,0.025720
RSA-3072,verify,219,0.025669
RSA-3072,verify,220,0.025730
RSA-3072,verify,221,0.025690
RSA-3072,verify,222,0.025779
RSA-3072,verify,223,0.025680
RSA-3072,verify,224,0.025740
RSA-3072,verify,225,0.025689
RSA-3072,verify,226,0.025780
RSA-3072,verify,227,0.025690
RSA-3072,verify,228,0.025719
RSA-3072,verify,229,0.025680
RSA-3072,verify,230,0.025750
RSA-3072,verify,231,0.025679
RSA-3072,verify,232,0.025720
RSA-3072,verify,233,0.025670
RSA-3072,verify,234,0.030619
RSA-3072,verify,235,0.025700
RSA-3072,verify,236,0.025740
RSA-3072,verify,237,0.025679
RSA-3072,verify,238,0.025700
RSA-3072,verify,239,0.025680
RSA-3072,verify,240,0.025739
RSA-3072,verify,241,0.025670
RSA-3072,verify,242,0.025700
RSA-3072,verify,243,0.025680
RSA-3072,verify,244,0.025750
RSA-3072,verify,245,0.025669
RSA-3072,verify,246,0.025700
RSA-3072,verify,247,0.025660
RSA-3072,verify,248,0.025719
RSA-3072,verify,249,0.025680
RSA-3072,verify,250,0.025680
RSA-3072,verify,251,0.025659
RSA-3072,verify,252,0.025730
RSA-3072,verify,253,0.025670
RSA-3072,verify,254,0.025709
RSA-3072,verify,255,0.025670
RSA-3072,verify,256,0.025740
RSA-3072,verify,257,0.025669
RSA-3072,verify,258,0.025660
RSA-3072,verify,259,0.025660
RSA-3072,verify,260,0.025729
RSA-3072,verify,261,0.025650
RSA-3072,verify,262,0.025680
RSA-3072,verify,263,0.025669
RSA-3072,verify,264,0.025740
RSA-3072,verify,265,0.025670
RSA-3072,verify,266,0.025669
RSA-3072,verify,267,0.025670
RSA-3072,verify,268,0.025730
RSA-3072,verify,269,0.025659
RSA-3072,verify,270,0.025680
RSA-3072,verify,271,0.025670
RSA-3072,verify,272,0.029519
RSA-3072,verify,273,0.025690
RSA-3072,verify,274,0.025720
RSA-3072,verify,275,0.025689
RSA-3072,verify,276,0.025710
RSA-3072,verify,277,0.025660
RSA-3072,verify,278,0.025709
RSA-3072,verify,279,0.025670
RSA-3072,verify,280,0.025700
RSA-3072,verify,281,0.025669
RSA-3072,verify,282,0.025720
RSA-3072,verify,283,0.025690
RSA-3072,verify,284,0.025719
RSA-3072,verify,285,0.025670
RSA-3072,verify,286,0.025730
RSA-3072,verify,287,0.025689
RSA-3072,verify,288,0.025700
RSA-3072,verify,289,0.025660
RSA-3072,verify,290,0.025739
RSA-3072,verify,291,0.025680
RSA-3072,verify,292,0.025700
RSA-3072,verify,293,0.025649
RSA-3072,verify,294,0.025730
RSA-3072,verify,295,0.029680
RSA-3072,verify,296,0.025569
RSA-3072,verify,297,0.025530
RSA-3072,verify,298,0.025610
RSA-3072,verify,299,0.025539
RSA-3072,verify,300,0.025570
RSA-3072,verify,301,0.025540
RSA-3072,verify,302,0.025599
RSA-3072,verify,303,0.025550
RSA-3072,verify,304,0.025560
RSA-3072,verify,305,0.025529
RSA-3072,verify,306,0.025680
RSA-3072,verify,307,0.025550
RSA-3072,verify,308,0.025579
RSA-3072,verify,309,0.026370
RSA-3072,verify,310,0.027990
RSA-3072,verify,311,0.025569
RSA-3072,verify,312,0.025610
RSA-3072,verify,313,0.025540
RSA-3072,verify,314,0.025619
RSA-3072,verify,315,0.025540
RSA-3072,verify,316,0.025560
RSA-3072,verify,317,0.025549
RSA-3072,verify,318,0.025600
RSA-3072,verify,319,0.025550
RSA-3072,verify,320,0.025599
RSA-3072,verify,321,0.025540
RSA-3072,verify,322,0.025610
RSA-3072,verify,323,0.025549
RSA-3072,verify,324,0.025550
RSA-3072,verify,325,0.025550
RSA-3072,verify,326,0.025599
RSA-3072,verify,327,0.025540
RSA-3072,verify,328,0.025580
RSA-3072,verify,329,0.025539
RSA-3072,verify,330,0.025590
RSA-3072,verify,331,0.025540
RSA-3072,verify,332,0.025569
RSA-3072,verify,333,0.025550
RSA-3072,verify,334,0.025600
RSA-3072,verify,335,0.025539
RSA-3072,verify,336,0.025590
RSA-3072,verify,337,0.025550
RSA-3072,verify,338,0.025619
RSA-3072,verify,339,0.025540
RSA-3072,verify,340,0.025590
RSA-3072,verify,341,0.025549
RSA-3072,verify,342,0.025610
RSA-3072,verify,343,0.025540
RSA-3072,verify,344,0.025599
RSA-3072,verify,345,0.025540
RSA-3072,verify,346,0.025600
RSA-3072,verify,347,0.026369
RSA-3072,verify,348,0.028210
RSA-3072,verify,349,0.025600
RSA-3072,verify,350,0.025669
RSA-3072,verify,351,0.025560
RSA-3072,verify,352,0.025580
RSA-3072,verify,353,0.025569
RSA-3072,verify,354,0.025660
RSA-3072,verify,355,0.025559
RSA-3072,verify,356,0.025580
RSA-3072,verify,357,0.025580
RSA-3072,verify,358,0.025649
RSA-3072,verify,359,0.025570
RSA-3072,verify,360,0.025570
RSA-3072,verify,361,0.025569
RSA-3072,verify,362,0.025630
RSA-3072,verify,363,0.025560
RSA-3072,verify,364,0.025609
RSA-3072,verify,365,0.025570
RSA-3072,verify,366,0.025680
RSA-3072,verify,367,0.025559
RSA-3072,verify,368,0.025570
RSA-3072,verify,369,0.025580
RSA-3072,verify,370,0.025589
RSA-3072,verify,371,0.025550
RSA-3072,verify,372,0.025580
RSA-3072,verify,373,0.025579
RSA-3072,verify,374,0.025590
RSA-3072,verify,375,0.025560
RSA-3072,verify,376,0.025569
RSA-3072,verify,377,0.025570
RSA-3072,verify,378,0.025590
RSA-3072,verify,379,0.025559
RSA-3072,verify,380,0.025580
RSA-3072,verify,381,0.025580
RSA-3072,verify,382,0.025569
RSA-3072,verify,383,0.025540
RSA-3072,verify,384,0.025570
RSA-3072,verify,385,0.026919
RSA-3072,verify,386,0.028320
RSA-3072,verify,387,0.025580
RSA-3072,verify,388,0.025599
RSA-3072,verify,389,0.025540
RSA-3072,verify,390,0.025590
RSA-3072,verify,391,0.025559
RSA-3072,verify,392,0.025580
RSA-3072,verify,393,0.025570
RSA-3072,verify,394,0.025599
RSA-3072,verify,395,0.025540
RSA-3072,verify,396,0.025570
RSA-3072,verify,397,0.025579
RSA-3072,verify,398,0.025600
RSA-3072,verify,399,0.025550
RSA-3072,verify,400,0.025569
RSA-3072,verify,401,0.025560
RSA-3072,verify,402,0.025590
RSA-3072,verify,403,0.025549
RSA-3072,verify,404,0.025580
RSA-3072,verify,405,0.025550
RSA-3072,verify,406,0.025589
RSA-3072,verify,407,0.025560
RSA-3072,verify,408,0.025580
RSA-3072,verify,409,0.025559
RSA-3072,verify,410,0.025600
RSA-3072,verify,411,0.025560
RSA-3072,verify,412,0.025569
RSA-3072,verify,413,0.025560
RSA-3072,verify,414,0.025599
RSA-3072,verify,415,0.025550
RSA-3072,verify,416,0.025590
RSA-3072,verify,417,0.025569
RSA-3072,verify,418,0.025600
RSA-3072,verify,419,0.025560
RSA-3072,verify,420,0.025599
RSA-3072,verify,421,0.025560
RSA-3072,verify,422,0.025600
RSA-3072,verify,423,0.027029
RSA-3072,verify,424,0.032020
RSA-3072,verify,425,0.025570
RSA-3072,verify,426,0.025629
RSA-3072,verify,427,0.025530
RSA-3072,verify,428,0.025550
RSA-3072,verify,429,0.025509
RSA-3072,verify,430,0.025600
RSA-3072,verify,431,0.025550
RSA-3072,verify,432,0.025579
RSA-3072,verify,433,0.025520
RSA-3072,verify,434,0.025620
RSA-3072,verify,435,0.025559
RSA-3072,verify,436,0.025570
RSA-3072,verify,437,0.025530
RSA-3072,verify,438,0.025609
RSA-3072,verify,439,0.025570
RSA-3072,verify,440,0.025560
RSA-3072,verify,441,0.025539
RSA-3072,verify,442,0.025600
RSA-3072,verify,443,0.025550
RSA-3072,verify,444,0.025549
RSA-3072,verify,445,0.025550
RSA-3072,verify,446,0.025610
RSA-3072,verify,447,0.025529
RSA-3072,verify,448,0.025560
RSA-3072,verify,449,0.025530
RSA-3072,verify,450,0.025629
RSA-3072,verify,451,0.025550
RSA-3072,verify,452,0.025570
RSA-3072,verify,453,0.025529
RSA-3072,verify,454,0.025610
RSA-3072,verify,455,0.025550
RSA-3072,verify,456,0.025559
RSA-3072,verify,457,0.025530
RSA-3072,verify,458,0.025610
RSA-3072,verify,459,0.025559
RSA-3072,verify,460,0.025560
RSA-3072,verify,461,0.028739
RSA-3072,verify,462,0.025670
RSA-3072,verify,463,0.025550
RSA-3072,verify,464,0.025609
RSA-3072,verify,465,0.025570
RSA-3072,verify,466,0.025660
RSA-3072,verify,467,0.025559
RSA-3072,verify,468,0.025610
RSA-3072,verify,469,0.025560
RSA-3072,verify,470,0.025669
RSA-3072,verify,471,0.025560
RSA-3072,verify,472,0.025600
RSA-3072,verify,473,0.025569
RSA-3072,verify,474,0.025650
RSA-3072,verify,475,0.025570
RSA-3072,verify,476,0.025599
RSA-3072,verify,477,0.025570
RSA-3072,verify,478,0.025670
RSA-3072,verify,479,0.025559
RSA-3072,verify,480,0.025600
RSA-3072,verify,481,0.025560
RSA-3072,verify,482,0.025639
RSA-3072,verify,483,0.025550
RSA-3072,verify,484,0.025620
RSA-3072,verify,485,0.025579
RSA-3072,verify,486,0.025650
RSA-3072,verify,487,0.025560
RSA-3072,verify,488,0.025609
RSA-3072,verify,489,0.025560
RSA-3072,verify,490,0.025670
RSA-3072,verify,491,0.025559
RSA-3072,verify,492,0.025610
RSA-3072,verify,493,0.025550
RSA-3072,verify,494,0.025649
RSA-3072,verify,495,0.025560
RSA-3072,verify,496,0.025610
RSA-3072,verify,497,0.025569
RSA-3072,verify,498,0.025670
RSA-3072,verify,499,0.029460
RSA-3072,verify,500,0.025619
RSA-3072,verify,501,0.025530
RSA-3072,verify,502,0.025590
RSA-3072,verify,503,0.025539
RSA-3072,verify,504,0.025600
RSA-3072,verify,505,0.025540
RSA-3072,verify,506,0.025559
RSA-3072,verify,507,0.025540
RSA-3072,verify,508,0.025590
RSA-3072,verify,509,0.025529
RSA-3072,verify,510,0.025570
RSA-3072,verify,511,0.025550
RSA-3072,verify,512,0.025579
RSA-3072,verify,513,0.025540
RSA-3072,verify,514,0.025540
RSA-3072,verify,515,0.025549
RSA-3072,verify,516,0.025570
RSA-3072,verify,517,0.025530
RSA-3072,verify,518,0.025549
RSA-3072,verify,519,0.025550
RSA-3072,verify,520,0.025580
RSA-3072,verify,521,0.025529
RSA-3072,verify,522,0.025560
RSA-3072,verify,523,0.025530
RSA-3072,verify,524,0.025579
RSA-3072,verify,525,0.025520
RSA-3072,verify,526,0.025550
RSA-3072,verify,527,0.025529
RSA-3072,verify,528,0.025580
RSA-3072,verify,529,0.025540
RSA-3072,verify,530,0.025559
RSA-3072,verify,531,0.025530
RSA-3072,verify,532,0.025570
RSA-3072,verify,533,0.025519
RSA-3072,verify,534,0.025560
RSA-3072,verify,535,0.025530
RSA-3072,verify,536,0.025570
RSA-3072,verify,537,0.028449
RSA-3072,verify,538,0.025620
RSA-3072,verify,539,0.025639
RSA-3072,verify,540,0.025580
RSA-3072,verify,541,0.025550
RSA-3072,verify,542,0.025629
RSA-3072,verify,543,0.025590
RSA-3072,verify,544,0.025590
RSA-3072,verify,545,0.025519
RSA-3072,verify,546,0.025620
RSA-3072,verify,547,0.025590
RSA-3072,verify,548,0.025579
RSA-3072,verify,549,0.025530
RSA-3072,verify,550,0.025610
RSA-3072,verify,551,0.025589
RSA-3072,verify,552,0.025580
RSA-3072,verify,553,0.025510
RSA-3072,verify,554,0.025609
RSA-3072,verify,555,0.025560
RSA-3072,verify,556,0.025570
RSA-3072,verify,557,0.025539
RSA-3072,verify,558,0.025610
RSA-3072,verify,559,0.025580
RSA-3072,verify,560,0.025579
RSA-3072,verify,561,0.025530
RSA-3072,verify,562,0.025620
RSA-3072,verify,563,0.025569
RSA-3072,verify,564,0.025600
RSA-3072,verify,565,0.025530
RSA-3072,verify,566,0.025619
RSA-3072,verify,567,0.025570
RSA-3072,verify,568,0.025610
RSA-3072,verify,569,0.025539
RSA-3072,verify,570,0.025620
RSA-3072,verify,571,0.025540
RSA-3072,verify,572,0.025609
RSA-3072,verify,573,0.025540
RSA-3072,verify,574,0.025610
RSA-3072,verify,575,0.029319
RSA-3072,verify,576,0.025600
RSA-3072,verify,577,0.025540
RSA-3072,verify,578,0.025609
RSA-3072,verify,579,0.025560
RSA-3072,verify,580,0.025580
RSA-3072,verify,581,0.025569
RSA-3072,verify,582,0.025620
RSA-3072,verify,583,0.025560
RSA-3072,verify,584,0.025599
RSA-3072,verify,585,0.025570
RSA-3072,verify,586,0.025640
RSA-3072,verify,587,0.025559
RSA-3072,verify,588,0.025610
RSA-3072,verify,589,0.025540
RSA-3072,verify,590,0.025619
RSA-3072,verify,591,0.025570
RSA-3072,verify,592,0.025560
RSA-3072,verify,593,0.025539
RSA-3072,verify,594,0.025620
RSA-3072,verify,595,0.025549
RSA-3072,verify,596,0.025600
RSA-3072,verify,597,0.025540
RSA-3072,verify,598,0.029709
RSA-3072,verify,599,0.025430
RSA-3072,verify,600,0.025470
RSA-3072,verify,601,0.025409
RSA-3072,verify,602,0.025470
RSA-3072,verify,603,0.025420
RSA-3072,verify,604,0.025429
RSA-3072,verify,605,0.025420
RSA-3072,verify,606,0.025460
RSA-3072,verify,607,0.025429
RSA-3072,verify,608,0.025440
RSA-3072,verify,609,0.025430
RSA-3072,verify,610,0.025479
RSA-3072,verify,611,0.025430
RSA-3072,verify,612,0.025440
RSA-3072,verify,613,0.031549
RSA-3072,verify,614,0.025540
RSA-3072,verify,615,0.025400
RSA-3072,verify,616,0.025469
RSA-3072,verify,617,0.025450
RSA-3072,verify,618,0.025430
RSA-3072,verify,619,0.025419
RSA-3072,verify,620,0.025440
RSA-3072,verify,621,0.025430
RSA-3072,verify,622,0.025439
RSA-3072,verify,623,0.025420
RSA-3072,verify,624,0.025460
RSA-3072,verify,625,0.025419
RSA-3072,verify,626,0.025480
RSA-3072,verify,627,0.025420
RSA-3072,verify,628,0.025449
RSA-3072,verify,629,0.025430
RSA-3072,verify,630,0.025500
RSA-3072,verify,631,0.025419
RSA-3072,verify,632,0.025440
RSA-3072,verify,633,0.025430
RSA-3072,verify,634,0.025479
RSA-3072,verify,635,0.029540
RSA-3072,verify,636,0.025590
RSA-3072,verify,637,0.025549
RSA-3072,verify,638,0.025650
RSA-3072,verify,639,0.025539
RSA-3072,verify,640,0.025570
RSA-3072,verify,641,0.025580
RSA-3072,verify,642,0.025599
RSA-3072,verify,643,0.025550
RSA-3072,verify,644,0.025590
RSA-3072,verify,645,0.025549
RSA-3072,verify,646,0.025640
RSA-3072,verify,647,0.025550
RSA-3072,verify,648,0.025579
RSA-3072,verify,649,0.025540
RSA-3072,verify,650,0.025640
RSA-3072,verify,651,0.031769
RSA-3072,verify,652,0.025650
RSA-3072,verify,653,0.025570
RSA-3072,verify,654,0.025639
RSA-3072,verify,655,0.025610
RSA-3072,verify,656,0.025610
RSA-3072,verify,657,0.025609
RSA-3072,verify,658,0.025680
RSA-3072,verify,659,0.025600
RSA-3072,verify,660,0.025599
RSA-3072,verify,661,0.025610
RSA-3072,verify,662,0.025670
RSA-3072,verify,663,0.025609
RSA-3072,verify,664,0.025580
RSA-3072,verify,665,0.025600
RSA-3072,verify,666,0.025659
RSA-3072,verify,667,0.025580
RSA-3072,verify,668,0.025580
RSA-3072,verify,669,0.025589
RSA-3072,verify,670,0.025650
RSA-3072,verify,671,0.025600
RSA-3072,verify,672,0.025579
RSA-3072,verify,673,0.025600
RSA-3072,verify,674,0.029620
RSA-3072,verify,675,0.025469
RSA-3072,verify,676,0.025450
RSA-3072,verify,677,0.025460
RSA-3072,verify,678,0.025529
RSA-3072,verify,679,0.025470
RSA-3072,verify,680,0.025460
RSA-3072,verify,681,0.025460
RSA-3072,verify,682,0.025510
RSA-3072,verify,683,0.025459
RSA-3072,verify,684,0.025440
RSA-3072,verify,685,0.025460
RSA-3072,verify,686,0.025519
RSA-3072,verify,687,0.025460
RSA-3072,verify,688,0.026240
RSA-3072,verify,689,0.027379
RSA-3072,verify,690,0.025500
RSA-3072,verify,691,0.025480
RSA-3072,verify,692,0.025429
RSA-3072,verify,693,0.025470
RSA-3072,verify,694,0.025490
RSA-3072,verify,695,0.025489
RSA-3072,verify,696,0.025430
RSA-3072,verify,697,0.025470
RSA-3072,verify,698,0.025479
RSA-3072,verify,699,0.025500
RSA-3072,verify,700,0.025430
RSA-3072,verify,701,0.025459
RSA-3072,verify,702,0.025510
RSA-3072,verify,703,0.025490
RSA-3072,verify,704,0.025479
RSA-3072,verify,705,0.025440
RSA-3072,verify,706,0.025480
RSA-3072,verify,707,0.025469
RSA-3072,verify,708,0.025470
RSA-3072,verify,709,0.025440
RSA-3072,verify,710,0.025469
RSA-3072,verify,711,0.025470
RSA-3072,verify,712,0.025480
RSA-3072,verify,713,0.025449
RSA-3072,verify,714,0.025490
RSA-3072,verify,715,0.025500
RSA-3072,verify,716,0.025479
RSA-3072,verify,717,0.025440
RSA-3072,verify,718,0.025490
RSA-3072,verify,719,0.025489
RSA-3072,verify,720,0.025490
RSA-3072,verify,721,0.025430
RSA-3072,verify,722,0.025489
RSA-3072,verify,723,0.025490
RSA-3072,verify,724,0.025470
RSA-3072,verify,725,0.025439
RSA-3072,verify,726,0.026180
RSA-3072,verify,727,0.032030
RSA-3072,verify,728,0.025509
RSA-3072,verify,729,0.025440
RSA-3072,verify,730,0.025550
RSA-3072,verify,731,0.025469
RSA-3072,verify,732,0.025470
RSA-3072,verify,733,0.025460
RSA-3072,verify,734,0.025529
RSA-3072,verify,735,0.025460
RSA-3072,verify,736,0.025490
RSA-3072,verify,737,0.025449
RSA-3072,verify,738,0.025500
RSA-3072,verify,739,0.025440
RSA-3072,verify,740,0.025489
RSA-3072,verify,741,0.025470
RSA-3072,verify,742,0.025530
RSA-3072,verify,743,0.025439
RSA-3072,verify,744,0.025480
RSA-3072,verify,745,0.025460
RSA-3072,verify,746,0.025509
RSA-3072,verify,747,0.025450
RSA-3072,verify,748,0.025440
RSA-3072,verify,749,0.025459
RSA-3072,verify,750,0.025510
RSA-3072,verify,751,0.025450
RSA-3072,verify,752,0.025439
RSA-3072,verify,753,0.025450
RSA-3072,verify,754,0.025570
RSA-3072,verify,755,0.025449
RSA-3072,verify,756,0.025500
RSA-3072,verify,757,0.025450
RSA-3072,verify,758,0.025569
RSA-3072,verify,759,0.025450
RSA-3072,verify,760,0.025480
RSA-3072,verify,761,0.025460
RSA-3072,verify,762,0.025519
RSA-3072,verify,763,0.025450
RSA-3072,verify,764,0.026280
RSA-3072,verify,765,0.029429
RSA-3072,verify,766,0.025540
RSA-3072,verify,767,0.025449
RSA-3072,verify,768,0.025470
RSA-3072,verify,769,0.025440
RSA-3072,verify,770,0.025489
RSA-3072,verify,771,0.025420
RSA-3072,verify,772,0.025450
RSA-3072,verify,773,0.025429
RSA-3072,verify,774,0.025480
RSA-3072,verify,775,0.025430
RSA-3072,verify,776,0.025459
RSA-3072,verify,777,0.025430
RSA-3072,verify,778,0.025460
RSA-3072,verify,779,0.025429
RSA-3072,verify,780,0.025450
RSA-3072,verify,781,0.025430
RSA-3072,verify,782,0.025459
RSA-3072,verify,783,0.025430
RSA-3072,verify,784,0.025450
RSA-3072,verify,785,0.025429
RSA-3072,verify,786,0.025430
RSA-3072,verify,787,0.025440
RSA-3072,verify,788,0.025429
RSA-3072,verify,789,0.025440
RSA-3072,verify,790,0.025500
RSA-3072,verify,791,0.025439
RSA-3072,verify,792,0.025450
RSA-3072,verify,793,0.025420
RSA-3072,verify,794,0.025429
RSA-3072,verify,795,0.025420
RSA-3072,verify,796,0.025440
RSA-3072,verify,797,0.025429
RSA-3072,verify,798,0.025440
RSA-3072,verify,799,0.025410
RSA-3072,verify,800,0.025459
RSA-3072,verify,801,0.025420
RSA-3072,verify,802,0.025430
RSA-3072,verify,803,0.031749
RSA-3072,verify,804,0.025500
RSA-3072,verify,805,0.025440
RSA-3072,verify,806,0.025489
RSA-3072,verify,807,0.025440
RSA-3072,verify,808,0.025440
RSA-3072,verify,809,0.025439
RSA-3072,verify,810,0.025490
RSA-3072,verify,811,0.025420
RSA-3072,verify,812,0.025459
RSA-3072,verify,813,0.025430
RSA-3072,verify,814,0.025470
RSA-3072,verify,815,0.025439
RSA-3072,verify,816,0.025460
RSA-3072,verify,817,0.025420
RSA-3072,verify,818,0.025479
RSA-3072,verify,819,0.025490
RSA-3072,verify,820,0.025450
RSA-3072,verify,821,0.025419
RSA-3072,verify,822,0.025460
RSA-3072,verify,823,0.025440
RSA-3072,verify,824,0.025449
RSA-3072,verify,825,0.025430
RSA-3072,verify,826,0.025480
RSA-3072,verify,827,0.025419
RSA-3072,verify,828,0.025440
RSA-3072,verify,829,0.025410
RSA-3072,verify,830,0.025469
RSA-3072,verify,831,0.025420
RSA-3072,verify,832,0.025450
RSA-3072,verify,833,0.025409
RSA-3072,verify,834,0.025490
RSA-3072,verify,835,0.025420
RSA-3072,verify,836,0.025449
RSA-3072,verify,837,0.025420
RSA-3072,verify,838,0.025470
RSA-3072,verify,839,0.025430
RSA-3072,verify,840,0.025440
RSA-3072,verify,841,0.028979
RSA-3072,verify,842,0.025530
RSA-3072,verify,843,0.025460
RSA-3072,verify,844,0.025499
RSA-3072,verify,845,0.025440
RSA-3072,verify,846,0.025490
RSA-3072,verify,847,0.025439
RSA-3072,verify,848,0.025490
RSA-3072,verify,849,0.025470
RSA-3072,verify,850,0.025479
RSA-3072,verify,851,0.025430
RSA-3072,verify,852,0.025460
RSA-3072,verify,853,0.025429
RSA-3072,verify,854,0.025470
RSA-3072,verify,855,0.025440
RSA-3072,verify,856,0.025459
RSA-3072,verify,857,0.025450
RSA-3072,verify,858,0.025480
RSA-3072,verify,859,0.025429
RSA-3072,verify,860,0.025470
RSA-3072,verify,861,0.025440
RSA-3072,verify,862,0.025479
RSA-3072,verify,863,0.025430
RSA-3072,verify,864,0.025490
RSA-3072,verify,865,0.025449
RSA-3072,verify,866,0.025520
RSA-3072,verify,867,0.025430
RSA-3072,verify,868,0.025479
RSA-3072,verify,869,0.025440
RSA-3072,verify,870,0.025520
RSA-3072,verify,871,0.025429
RSA-3072,verify,872,0.025490
RSA-3072,verify,873,0.025440
RSA-3072,verify,874,0.025519
RSA-3072,verify,875,0.025430
RSA-3072,verify,876,0.025480
RSA-3072,verify,877,0.025439
RSA-3072,verify,878,0.025510
RSA-3072,verify,879,0.032850
RSA-3072,verify,880,0.025489
RSA-3072,verify,881,0.025450
RSA-3072,verify,882,0.025490
RSA-3072,verify,883,0.025429
RSA-3072,verify,884,0.025490
RSA-3072,verify,885,0.025450
RSA-3072,verify,886,0.025479
RSA-3072,verify,887,0.025440
RSA-3072,verify,888,0.025500
RSA-3072,verify,889,0.025449
RSA-3072,verify,890,0.025490
RSA-3072,verify,891,0.025440
RSA-3072,verify,892,0.025499
RSA-3072,verify,893,0.025440
RSA-3072,verify,894,0.025540
RSA-3072,verify,895,0.025449
RSA-3072,verify,896,0.025480
RSA-3072,verify,897,0.025440
RSA-3072,verify,898,0.025470
RSA-3072,verify,899,0.025430
RSA-3072,verify,900,0.025469
RSA-3072,verify,901,0.025430
RSA-3072,verify,902,0.025490
RSA-3072,verify,903,0.025419
RSA-3072,verify,904,0.025470
RSA-3072,verify,905,0.025430
RSA-3072,verify,906,0.025479
RSA-3072,verify,907,0.025440
RSA-3072,verify,908,0.025460
RSA-3072,verify,909,0.025419
RSA-3072,verify,910,0.025460
RSA-3072,verify,911,0.025430
RSA-3072,verify,912,0.025449
RSA-3072,verify,913,0.025420
RSA-3072,verify,914,0.025470
RSA-3072,verify,915,0.025419
RSA-3072,verify,916,0.025460
RSA-3072,verify,917,0.032250
RSA-3072,verify,918,0.025519
RSA-3072,verify,919,0.025430
RSA-3072,verify,920,0.025450
RSA-3072,verify,921,0.025449
RSA-3072,verify,922,0.025470
RSA-3072,verify,923,0.025440
RSA-3072,verify,924,0.025459
RSA-3072,verify,925,0.025450
RSA-3072,verify,926,0.025480
RSA-3072,verify,927,0.025439
RSA-3072,verify,928,0.025470
RSA-3072,verify,929,0.025450
RSA-3072,verify,930,0.025489
RSA-3072,verify,931,0.025420
RSA-3072,verify,932,0.025450
RSA-3072,verify,933,0.025439
RSA-3072,verify,934,0.025480
RSA-3072,verify,935,0.025420
RSA-3072,verify,936,0.025449
RSA-3072,verify,937,0.025440
RSA-3072,verify,938,0.025490
RSA-3072,verify,939,0.025409
RSA-3072,verify,940,0.025450
RSA-3072,verify,941,0.025440
RSA-3072,verify,942,0.025489
RSA-3072,verify,943,0.025420
RSA-3072,verify,944,0.025440
RSA-3072,verify,945,0.025439
RSA-3072,verify,946,0.025480
RSA-3072,verify,947,0.025430
RSA-3072,verify,948,0.025449
RSA-3072,verify,949,0.025450
RSA-3072,verify,950,0.025500
RSA-3072,verify,951,0.025409
RSA-3072,verify,952,0.025450
RSA-3072,verify,953,0.025440
RSA-3072,verify,954,0.025489
RSA-3072,verify,955,0.031590
RSA-3072,verify,956,0.025520
RSA-3072,verify,957,0.025459
RSA-3072,verify,958,0.025470
RSA-3072,verify,959,0.025430
RSA-3072,verify,960,0.025479
RSA-3072,verify,961,0.025430
RSA-3072,verify,962,0.025460
RSA-3072,verify,963,0.025419
RSA-3072,verify,964,0.025490
RSA-3072,verify,965,0.025430
RSA-3072,verify,966,0.025459
RSA-3072,verify,967,0.025410
RSA-3072,verify,968,0.025490
RSA-3072,verify,969,0.025439
RSA-3072,verify,970,0.025460
RSA-3072,verify,971,0.025420
RSA-3072,verify,972,0.025479
RSA-3072,verify,973,0.025430
RSA-3072,verify,974,0.025480
RSA-3072,verify,975,0.025399
RSA-3072,verify,976,0.025470
RSA-3072,verify,977,0.025440
RSA-3072,verify,978,0.025539
RSA-3072,verify,979,0.025430
RSA-3072,verify,980,0.025470
RSA-3072,verify,981,0.025419
RSA-3072,verify,982,0.025480
RSA-3072,verify,983,0.025410
RSA-3072,verify,984,0.025459
RSA-3072,verify,985,0.025440
RSA-3072,verify,986,0.025500
RSA-3072,verify,987,0.025419
RSA-3072,verify,988,0.025460
RSA-3072,verify,989,0.025430
RSA-3072,verify,990,0.025469
RSA-3072,verify,991,0.025420
RSA-3072,verify,992,0.025460
RSA-3072,verify,993,0.029039
RSA-3072,verify,994,0.025520
RSA-3072,verify,995,0.025460
RSA-3072,verify,996,0.025409
RSA-3072,verify,997,0.025440
RSA-3072,verify,998,0.025480
RSA-3072,verify,999,0.025429
ECDSA-P256,keygen,0,0.008919
ECDSA-P256,keygen,1,0.008770
ECDSA-P256,keygen,2,0.008820
ECDSA-P256,keygen,3,0.009040
ECDSA-P256,keygen,4,0.008740
ECDSA-P256,keygen,5,0.008670
ECDSA-P256,keygen,6,0.008570
ECDSA-P256,keygen,7,0.008690
ECDSA-P256,keygen,8,0.008700
ECDSA-P256,keygen,9,0.008789
ECDSA-P256,keygen,10,0.008690
ECDSA-P256,keygen,11,0.008690
ECDSA-P256,keygen,12,0.008620
ECDSA-P256,keygen,13,0.008520
ECDSA-P256,keygen,14,0.008720
ECDSA-P256,keygen,15,0.008710
ECDSA-P256,keygen,16,0.008730
ECDSA-P256,keygen,17,0.008699
ECDSA-P256,keygen,18,0.008760
ECDSA-P256,keygen,19,0.008740
ECDSA-P256,keygen,20,0.008630
ECDSA-P256,keygen,21,0.008790
ECDSA-P256,keygen,22,0.008810
ECDSA-P256,keygen,23,0.008670
ECDSA-P256,keygen,24,0.008740
ECDSA-P256,keygen,25,0.008609
ECDSA-P256,keygen,26,0.008680
ECDSA-P256,keygen,27,0.008670
ECDSA-P256,keygen,28,0.008700
ECDSA-P256,keygen,29,0.009090
ECDSA-P256,keygen,30,0.008840
ECDSA-P256,keygen,31,0.008700
ECDSA-P256,keygen,32,0.008770
ECDSA-P256,keygen,33,0.008829
ECDSA-P256,keygen,34,0.008720
ECDSA-P256,keygen,35,0.008750
ECDSA-P256,keygen,36,0.008750
ECDSA-P256,keygen,37,0.008650
ECDSA-P256,keygen,38,0.009530
ECDSA-P256,keygen,39,0.011870
ECDSA-P256,keygen,40,0.008730
ECDSA-P256,keygen,41,0.008619
ECDSA-P256,keygen,42,0.008780
ECDSA-P256,keygen,43,0.008720
ECDSA-P256,keygen,44,0.008640
ECDSA-P256,keygen,45,0.008670
ECDSA-P256,keygen,46,0.008650
ECDSA-P256,keygen,47,0.008670
ECDSA-P256,keygen,48,0.008660
ECDSA-P256,keygen,49,0.008689
ECDSA-P256,keygen,50,0.008600
ECDSA-P256,keygen,51,0.008950
ECDSA-P256,keygen,52,0.008750
ECDSA-P256,keygen,53,0.008700
ECDSA-P256,keygen,54,0.008640
ECDSA-P256,keygen,55,0.008730
ECDSA-P256,keygen,56,0.008730
ECDSA-P256,keygen,57,0.008639
ECDSA-P256,keygen,58,0.008680
ECDSA-P256,keygen,59,0.008680
ECDSA-P256,keygen,60,0.008700
ECDSA-P256,keygen,61,0.008730
ECDSA-P256,keygen,62,0.008730
ECDSA-P256,keygen,63,0.008620
ECDSA-P256,keygen,64,0.008790
ECDSA-P256,keygen,65,0.008759
ECDSA-P256,keygen,66,0.008640
ECDSA-P256,keygen,67,0.008680
ECDSA-P256,keygen,68,0.008740
ECDSA-P256,keygen,69,0.008720
ECDSA-P256,keygen,70,0.008600
ECDSA-P256,keygen,71,0.008670
ECDSA-P256,keygen,72,0.008750
ECDSA-P256,keygen,73,0.008740
ECDSA-P256,keygen,74,0.008739
ECDSA-P256,keygen,75,0.008810
ECDSA-P256,keygen,76,0.008760
ECDSA-P256,keygen,77,0.008790
ECDSA-P256,keygen,78,0.008740
ECDSA-P256,keygen,79,0.008640
ECDSA-P256,keygen,80,0.008640
ECDSA-P256,keygen,81,0.008600
ECDSA-P256,keygen,82,0.008719
ECDSA-P256,keygen,83,0.008680
ECDSA-P256,keygen,84,0.008730
ECDSA-P256,keygen,85,0.008690
ECDSA-P256,keygen,86,0.008670
ECDSA-P256,keygen,87,0.008620
ECDSA-P256,keygen,88,0.008790
ECDSA-P256,keygen,89,0.008770
ECDSA-P256,keygen,90,0.008769
ECDSA-P256,keygen,91,0.008660
ECDSA-P256,keygen,92,0.008670
ECDSA-P256,keygen,93,0.008610
ECDSA-P256,keygen,94,0.008640
ECDSA-P256,keygen,95,0.008630
ECDSA-P256,keygen,96,0.008710
ECDSA-P256,keygen,97,0.008640
ECDSA-P256,keygen,98,0.008699
ECDSA-P256,keygen,99,0.008700
ECDSA-P256,keygen,100,0.008730
ECDSA-P256,keygen,101,0.008840
ECDSA-P256,keygen,102,0.008730
ECDSA-P256,keygen,103,0.008790
ECDSA-P256,keygen,104,0.008740
ECDSA-P256,keygen,105,0.008610
ECDSA-P256,keygen,106,0.008599
ECDSA-P256,keygen,107,0.008610
ECDSA-P256,keygen,108,0.008620
ECDSA-P256,keygen,109,0.008730
ECDSA-P256,keygen,110,0.008620
ECDSA-P256,keygen,111,0.008600
ECDSA-P256,keygen,112,0.008670
ECDSA-P256,keygen,113,0.008710
ECDSA-P256,keygen,114,0.008680
ECDSA-P256,keygen,115,0.008790
ECDSA-P256,keygen,116,0.008690
ECDSA-P256,keygen,117,0.008750
ECDSA-P256,keygen,118,0.008730
ECDSA-P256,keygen,119,0.008730
ECDSA-P256,keygen,120,0.008680
ECDSA-P256,keygen,121,0.008690
ECDSA-P256,keygen,122,0.008650
ECDSA-P256,keygen,123,0.008759
ECDSA-P256,keygen,124,0.008660
ECDSA-P256,keygen,125,0.008870
ECDSA-P256,keygen,126,0.008870
ECDSA-P256,keygen,127,0.008650
ECDSA-P256,keygen,128,0.008580
ECDSA-P256,keygen,129,0.008700
ECDSA-P256,keygen,130,0.008710
ECDSA-P256,keygen,131,0.008689
ECDSA-P256,keygen,132,0.008690
ECDSA-P256,keygen,133,0.008620
ECDSA-P256,keygen,134,0.008660
ECDSA-P256,keygen,135,0.008750
ECDSA-P256,keygen,136,0.008670
ECDSA-P256,keygen,137,0.008670
ECDSA-P256,keygen,138,0.008620
ECDSA-P256,keygen,139,0.008759
ECDSA-P256,keygen,140,0.008650
ECDSA-P256,keygen,141,0.008700
ECDSA-P256,keygen,142,0.008650
ECDSA-P256,keygen,143,0.009450
ECDSA-P256,keygen,144,0.012250
ECDSA-P256,keygen,145,0.008640
ECDSA-P256,keygen,146,0.008670
ECDSA-P256,keygen,147,0.008639
ECDSA-P256,keygen,148,0.008800
ECDSA-P256,keygen,149,0.008720
ECDSA-P256,keygen,150,0.008740
ECDSA-P256,keygen,151,0.008670
ECDSA-P256,keygen,152,0.008670
ECDSA-P256,keygen,153,0.008690
ECDSA-P256,keygen,154,0.008720
ECDSA-P256,keygen,155,0.008739
ECDSA-P256,keygen,156,0.008690
ECDSA-P256,keygen,157,0.008760
ECDSA-P256,keygen,158,0.008680
ECDSA-P256,keygen,159,0.008650
ECDSA-P256,keygen,160,0.008610
ECDSA-P256,keygen,161,0.008890
ECDSA-P256,keygen,162,0.008660
ECDSA-P256,keygen,163,0.008709
ECDSA-P256,keygen,164,0.008770
ECDSA-P256,keygen,165,0.008640
ECDSA-P256,keygen,166,0.008660
ECDSA-P256,keygen,167,0.008710
ECDSA-P256,keygen,168,0.008650
ECDSA-P256,keygen,169,0.008690
ECDSA-P256,keygen,170,0.008630
ECDSA-P256,keygen,171,0.008739
ECDSA-P256,keygen,172,0.008650
ECDSA-P256,keygen,173,0.008690
ECDSA-P256,keygen,174,0.008730
ECDSA-P256,keygen,175,0.008700
ECDSA-P256,keygen,176,0.008630
ECDSA-P256,keygen,177,0.008630
ECDSA-P256,keygen,178,0.008640
ECDSA-P256,keygen,179,0.008660
ECDSA-P256,keygen,180,0.008629
ECDSA-P256,keygen,181,0.008630
ECDSA-P256,keygen,182,0.008590
ECDSA-P256,keygen,183,0.008710
ECDSA-P256,keygen,184,0.008750
ECDSA-P256,keygen,185,0.008640
ECDSA-P256,keygen,186,0.008710
ECDSA-P256,keygen,187,0.008680
ECDSA-P256,keygen,188,0.008709
ECDSA-P256,keygen,189,0.008610
ECDSA-P256,keygen,190,0.008680
ECDSA-P256,keygen,191,0.008690
ECDSA-P256,keygen,192,0.008690
ECDSA-P256,keygen,193,0.008530
ECDSA-P256,keygen,194,0.008620
ECDSA-P256,keygen,195,0.008630
ECDSA-P256,keygen,196,0.008599
ECDSA-P256,keygen,197,0.008710
ECDSA-P256,keygen,198,0.008630
ECDSA-P256,keygen,199,0.008620
ECDSA-P256,keygen,200,0.008730
ECDSA-P256,keygen,201,0.008670
ECDSA-P256,keygen,202,0.008720
ECDSA-P256,keygen,203,0.008700
ECDSA-P256,keygen,204,0.008799
ECDSA-P256,keygen,205,0.008750
ECDSA-P256,keygen,206,0.008590
ECDSA-P256,keygen,207,0.008730
ECDSA-P256,keygen,208,0.008680
ECDSA-P256,keygen,209,0.008620
ECDSA-P256,keygen,210,0.008660
ECDSA-P256,keygen,211,0.008760
ECDSA-P256,keygen,212,0.008699
ECDSA-P256,keygen,213,0.008580
ECDSA-P256,keygen,214,0.008630
ECDSA-P256,keygen,215,0.008720
ECDSA-P256,keygen,216,0.008680
ECDSA-P256,keygen,217,0.008720
ECDSA-P256,keygen,218,0.008860
ECDSA-P256,keygen,219,0.008590
ECDSA-P256,keygen,220,0.008710
ECDSA-P256,keygen,221,0.008659
ECDSA-P256,keygen,222,0.008670
ECDSA-P256,keygen,223,0.008740
ECDSA-P256,keygen,224,0.008640
ECDSA-P256,keygen,225,0.008600
ECDSA-P256,keygen,226,0.008810
ECDSA-P256,keygen,227,0.008650
ECDSA-P256,keygen,228,0.008680
ECDSA-P256,keygen,229,0.008709
ECDSA-P256,keygen,230,0.008800
ECDSA-P256,keygen,231,0.008740
ECDSA-P256,keygen,232,0.008630
ECDSA-P256,keygen,233,0.008620
ECDSA-P256,keygen,234,0.008560
ECDSA-P256,keygen,235,0.008710
ECDSA-P256,keygen,236,0.008640
ECDSA-P256,keygen,237,0.008659
ECDSA-P256,keygen,238,0.008630
ECDSA-P256,keygen,239,0.008690
ECDSA-P256,keygen,240,0.008660
ECDSA-P256,keygen,241,0.008530
ECDSA-P256,keygen,242,0.008690
ECDSA-P256,keygen,243,0.008630
ECDSA-P256,keygen,244,0.008710
ECDSA-P256,keygen,245,0.008649
ECDSA-P256,keygen,246,0.008670
ECDSA-P256,keygen,247,0.008640
ECDSA-P256,keygen,248,0.009320
ECDSA-P256,keygen,249,0.010990
ECDSA-P256,keygen,250,0.008790
ECDSA-P256,keygen,251,0.008700
ECDSA-P256,keygen,252,0.008760
ECDSA-P256,keygen,253,0.008619
ECDSA-P256,keygen,254,0.008690
ECDSA-P256,keygen,255,0.008750
ECDSA-P256,keygen,256,0.008630
ECDSA-P256,keygen,257,0.008720
ECDSA-P256,keygen,258,0.008640
ECDSA-P256,keygen,259,0.008720
ECDSA-P256,keygen,260,0.008780
ECDSA-P256,keygen,261,0.008619
ECDSA-P256,keygen,262,0.008730
ECDSA-P256,keygen,263,0.008720
ECDSA-P256,keygen,264,0.008690
ECDSA-P256,keygen,265,0.008660
ECDSA-P256,keygen,266,0.008730
ECDSA-P256,keygen,267,0.008600
ECDSA-P256,keygen,268,0.008640
ECDSA-P256,keygen,269,0.008770
ECDSA-P256,keygen,270,0.008649
ECDSA-P256,keygen,271,0.008670
ECDSA-P256,keygen,272,0.008750
ECDSA-P256,keygen,273,0.008770
ECDSA-P256,keygen,274,0.008730
ECDSA-P256,keygen,275,0.008660
ECDSA-P256,keygen,276,0.008770
ECDSA-P256,keygen,277,0.008600
ECDSA-P256,keygen,278,0.008789
ECDSA-P256,keygen,279,0.008560
ECDSA-P256,keygen,280,0.008680
ECDSA-P256,keygen,281,0.008600
ECDSA-P256,keygen,282,0.008710
ECDSA-P256,keygen,283,0.008620
ECDSA-P256,keygen,284,0.008660
ECDSA-P256,keygen,285,0.008750
ECDSA-P256,keygen,286,0.008699
ECDSA-P256,keygen,287,0.008690
ECDSA-P256,keygen,288,0.008570
ECDSA-P256,keygen,289,0.008740
ECDSA-P256,keygen,290,0.008720
ECDSA-P256,keygen,291,0.008690
ECDSA-P256,keygen,292,0.008640
ECDSA-P256,keygen,293,0.008750
ECDSA-P256,keygen,294,0.008739
ECDSA-P256,keygen,295,0.008600
ECDSA-P256,keygen,296,0.008760
ECDSA-P256,keygen,297,0.008750
ECDSA-P256,keygen,298,0.008670
ECDSA-P256,keygen,299,0.008780
ECDSA-P256,keygen,300,0.008630
ECDSA-P256,keygen,301,0.008590
ECDSA-P256,keygen,302,0.008669
ECDSA-P256,keygen,303,0.008730
ECDSA-P256,keygen,304,0.008660
ECDSA-P256,keygen,305,0.008680
ECDSA-P256,keygen,306,0.008800
ECDSA-P256,keygen,307,0.008640
ECDSA-P256,keygen,308,0.008710
ECDSA-P256,keygen,309,0.008600
ECDSA-P256,keygen,310,0.008680
ECDSA-P256,keygen,311,0.008629
ECDSA-P256,keygen,312,0.008700
ECDSA-P256,keygen,313,0.008780
ECDSA-P256,keygen,314,0.008620
ECDSA-P256,keygen,315,0.008750
ECDSA-P256,keygen,316,0.008700
ECDSA-P256,keygen,317,0.008700
ECDSA-P256,keygen,318,0.008720
ECDSA-P256,keygen,319,0.008799
ECDSA-P256,keygen,320,0.008610
ECDSA-P256,keygen,321,0.008600
ECDSA-P256,keygen,322,0.008740
ECDSA-P256,keygen,323,0.008640
ECDSA-P256,keygen,324,0.008700
ECDSA-P256,keygen,325,0.008640
ECDSA-P256,keygen,326,0.008660
ECDSA-P256,keygen,327,0.008629
ECDSA-P256,keygen,328,0.008750
ECDSA-P256,keygen,329,0.008630
ECDSA-P256,keygen,330,0.008630
ECDSA-P256,keygen,331,0.008680
ECDSA-P256,keygen,332,0.008680
ECDSA-P256,keygen,333,0.008720
ECDSA-P256,keygen,334,0.008790
ECDSA-P256,keygen,335,0.008649
ECDSA-P256,keygen,336,0.008830
ECDSA-P256,keygen,337,0.008810
ECDSA-P256,keygen,338,0.008810
ECDSA-P256,keygen,339,0.008620
ECDSA-P256,keygen,340,0.008610
ECDSA-P256,keygen,341,0.008740
ECDSA-P256,keygen,342,0.008680
ECDSA-P256,keygen,343,0.008739
ECDSA-P256,keygen,344,0.008610
ECDSA-P256,keygen,345,0.008840
ECDSA-P256,keygen,346,0.008860
ECDSA-P256,keygen,347,0.008720
ECDSA-P256,keygen,348,0.008700
ECDSA-P256,keygen,349,0.008550
ECDSA-P256,keygen,350,0.008680
ECDSA-P256,keygen,351,0.008740
ECDSA-P256,keygen,352,0.008620
ECDSA-P256,keygen,353,0.008710
ECDSA-P256,keygen,354,0.011680
ECDSA-P256,keygen,355,0.008760
ECDSA-P256,keygen,356,0.008800
ECDSA-P256,keygen,357,0.008670
ECDSA-P256,keygen,358,0.008790
ECDSA-P256,keygen,359,0.008809
ECDSA-P256,keygen,360,0.008640
ECDSA-P256,keygen,361,0.008650
ECDSA-P256,keygen,362,0.008670
ECDSA-P256,keygen,363,0.008850
ECDSA-P256,keygen,364,0.008600
ECDSA-P256,keygen,365,0.008640
ECDSA-P256,keygen,366,0.008720
ECDSA-P256,keygen,367,0.008729
ECDSA-P256,keygen,368,0.008610
ECDSA-P256,keygen,369,0.008710
ECDSA-P256,keygen,370,0.008690
ECDSA-P256,keygen,371,0.008730
ECDSA-P256,keygen,372,0.008580
ECDSA-P256,keygen,373,0.008630
ECDSA-P256,keygen,374,0.008690
ECDSA-P256,keygen,375,0.008610
ECDSA-P256,keygen,376,0.008639
ECDSA-P256,keygen,377,0.008600
ECDSA-P256,keygen,378,0.008670
ECDSA-P256,keygen,379,0.008780
ECDSA-P256,keygen,380,0.008720
ECDSA-P256,keygen,381,0.008930
ECDSA-P256,keygen,382,0.008780
ECDSA-P256,keygen,383,0.008700
ECDSA-P256,keygen,384,0.008649
ECDSA-P256,keygen,385,0.008710
ECDSA-P256,keygen,386,0.008740
ECDSA-P256,keygen,387,0.008660
ECDSA-P256,keygen,388,0.008710
ECDSA-P256,keygen,389,0.008730
ECDSA-P256,keygen,390,0.008660
ECDSA-P256,keygen,391,0.008750
ECDSA-P256,keygen,392,0.008729
ECDSA-P256,keygen,393,0.008660
ECDSA-P256,keygen,394,0.008590
ECDSA-P256,keygen,395,0.008670
ECDSA-P256,keygen,396,0.008660
ECDSA-P256,keygen,397,0.008760
ECDSA-P256,keygen,398,0.008800
ECDSA-P256,keygen,399,0.008740
ECDSA-P256,keygen,400,0.008779
ECDSA-P256,keygen,401,0.008650
ECDSA-P256,keygen,402,0.008640
ECDSA-P256,keygen,403,0.008680
ECDSA-P256,keygen,404,0.008600
ECDSA-P256,keygen,405,0.008820
ECDSA-P256,keygen,406,0.008630
ECDSA-P256,keygen,407,0.008690
ECDSA-P256,keygen,408,0.008669
ECDSA-P256,keygen,409,0.008730
ECDSA-P256,keygen,410,0.008900
ECDSA-P256,keygen,411,0.008690
ECDSA-P256,keygen,412,0.008690
ECDSA-P256,keygen,413,0.008830
ECDSA-P256,keygen,414,0.008810
ECDSA-P256,keygen,415,0.008740
ECDSA-P256,keygen,416,0.008740
ECDSA-P256,keygen,417,0.008820
ECDSA-P256,keygen,418,0.008680
ECDSA-P256,keygen,419,0.008680
ECDSA-P256,keygen,420,0.008650
ECDSA-P256,keygen,421,0.008710
ECDSA-P256,keygen,422,0.008660
ECDSA-P256,keygen,423,0.008650
ECDSA-P256,keygen,424,0.008700
ECDSA-P256,keygen,425,0.008769
ECDSA-P256,keygen,426,0.008720
ECDSA-P256,keygen,427,0.008650
ECDSA-P256,keygen,428,0.008650
ECDSA-P256,keygen,429,0.008660
ECDSA-P256,keygen,430,0.008660
ECDSA-P256,keygen,431,0.008740
ECDSA-P256,keygen,432,0.008680
ECDSA-P256,keygen,433,0.008629
ECDSA-P256,keygen,434,0.008640
ECDSA-P256,keygen,435,0.008740
ECDSA-P256,keygen,436,0.008590
ECDSA-P256,keygen,437,0.008710
ECDSA-P256,keygen,438,0.008640
ECDSA-P256,keygen,439,0.008710
ECDSA-P256,keygen,440,0.008690
ECDSA-P256,keygen,441,0.008659
ECDSA-P256,keygen,442,0.008620
ECDSA-P256,keygen,443,0.008640
ECDSA-P256,keygen,444,0.008610
ECDSA-P256,keygen,445,0.008710
ECDSA-P256,keygen,446,0.008580
ECDSA-P256,keygen,447,0.008610
ECDSA-P256,keygen,448,0.008560
ECDSA-P256,keygen,449,0.008619
ECDSA-P256,keygen,450,0.008580
ECDSA-P256,keygen,451,0.008680
ECDSA-P256,keygen,452,0.008680
ECDSA-P256,keygen,453,0.008740
ECDSA-P256,keygen,454,0.008620
ECDSA-P256,keygen,455,0.008660
ECDSA-P256,keygen,456,0.008670
ECDSA-P256,keygen,457,0.008680
ECDSA-P256,keygen,458,0.008629
ECDSA-P256,keygen,459,0.008620
ECDSA-P256,keygen,460,0.008790
ECDSA-P256,keygen,461,0.008700
ECDSA-P256,keygen,462,0.008710
ECDSA-P256,keygen,463,0.008530
ECDSA-P256,keygen,464,0.008730
ECDSA-P256,keygen,465,0.008680
ECDSA-P256,keygen,466,0.008620
ECDSA-P256,keygen,467,0.008680
ECDSA-P256,keygen,468,0.008680
ECDSA-P256,keygen,469,0.008790
ECDSA-P256,keygen,470,0.008710
ECDSA-P256,keygen,471,0.008630
ECDSA-P256,keygen,472,0.008670
ECDSA-P256,keygen,473,0.008620
ECDSA-P256,keygen,474,0.008639
ECDSA-P256,keygen,475,0.008690
ECDSA-P256,keygen,476,0.008620
ECDSA-P256,keygen,477,0.008600
ECDSA-P256,keygen,478,0.008820
ECDSA-P256,keygen,479,0.008690
ECDSA-P256,keygen,480,0.008670
ECDSA-P256,keygen,481,0.008680
ECDSA-P256,keygen,482,0.008609
ECDSA-P256,keygen,483,0.008660
ECDSA-P256,keygen,484,0.008740
ECDSA-P256,keygen,485,0.008650
ECDSA-P256,keygen,486,0.008610
ECDSA-P256,keygen,487,0.008640
ECDSA-P256,keygen,488,0.008600
ECDSA-P256,keygen,489,0.008820
ECDSA-P256,keygen,490,0.008619
ECDSA-P256,keygen,491,0.008680
ECDSA-P256,keygen,492,0.008660
ECDSA-P256,keygen,493,0.008670
ECDSA-P256,keygen,494,0.008690
ECDSA-P256,keygen,495,0.008620
ECDSA-P256,keygen,496,0.008680
ECDSA-P256,keygen,497,0.008760
ECDSA-P256,keygen,498,0.008599
ECDSA-P256,keygen,499,0.008580
ECDSA-P256,keygen,500,0.008660
ECDSA-P256,keygen,501,0.008750
ECDSA-P256,keygen,502,0.008690
ECDSA-P256,keygen,503,0.008580
ECDSA-P256,keygen,504,0.008670
ECDSA-P256,keygen,505,0.008620
ECDSA-P256,keygen,506,0.008690
ECDSA-P256,keygen,507,0.008679
ECDSA-P256,keygen,508,0.008690
ECDSA-P256,keygen,509,0.008670
ECDSA-P256,keygen,510,0.008650
ECDSA-P256,keygen,511,0.008820
ECDSA-P256,keygen,512,0.008790
ECDSA-P256,keygen,513,0.008660
ECDSA-P256,keygen,514,0.008620
ECDSA-P256,keygen,515,0.008649
ECDSA-P256,keygen,516,0.008870
ECDSA-P256,keygen,517,0.008780
ECDSA-P256,keygen,518,0.008610
ECDSA-P256,keygen,519,0.008710
ECDSA-P256,keygen,520,0.008720
ECDSA-P256,keygen,521,0.008650
ECDSA-P256,keygen,522,0.008670
ECDSA-P256,keygen,523,0.008719
ECDSA-P256,keygen,524,0.008670
ECDSA-P256,keygen,525,0.008590
ECDSA-P256,keygen,526,0.008770
ECDSA-P256,keygen,527,0.008650
ECDSA-P256,keygen,528,0.008760
ECDSA-P256,keygen,529,0.008650
ECDSA-P256,keygen,530,0.008720
ECDSA-P256,keygen,531,0.008619
ECDSA-P256,keygen,532,0.008730
ECDSA-P256,keygen,533,0.008690
ECDSA-P256,keygen,534,0.008690
ECDSA-P256,keygen,535,0.008600
ECDSA-P256,keygen,536,0.008660
ECDSA-P256,keygen,537,0.008630
ECDSA-P256,keygen,538,0.008770
ECDSA-P256,keygen,539,0.008729
ECDSA-P256,keygen,540,0.008700
ECDSA-P256,keygen,541,0.008680
ECDSA-P256,keygen,542,0.008700
ECDSA-P256,keygen,543,0.008550
ECDSA-P256,keygen,544,0.008690
ECDSA-P256,keygen,545,0.008590
ECDSA-P256,keygen,546,0.008580
ECDSA-P256,keygen,547,0.008790
ECDSA-P256,keygen,548,0.008709
ECDSA-P256,keygen,549,0.008790
ECDSA-P256,keygen,550,0.008660
ECDSA-P256,keygen,551,0.008670
ECDSA-P256,keygen,552,0.008640
ECDSA-P256,keygen,553,0.008600
ECDSA-P256,keygen,554,0.008820
ECDSA-P256,keygen,555,0.008640
ECDSA-P256,keygen,556,0.008739
ECDSA-P256,keygen,557,0.008660
ECDSA-P256,keygen,558,0.008630
ECDSA-P256,keygen,559,0.008570
ECDSA-P256,keygen,560,0.008690
ECDSA-P256,keygen,561,0.008640
ECDSA-P256,keygen,562,0.008650
ECDSA-P256,keygen,563,0.008680
ECDSA-P256,keygen,564,0.009359
ECDSA-P256,keygen,565,0.012370
ECDSA-P256,keygen,566,0.008710
ECDSA-P256,keygen,567,0.008650
ECDSA-P256,keygen,568,0.008730
ECDSA-P256,keygen,569,0.008670
ECDSA-P256,keygen,570,0.008680
ECDSA-P256,keygen,571,0.008660
ECDSA-P256,keygen,572,0.008729
ECDSA-P256,keygen,573,0.008700
ECDSA-P256,keygen,574,0.008680
ECDSA-P256,keygen,575,0.008670
ECDSA-P256,keygen,576,0.008680
ECDSA-P256,keygen,577,0.008800
ECDSA-P256,keygen,578,0.008720
ECDSA-P256,keygen,579,0.008780
ECDSA-P256,keygen,580,0.008620
ECDSA-P256,keygen,581,0.008670
ECDSA-P256,keygen,582,0.008590
ECDSA-P256,keygen,583,0.008640
ECDSA-P256,keygen,584,0.008680
ECDSA-P256,keygen,585,0.008710
ECDSA-P256,keygen,586,0.008710
ECDSA-P256,keygen,587,0.008630
ECDSA-P256,keygen,588,0.008680
ECDSA-P256,keygen,589,0.008779
ECDSA-P256,keygen,590,0.008800
ECDSA-P256,keygen,591,0.008640
ECDSA-P256,keygen,592,0.008710
ECDSA-P256,keygen,593,0.008680
ECDSA-P256,keygen,594,0.008730
ECDSA-P256,keygen,595,0.008640
ECDSA-P256,keygen,596,0.008630
ECDSA-P256,keygen,597,0.008759
ECDSA-P256,keygen,598,0.008570
ECDSA-P256,keygen,599,0.008630
ECDSA-P256,keygen,600,0.008700
ECDSA-P256,keygen,601,0.008730
ECDSA-P256,keygen,602,0.008780
ECDSA-P256,keygen,603,0.008670
ECDSA-P256,keygen,604,0.008710
ECDSA-P256,keygen,605,0.008630
ECDSA-P256,keygen,606,0.008699
ECDSA-P256,keygen,607,0.008700
ECDSA-P256,keygen,608,0.008780
ECDSA-P256,keygen,609,0.008690
ECDSA-P256,keygen,610,0.008700
ECDSA-P256,keygen,611,0.008730
ECDSA-P256,keygen,612,0.008650
ECDSA-P256,keygen,613,0.008800
ECDSA-P256,keygen,614,0.008749
ECDSA-P256,keygen,615,0.008680
ECDSA-P256,keygen,616,0.008660
ECDSA-P256,keygen,617,0.008700
ECDSA-P256,keygen,618,0.008680
ECDSA-P256,keygen,619,0.008700
ECDSA-P256,keygen,620,0.008660
ECDSA-P256,keygen,621,0.008670
ECDSA-P256,keygen,622,0.008660
ECDSA-P256,keygen,623,0.008749
ECDSA-P256,keygen,624,0.008590
ECDSA-P256,keygen,625,0.008660
ECDSA-P256,keygen,626,0.008780
ECDSA-P256,keygen,627,0.008640
ECDSA-P256,keygen,628,0.008720
ECDSA-P256,keygen,629,0.008690
ECDSA-P256,keygen,630,0.008750
ECDSA-P256,keygen,631,0.008639
ECDSA-P256,keygen,632,0.008610
ECDSA-P256,keygen,633,0.008670
ECDSA-P256,keygen,634,0.008730
ECDSA-P256,keygen,635,0.008920
ECDSA-P256,keygen,636,0.008770
ECDSA-P256,keygen,637,0.008640
ECDSA-P256,keygen,638,0.008800
ECDSA-P256,keygen,639,0.008750
ECDSA-P256,keygen,640,0.008759
ECDSA-P256,keygen,641,0.008730
ECDSA-P256,keygen,642,0.008810
ECDSA-P256,keygen,643,0.008710
ECDSA-P256,keygen,644,0.008650
ECDSA-P256,keygen,645,0.008780
ECDSA-P256,keygen,646,0.008630
ECDSA-P256,keygen,647,0.008730
ECDSA-P256,keygen,648,0.008829
ECDSA-P256,keygen,649,0.008680
ECDSA-P256,keygen,650,0.008650
ECDSA-P256,keygen,651,0.008820
ECDSA-P256,keygen,652,0.008680
ECDSA-P256,keygen,653,0.008710
ECDSA-P256,keygen,654,0.008690
ECDSA-P256,keygen,655,0.008820
ECDSA-P256,keygen,656,0.008720
ECDSA-P256,keygen,657,0.008699
ECDSA-P256,keygen,658,0.008680
ECDSA-P256,keygen,659,0.008830
ECDSA-P256,keygen,660,0.008670
ECDSA-P256,keygen,661,0.008740
ECDSA-P256,keygen,662,0.008670
ECDSA-P256,keygen,663,0.008660
ECDSA-P256,keygen,664,0.008730
ECDSA-P256,keygen,665,0.008689
ECDSA-P256,keygen,666,0.008750
ECDSA-P256,keygen,667,0.008710
ECDSA-P256,keygen,668,0.008600
ECDSA-P256,keygen,669,0.009440
ECDSA-P256,keygen,670,0.011150
ECDSA-P256,keygen,671,0.008740
ECDSA-P256,keygen,672,0.008650
ECDSA-P256,keygen,673,0.008769
ECDSA-P256,keygen,674,0.008760
ECDSA-P256,keygen,675,0.008710
ECDSA-P256,keygen,676,0.008710
ECDSA-P256,keygen,677,0.008690
ECDSA-P256,keygen,678,0.008670
ECDSA-P256,keygen,679,0.008740
ECDSA-P256,keygen,680,0.008610
ECDSA-P256,keygen,681,0.008659
ECDSA-P256,keygen,682,0.008630
ECDSA-P256,keygen,683,0.008730
ECDSA-P256,keygen,684,0.008720
ECDSA-P256,keygen,685,0.008820
ECDSA-P256,keygen,686,0.008630
ECDSA-P256,keygen,687,0.008680
ECDSA-P256,keygen,688,0.008700
ECDSA-P256,keygen,689,0.008600
ECDSA-P256,keygen,690,0.008629
ECDSA-P256,keygen,691,0.008760
ECDSA-P256,keygen,692,0.008660
ECDSA-P256,keygen,693,0.008700
ECDSA-P256,keygen,694,0.008610
ECDSA-P256,keygen,695,0.008680
ECDSA-P256,keygen,696,0.008650
ECDSA-P256,keygen,697,0.008670
ECDSA-P256,keygen,698,0.008719
ECDSA-P256,keygen,699,0.008630
ECDSA-P256,keygen,700,0.008690
ECDSA-P256,keygen,701,0.008680
ECDSA-P256,keygen,702,0.008700
ECDSA-P256,keygen,703,0.008650
ECDSA-P256,keygen,704,0.008670
ECDSA-P256,keygen,705,0.008740
ECDSA-P256,keygen,706,0.008619
ECDSA-P256,keygen,707,0.008580
ECDSA-P256,keygen,708,0.008710
ECDSA-P256,keygen,709,0.008680
ECDSA-P256,keygen,710,0.008680
ECDSA-P256,keygen,711,0.008760
ECDSA-P256,keygen,712,0.008720
ECDSA-P256,keygen,713,0.008770
ECDSA-P256,keygen,714,0.008829
ECDSA-P256,keygen,715,0.008670
ECDSA-P256,keygen,716,0.008620
ECDSA-P256,keygen,717,0.008610
ECDSA-P256,keygen,718,0.008720
ECDSA-P256,keygen,719,0.008690
ECDSA-P256,keygen,720,0.008660
ECDSA-P256,keygen,721,0.008810
ECDSA-P256,keygen,722,0.008699
ECDSA-P256,keygen,723,0.008680
ECDSA-P256,keygen,724,0.008640
ECDSA-P256,keygen,725,0.008730
ECDSA-P256,keygen,726,0.008730
ECDSA-P256,keygen,727,0.008700
ECDSA-P256,keygen,728,0.008660
ECDSA-P256,keygen,729,0.008730
ECDSA-P256,keygen,730,0.008770
ECDSA-P256,keygen,731,0.008799
ECDSA-P256,keygen,732,0.008860
ECDSA-P256,keygen,733,0.008780
ECDSA-P256,keygen,734,0.008670
ECDSA-P256,keygen,735,0.008670
ECDSA-P256,keygen,736,0.008820
ECDSA-P256,keygen,737,0.008780
ECDSA-P256,keygen,738,0.008660
ECDSA-P256,keygen,739,0.008769
ECDSA-P256,keygen,740,0.008720
ECDSA-P256,keygen,741,0.008670
ECDSA-P256,keygen,742,0.008720
ECDSA-P256,keygen,743,0.008630
ECDSA-P256,keygen,744,0.008690
ECDSA-P256,keygen,745,0.008650
ECDSA-P256,keygen,746,0.008770
ECDSA-P256,keygen,747,0.008719
ECDSA-P256,keygen,748,0.008750
ECDSA-P256,keygen,749,0.008680
ECDSA-P256,keygen,750,0.008670
ECDSA-P256,keygen,751,0.008680
ECDSA-P256,keygen,752,0.008630
ECDSA-P256,keygen,753,0.008680
ECDSA-P256,keygen,754,0.008750
ECDSA-P256,keygen,755,0.008639
ECDSA-P256,keygen,756,0.008600
ECDSA-P256,keygen,757,0.008670
ECDSA-P256,keygen,758,0.008790
ECDSA-P256,keygen,759,0.008730
ECDSA-P256,keygen,760,0.008670
ECDSA-P256,keygen,761,0.008660
ECDSA-P256,keygen,762,0.008700
ECDSA-P256,keygen,763,0.008589
ECDSA-P256,keygen,764,0.008750
ECDSA-P256,keygen,765,0.008720
ECDSA-P256,keygen,766,0.008760
ECDSA-P256,keygen,767,0.008670
ECDSA-P256,keygen,768,0.008700
ECDSA-P256,keygen,769,0.008820
ECDSA-P256,keygen,770,0.008700
ECDSA-P256,keygen,771,0.008690
ECDSA-P256,keygen,772,0.008680
ECDSA-P256,keygen,773,0.008630
ECDSA-P256,keygen,774,0.009420
ECDSA-P256,keygen,775,0.011190
ECDSA-P256,keygen,776,0.008720
ECDSA-P256,keygen,777,0.008800
ECDSA-P256,keygen,778,0.008730
ECDSA-P256,keygen,779,0.008729
ECDSA-P256,keygen,780,0.008650
ECDSA-P256,keygen,781,0.008680
ECDSA-P256,keygen,782,0.008660
ECDSA-P256,keygen,783,0.008710
ECDSA-P256,keygen,784,0.008680
ECDSA-P256,keygen,785,0.008660
ECDSA-P256,keygen,786,0.008620
ECDSA-P256,keygen,787,0.008650
ECDSA-P256,keygen,788,0.008570
ECDSA-P256,keygen,789,0.008670
ECDSA-P256,keygen,790,0.008710
ECDSA-P256,keygen,791,0.008680
ECDSA-P256,keygen,792,0.008650
ECDSA-P256,keygen,793,0.008640
ECDSA-P256,keygen,794,0.008650
ECDSA-P256,keygen,795,0.008710
ECDSA-P256,keygen,796,0.008629
ECDSA-P256,keygen,797,0.008650
ECDSA-P256,keygen,798,0.008920
ECDSA-P256,keygen,799,0.008740
ECDSA-P256,keygen,800,0.008680
ECDSA-P256,keygen,801,0.008680
ECDSA-P256,keygen,802,0.008780
ECDSA-P256,keygen,803,0.008710
ECDSA-P256,keygen,804,0.008569
ECDSA-P256,keygen,805,0.008760
ECDSA-P256,keygen,806,0.008600
ECDSA-P256,keygen,807,0.008690
ECDSA-P256,keygen,808,0.008640
ECDSA-P256,keygen,809,0.008760
ECDSA-P256,keygen,810,0.008590
ECDSA-P256,keygen,811,0.008720
ECDSA-P256,keygen,812,0.008819
ECDSA-P256,keygen,813,0.008660
ECDSA-P256,keygen,814,0.008580
ECDSA-P256,keygen,815,0.008740
ECDSA-P256,keygen,816,0.008720
ECDSA-P256,keygen,817,0.008720
ECDSA-P256,keygen,818,0.008740
ECDSA-P256,keygen,819,0.008620
ECDSA-P256,keygen,820,0.008669
ECDSA-P256,keygen,821,0.008860
ECDSA-P256,keygen,822,0.008760
ECDSA-P256,keygen,823,0.008760
ECDSA-P256,keygen,824,0.008690
ECDSA-P256,keygen,825,0.008770
ECDSA-P256,keygen,826,0.008640
ECDSA-P256,keygen,827,0.008650
ECDSA-P256,keygen,828,0.008620
ECDSA-P256,keygen,829,0.008760
ECDSA-P256,keygen,830,0.008600
ECDSA-P256,keygen,831,0.008680
ECDSA-P256,keygen,832,0.008670
ECDSA-P256,keygen,833,0.008650
ECDSA-P256,keygen,834,0.008680
ECDSA-P256,keygen,835,0.008700
ECDSA-P256,keygen,836,0.008700
ECDSA-P256,keygen,837,0.008669
ECDSA-P256,keygen,838,0.008560
ECDSA-P256,keygen,839,0.008630
ECDSA-P256,keygen,840,0.008690
ECDSA-P256,keygen,841,0.008680
ECDSA-P256,keygen,842,0.008580
ECDSA-P256,keygen,843,0.008800
ECDSA-P256,keygen,844,0.008830
ECDSA-P256,keygen,845,0.008699
ECDSA-P256,keygen,846,0.008780
ECDSA-P256,keygen,847,0.008660
ECDSA-P256,keygen,848,0.008660
ECDSA-P256,keygen,849,0.008700
ECDSA-P256,keygen,850,0.008660
ECDSA-P256,keygen,851,0.008590
ECDSA-P256,keygen,852,0.008680
ECDSA-P256,keygen,853,0.008619
ECDSA-P256,keygen,854,0.008740
ECDSA-P256,keygen,855,0.008750
ECDSA-P256,keygen,856,0.008660
ECDSA-P256,keygen,857,0.008740
ECDSA-P256,keygen,858,0.008720
ECDSA-P256,keygen,859,0.008630
ECDSA-P256,keygen,860,0.008720
ECDSA-P256,keygen,861,0.008799
ECDSA-P256,keygen,862,0.008660
ECDSA-P256,keygen,863,0.008670
ECDSA-P256,keygen,864,0.008670
ECDSA-P256,keygen,865,0.008700
ECDSA-P256,keygen,866,0.008680
ECDSA-P256,keygen,867,0.008640
ECDSA-P256,keygen,868,0.008650
ECDSA-P256,keygen,869,0.008679
ECDSA-P256,keygen,870,0.008820
ECDSA-P256,keygen,871,0.008700
ECDSA-P256,keygen,872,0.008760
ECDSA-P256,keygen,873,0.008680
ECDSA-P256,keygen,874,0.008700
ECDSA-P256,keygen,875,0.008670
ECDSA-P256,keygen,876,0.008730
ECDSA-P256,keygen,877,0.008720
ECDSA-P256,keygen,878,0.008679
ECDSA-P256,keygen,879,0.009410
ECDSA-P256,keygen,880,0.011070
ECDSA-P256,keygen,881,0.008650
ECDSA-P256,keygen,882,0.008740
ECDSA-P256,keygen,883,0.008610
ECDSA-P256,keygen,884,0.008630
ECDSA-P256,keygen,885,0.008750
ECDSA-P256,keygen,886,0.008680
ECDSA-P256,keygen,887,0.008610
ECDSA-P256,keygen,888,0.008720
ECDSA-P256,keygen,889,0.008660
ECDSA-P256,keygen,890,0.008670
ECDSA-P256,keygen,891,0.008720
ECDSA-P256,keygen,892,0.008620
ECDSA-P256,keygen,893,0.008650
ECDSA-P256,keygen,894,0.008659
ECDSA-P256,keygen,895,0.008680
ECDSA-P256,keygen,896,0.008680
ECDSA-P256,keygen,897,0.008630
ECDSA-P256,keygen,898,0.008650
ECDSA-P256,keygen,899,0.008600
ECDSA-P256,keygen,900,0.008700
ECDSA-P256,keygen,901,0.008600
ECDSA-P256,keygen,902,0.008519
ECDSA-P256,keygen,903,0.008650
ECDSA-P256,keygen,904,0.008720
ECDSA-P256,keygen,905,0.008700
ECDSA-P256,keygen,906,0.008720
ECDSA-P256,keygen,907,0.008700
ECDSA-P256,keygen,908,0.008700
ECDSA-P256,keygen,909,0.008740
ECDSA-P256,keygen,910,0.008729
ECDSA-P256,keygen,911,0.008650
ECDSA-P256,keygen,912,0.008730
ECDSA-P256,keygen,913,0.008710
ECDSA-P256,keygen,914,0.008650
ECDSA-P256,keygen,915,0.008670
ECDSA-P256,keygen,916,0.008630
ECDSA-P256,keygen,917,0.008750
ECDSA-P256,keygen,918,0.008759
ECDSA-P256,keygen,919,0.008740
ECDSA-P256,keygen,920,0.008640
ECDSA-P256,keygen,921,0.008640
ECDSA-P256,keygen,922,0.008620
ECDSA-P256,keygen,923,0.008650
ECDSA-P256,keygen,924,0.008670
ECDSA-P256,keygen,925,0.008740
ECDSA-P256,keygen,926,0.008640
ECDSA-P256,keygen,927,0.008629
ECDSA-P256,keygen,928,0.008710
ECDSA-P256,keygen,929,0.008750
ECDSA-P256,keygen,930,0.008680
ECDSA-P256,keygen,931,0.008630
ECDSA-P256,keygen,932,0.008630
ECDSA-P256,keygen,933,0.008860
ECDSA-P256,keygen,934,0.008690
ECDSA-P256,keygen,935,0.008719
ECDSA-P256,keygen,936,0.008660
ECDSA-P256,keygen,937,0.008660
ECDSA-P256,keygen,938,0.008660
ECDSA-P256,keygen,939,0.008710
ECDSA-P256,keygen,940,0.008670
ECDSA-P256,keygen,941,0.008630
ECDSA-P256,keygen,942,0.008920
ECDSA-P256,keygen,943,0.008729
ECDSA-P256,keygen,944,0.008700
ECDSA-P256,keygen,945,0.008820
ECDSA-P256,keygen,946,0.008640
ECDSA-P256,keygen,947,0.008660
ECDSA-P256,keygen,948,0.008680
ECDSA-P256,keygen,949,0.008810
ECDSA-P256,keygen,950,0.008600
ECDSA-P256,keygen,951,0.008649
ECDSA-P256,keygen,952,0.008690
ECDSA-P256,keygen,953,0.008700
ECDSA-P256,keygen,954,0.008710
ECDSA-P256,keygen,955,0.008640
ECDSA-P256,keygen,956,0.008690
ECDSA-P256,keygen,957,0.008810
ECDSA-P256,keygen,958,0.008630
ECDSA-P256,keygen,959,0.008589
ECDSA-P256,keygen,960,0.008680
ECDSA-P256,keygen,961,0.008690
ECDSA-P256,keygen,962,0.008860
ECDSA-P256,keygen,963,0.008660
ECDSA-P256,keygen,964,0.008600
ECDSA-P256,keygen,965,0.008720
ECDSA-P256,keygen,966,0.008710
ECDSA-P256,keygen,967,0.008830
ECDSA-P256,keygen,968,0.008850
ECDSA-P256,keygen,969,0.008680
ECDSA-P256,keygen,970,0.008690
ECDSA-P256,keygen,971,0.008770
ECDSA-P256,keygen,972,0.008710
ECDSA-P256,keygen,973,0.008640
ECDSA-P256,keygen,974,0.008690
ECDSA-P256,keygen,975,0.008560
ECDSA-P256,keygen,976,0.008669
ECDSA-P256,keygen,977,0.008660
ECDSA-P256,keygen,978,0.008640
ECDSA-P256,keygen,979,0.008650
ECDSA-P256,keygen,980,0.008700
ECDSA-P256,keygen,981,0.008650
ECDSA-P256,keygen,982,0.008670
ECDSA-P256,keygen,983,0.008700
ECDSA-P256,keygen,984,0.009469
ECDSA-P256,keygen,985,0.012460
ECDSA-P256,keygen,986,0.010330
ECDSA-P256,keygen,987,0.008880
ECDSA-P256,keygen,988,0.008660
ECDSA-P256,keygen,989,0.008730
ECDSA-P256,keygen,990,0.008800
ECDSA-P256,keygen,991,0.008679
ECDSA-P256,keygen,992,0.008630
ECDSA-P256,keygen,993,0.008630
ECDSA-P256,keygen,994,0.008630
ECDSA-P256,keygen,995,0.008660
ECDSA-P256,keygen,996,0.008680
ECDSA-P256,keygen,997,0.008700
ECDSA-P256,keygen,998,0.008670
ECDSA-P256,keygen,999,0.008700
ECDSA-P256,sign,0,0.013640
ECDSA-P256,sign,1,0.013580
ECDSA-P256,sign,2,0.013569
ECDSA-P256,sign,3,0.013580
ECDSA-P256,sign,4,0.013580
ECDSA-P256,sign,5,0.013570
ECDSA-P256,sign,6,0.013570
ECDSA-P256,sign,7,0.013659
ECDSA-P256,sign,8,0.013580
ECDSA-P256,sign,9,0.013580
ECDSA-P256,sign,10,0.013550
ECDSA-P256,sign,11,0.013540
ECDSA-P256,sign,12,0.013570
ECDSA-P256,sign,13,0.013589
ECDSA-P256,sign,14,0.013560
ECDSA-P256,sign,15,0.013570
ECDSA-P256,sign,16,0.013570
ECDSA-P256,sign,17,0.013570
ECDSA-P256,sign,18,0.013579
ECDSA-P256,sign,19,0.013600
ECDSA-P256,sign,20,0.013610
ECDSA-P256,sign,21,0.013640
ECDSA-P256,sign,22,0.013580
ECDSA-P256,sign,23,0.015029
ECDSA-P256,sign,24,0.019360
ECDSA-P256,sign,25,0.013720
ECDSA-P256,sign,26,0.013650
ECDSA-P256,sign,27,0.013590
ECDSA-P256,sign,28,0.013599
ECDSA-P256,sign,29,0.013600
ECDSA-P256,sign,30,0.013610
ECDSA-P256,sign,31,0.013650
ECDSA-P256,sign,32,0.013570
ECDSA-P256,sign,33,0.013560
ECDSA-P256,sign,34,0.013559
ECDSA-P256,sign,35,0.013570
ECDSA-P256,sign,36,0.013570
ECDSA-P256,sign,37,0.013610
ECDSA-P256,sign,38,0.013550
ECDSA-P256,sign,39,0.013559
ECDSA-P256,sign,40,0.013580
ECDSA-P256,sign,41,0.013570
ECDSA-P256,sign,42,0.013560
ECDSA-P256,sign,43,0.013590
ECDSA-P256,sign,44,0.013590
ECDSA-P256,sign,45,0.013569
ECDSA-P256,sign,46,0.013580
ECDSA-P256,sign,47,0.013560
ECDSA-P256,sign,48,0.013590
ECDSA-P256,sign,49,0.013560
ECDSA-P256,sign,50,0.013569
ECDSA-P256,sign,51,0.013590
ECDSA-P256,sign,52,0.013700
ECDSA-P256,sign,53,0.013580
ECDSA-P256,sign,54,0.013580
ECDSA-P256,sign,55,0.013589
ECDSA-P256,sign,56,0.013600
ECDSA-P256,sign,57,0.013590
ECDSA-P256,sign,58,0.013600
ECDSA-P256,sign,59,0.013610
ECDSA-P256,sign,60,0.013570
ECDSA-P256,sign,61,0.013589
ECDSA-P256,sign,62,0.013600
ECDSA-P256,sign,63,0.013560
ECDSA-P256,sign,64,0.013590
ECDSA-P256,sign,65,0.013570
ECDSA-P256,sign,66,0.013559
ECDSA-P256,sign,67,0.013580
ECDSA-P256,sign,68,0.013570
ECDSA-P256,sign,69,0.013580
ECDSA-P256,sign,70,0.013540
ECDSA-P256,sign,71,0.013580
ECDSA-P256,sign,72,0.013579
ECDSA-P256,sign,73,0.013570
ECDSA-P256,sign,74,0.013570
ECDSA-P256,sign,75,0.013540
ECDSA-P256,sign,76,0.013570
ECDSA-P256,sign,77,0.013529
ECDSA-P256,sign,78,0.013560
ECDSA-P256,sign,79,0.013590
ECDSA-P256,sign,80,0.013570
ECDSA-P256,sign,81,0.013570
ECDSA-P256,sign,82,0.013569
ECDSA-P256,sign,83,0.013560
ECDSA-P256,sign,84,0.013570
ECDSA-P256,sign,85,0.013570
ECDSA-P256,sign,86,0.013570
ECDSA-P256,sign,87,0.013530
ECDSA-P256,sign,88,0.013539
ECDSA-P256,sign,89,0.013560
ECDSA-P256,sign,90,0.013590
ECDSA-P256,sign,91,0.013560
ECDSA-P256,sign,92,0.014330
ECDSA-P256,sign,93,0.016529
ECDSA-P256,sign,94,0.013620
ECDSA-P256,sign,95,0.013620
ECDSA-P256,sign,96,0.013580
ECDSA-P256,sign,97,0.013560
ECDSA-P256,sign,98,0.013580
ECDSA-P256,sign,99,0.013579
ECDSA-P256,sign,100,0.013550
ECDSA-P256,sign,101,0.013560
ECDSA-P256,sign,102,0.013540
ECDSA-P256,sign,103,0.013610
ECDSA-P256,sign,104,0.013559
ECDSA-P256,sign,105,0.013560
ECDSA-P256,sign,106,0.013550
ECDSA-P256,sign,107,0.013570
ECDSA-P256,sign,108,0.013560
ECDSA-P256,sign,109,0.013560
ECDSA-P256,sign,110,0.013559
ECDSA-P256,sign,111,0.013540
ECDSA-P256,sign,112,0.013570
ECDSA-P256,sign,113,0.013570
ECDSA-P256,sign,114,0.013570
ECDSA-P256,sign,115,0.013570
ECDSA-P256,sign,116,0.013589
ECDSA-P256,sign,117,0.013580
ECDSA-P256,sign,118,0.013590
ECDSA-P256,sign,119,0.013600
ECDSA-P256,sign,120,0.013590
ECDSA-P256,sign,121,0.013569
ECDSA-P256,sign,122,0.013540
ECDSA-P256,sign,123,0.013570
ECDSA-P256,sign,124,0.013550
ECDSA-P256,sign,125,0.013560
ECDSA-P256,sign,126,0.013540
ECDSA-P256,sign,127,0.013559
ECDSA-P256,sign,128,0.013540
ECDSA-P256,sign,129,0.013550
ECDSA-P256,sign,130,0.013560
ECDSA-P256,sign,131,0.013560
ECDSA-P256,sign,132,0.013559
ECDSA-P256,sign,133,0.013610
ECDSA-P256,sign,134,0.013560
ECDSA-P256,sign,135,0.013580
ECDSA-P256,sign,136,0.013560
ECDSA-P256,sign,137,0.013550
ECDSA-P256,sign,138,0.013589
ECDSA-P256,sign,139,0.013580
ECDSA-P256,sign,140,0.013590
ECDSA-P256,sign,141,0.013570
ECDSA-P256,sign,142,0.013550
ECDSA-P256,sign,143,0.013620
ECDSA-P256,sign,144,0.013599
ECDSA-P256,sign,145,0.013560
ECDSA-P256,sign,146,0.013570
ECDSA-P256,sign,147,0.013550
ECDSA-P256,sign,148,0.013560
ECDSA-P256,sign,149,0.013569
ECDSA-P256,sign,150,0.013560
ECDSA-P256,sign,151,0.013560
ECDSA-P256,sign,152,0.013570
ECDSA-P256,sign,153,0.013600
ECDSA-P256,sign,154,0.013540
ECDSA-P256,sign,155,0.013559
ECDSA-P256,sign,156,0.013550
ECDSA-P256,sign,157,0.013570
ECDSA-P256,sign,158,0.013570
ECDSA-P256,sign,159,0.013580
ECDSA-P256,sign,160,0.013549
ECDSA-P256,sign,161,0.013570
ECDSA-P256,sign,162,0.017610
ECDSA-P256,sign,163,0.016670
ECDSA-P256,sign,164,0.013680
ECDSA-P256,sign,165,0.013669
ECDSA-P256,sign,166,0.013600
ECDSA-P256,sign,167,0.013580
ECDSA-P256,sign,168,0.013580
ECDSA-P256,sign,169,0.013590
ECDSA-P256,sign,170,0.013570
ECDSA-P256,sign,171,0.013579
ECDSA-P256,sign,172,0.013600
ECDSA-P256,sign,173,0.013570
ECDSA-P256,sign,174,0.013570
ECDSA-P256,sign,175,0.013600
ECDSA-P256,sign,176,0.013539
ECDSA-P256,sign,177,0.013590
ECDSA-P256,sign,178,0.013570
ECDSA-P256,sign,179,0.013580
ECDSA-P256,sign,180,0.013550
ECDSA-P256,sign,181,0.013550
ECDSA-P256,sign,182,0.013539
ECDSA-P256,sign,183,0.013550
ECDSA-P256,sign,184,0.013550
ECDSA-P256,sign,185,0.013550
ECDSA-P256,sign,186,0.013580
ECDSA-P256,sign,187,0.013579
ECDSA-P256,sign,188,0.013580
ECDSA-P256,sign,189,0.013570
ECDSA-P256,sign,190,0.013550
ECDSA-P256,sign,191,0.013560
ECDSA-P256,sign,192,0.013540
ECDSA-P256,sign,193,0.013580
ECDSA-P256,sign,194,0.013570
ECDSA-P256,sign,195,0.013600
ECDSA-P256,sign,196,0.013550
ECDSA-P256,sign,197,0.013570
ECDSA-P256,sign,198,0.013579
ECDSA-P256,sign,199,0.013560
ECDSA-P256,sign,200,0.013560
ECDSA-P256,sign,201,0.013570
ECDSA-P256,sign,202,0.013560
ECDSA-P256,sign,203,0.013529
ECDSA-P256,sign,204,0.017620
ECDSA-P256,sign,205,0.013500
ECDSA-P256,sign,206,0.013500
ECDSA-P256,sign,207,0.013530
ECDSA-P256,sign,208,0.013489
ECDSA-P256,sign,209,0.013530
ECDSA-P256,sign,210,0.013540
ECDSA-P256,sign,211,0.013550
ECDSA-P256,sign,212,0.013510
ECDSA-P256,sign,213,0.013560
ECDSA-P256,sign,214,0.013529
ECDSA-P256,sign,215,0.013510
ECDSA-P256,sign,216,0.013530
ECDSA-P256,sign,217,0.013540
ECDSA-P256,sign,218,0.013500
ECDSA-P256,sign,219,0.013499
ECDSA-P256,sign,220,0.013500
ECDSA-P256,sign,221,0.013490
ECDSA-P256,sign,222,0.013510
ECDSA-P256,sign,223,0.013500
ECDSA-P256,sign,224,0.013520
ECDSA-P256,sign,225,0.013489
ECDSA-P256,sign,226,0.013510
ECDSA-P256,sign,227,0.013510
ECDSA-P256,sign,228,0.013480
ECDSA-P256,sign,229,0.013520
ECDSA-P256,sign,230,0.013509
ECDSA-P256,sign,231,0.017710
ECDSA-P256,sign,232,0.015850
ECDSA-P256,sign,233,0.013620
ECDSA-P256,sign,234,0.013590
ECDSA-P256,sign,235,0.013549
ECDSA-P256,sign,236,0.013470
ECDSA-P256,sign,237,0.013510
ECDSA-P256,sign,238,0.013520
ECDSA-P256,sign,239,0.013550
ECDSA-P256,sign,240,0.013500
ECDSA-P256,sign,241,0.013539
ECDSA-P256,sign,242,0.013540
ECDSA-P256,sign,243,0.013580
ECDSA-P256,sign,244,0.013530
ECDSA-P256,sign,245,0.013520
ECDSA-P256,sign,246,0.013509
ECDSA-P256,sign,247,0.013500
ECDSA-P256,sign,248,0.013540
ECDSA-P256,sign,249,0.013490
ECDSA-P256,sign,250,0.013560
ECDSA-P256,sign,251,0.013529
ECDSA-P256,sign,252,0.013520
ECDSA-P256,sign,253,0.013540
ECDSA-P256,sign,254,0.013570
ECDSA-P256,sign,255,0.013610
ECDSA-P256,sign,256,0.013520
ECDSA-P256,sign,257,0.013519
ECDSA-P256,sign,258,0.013530
ECDSA-P256,sign,259,0.013510
ECDSA-P256,sign,260,0.013540
ECDSA-P256,sign,261,0.013520
ECDSA-P256,sign,262,0.013549
ECDSA-P256,sign,263,0.013490
ECDSA-P256,sign,264,0.013530
ECDSA-P256,sign,265,0.013560
ECDSA-P256,sign,266,0.013500
ECDSA-P256,sign,267,0.013530
ECDSA-P256,sign,268,0.013519
ECDSA-P256,sign,269,0.013520
ECDSA-P256,sign,270,0.013510
ECDSA-P256,sign,271,0.013520
ECDSA-P256,sign,272,0.013480
ECDSA-P256,sign,273,0.013499
ECDSA-P256,sign,274,0.013530
ECDSA-P256,sign,275,0.013490
ECDSA-P256,sign,276,0.013510
ECDSA-P256,sign,277,0.013510
ECDSA-P256,sign,278,0.013530
ECDSA-P256,sign,279,0.013519
ECDSA-P256,sign,280,0.013610
ECDSA-P256,sign,281,0.013500
ECDSA-P256,sign,282,0.013520
ECDSA-P256,sign,283,0.013490
ECDSA-P256,sign,284,0.013509
ECDSA-P256,sign,285,0.013520
ECDSA-P256,sign,286,0.013480
ECDSA-P256,sign,287,0.013500
ECDSA-P256,sign,288,0.013500
ECDSA-P256,sign,289,0.013500
ECDSA-P256,sign,290,0.013490
ECDSA-P256,sign,291,0.013500
ECDSA-P256,sign,292,0.013530
ECDSA-P256,sign,293,0.013490
ECDSA-P256,sign,294,0.013490
ECDSA-P256,sign,295,0.013519
ECDSA-P256,sign,296,0.013510
ECDSA-P256,sign,297,0.013510
ECDSA-P256,sign,298,0.013510
ECDSA-P256,sign,299,0.013490
ECDSA-P256,sign,300,0.014189
ECDSA-P256,sign,301,0.019260
ECDSA-P256,sign,302,0.013650
ECDSA-P256,sign,303,0.013530
ECDSA-P256,sign,304,0.013510
ECDSA-P256,sign,305,0.013509
ECDSA-P256,sign,306,0.013570
ECDSA-P256,sign,307,0.013530
ECDSA-P256,sign,308,0.013510
ECDSA-P256,sign,309,0.013480
ECDSA-P256,sign,310,0.013480
ECDSA-P256,sign,311,0.013519
ECDSA-P256,sign,312,0.013500
ECDSA-P256,sign,313,0.013500
ECDSA-P256,sign,314,0.013510
ECDSA-P256,sign,315,0.013490
ECDSA-P256,sign,316,0.013499
ECDSA-P256,sign,317,0.013510
ECDSA-P256,sign,318,0.013510
ECDSA-P256,sign,319,0.013480
ECDSA-P256,sign,320,0.013500
ECDSA-P256,sign,321,0.013530
ECDSA-P256,sign,322,0.013509
ECDSA-P256,sign,323,0.013540
ECDSA-P256,sign,324,0.013520
ECDSA-P256,sign,325,0.013510
ECDSA-P256,sign,326,0.013510
ECDSA-P256,sign,327,0.013499
ECDSA-P256,sign,328,0.013480
ECDSA-P256,sign,329,0.013490
ECDSA-P256,sign,330,0.013490
ECDSA-P256,sign,331,0.013500
ECDSA-P256,sign,332,0.013480
ECDSA-P256,sign,333,0.013509
ECDSA-P256,sign,334,0.013470
ECDSA-P256,sign,335,0.013500
ECDSA-P256,sign,336,0.013490
ECDSA-P256,sign,337,0.013480
ECDSA-P256,sign,338,0.013569
ECDSA-P256,sign,339,0.013560
ECDSA-P256,sign,340,0.013500
ECDSA-P256,sign,341,0.013490
ECDSA-P256,sign,342,0.013510
ECDSA-P256,sign,343,0.013460
ECDSA-P256,sign,344,0.013520
ECDSA-P256,sign,345,0.013490
ECDSA-P256,sign,346,0.013500
ECDSA-P256,sign,347,0.013500
ECDSA-P256,sign,348,0.013500
ECDSA-P256,sign,349,0.013479
ECDSA-P256,sign,350,0.013500
ECDSA-P256,sign,351,0.013510
ECDSA-P256,sign,352,0.013490
ECDSA-P256,sign,353,0.013530
ECDSA-P256,sign,354,0.013489
ECDSA-P256,sign,355,0.013500
ECDSA-P256,sign,356,0.013500
ECDSA-P256,sign,357,0.013480
ECDSA-P256,sign,358,0.013500
ECDSA-P256,sign,359,0.013530
ECDSA-P256,sign,360,0.013519
ECDSA-P256,sign,361,0.013490
ECDSA-P256,sign,362,0.013510
ECDSA-P256,sign,363,0.013490
ECDSA-P256,sign,364,0.013500
ECDSA-P256,sign,365,0.013519
ECDSA-P256,sign,366,0.013480
ECDSA-P256,sign,367,0.013480
ECDSA-P256,sign,368,0.013500
ECDSA-P256,sign,369,0.013500
ECDSA-P256,sign,370,0.016140
ECDSA-P256,sign,371,0.013470
ECDSA-P256,sign,372,0.013470
ECDSA-P256,sign,373,0.013520
ECDSA-P256,sign,374,0.013530
ECDSA-P256,sign,375,0.013540
ECDSA-P256,sign,376,0.013529
ECDSA-P256,sign,377,0.013530
ECDSA-P256,sign,378,0.013510
ECDSA-P256,sign,379,0.013510
ECDSA-P256,sign,380,0.013510
ECDSA-P256,sign,381,0.013499
ECDSA-P256,sign,382,0.013500
ECDSA-P256,sign,383,0.013510
ECDSA-P256,sign,384,0.013510
ECDSA-P256,sign,385,0.013500
ECDSA-P256,sign,386,0.013540
ECDSA-P256,sign,387,0.013499
ECDSA-P256,sign,388,0.013520
ECDSA-P256,sign,389,0.013500
ECDSA-P256,sign,390,0.013510
ECDSA-P256,sign,391,0.013540
ECDSA-P256,sign,392,0.013519
ECDSA-P256,sign,393,0.013560
ECDSA-P256,sign,394,0.013490
ECDSA-P256,sign,395,0.013570
ECDSA-P256,sign,396,0.013520
ECDSA-P256,sign,397,0.013520
ECDSA-P256,sign,398,0.013509
ECDSA-P256,sign,399,0.013550
ECDSA-P256,sign,400,0.013530
ECDSA-P256,sign,401,0.013500
ECDSA-P256,sign,402,0.013530
ECDSA-P256,sign,403,0.013519
ECDSA-P256,sign,404,0.013520
ECDSA-P256,sign,405,0.013500
ECDSA-P256,sign,406,0.013520
ECDSA-P256,sign,407,0.013510
ECDSA-P256,sign,408,0.013490
ECDSA-P256,sign,409,0.013509
ECDSA-P256,sign,410,0.013550
ECDSA-P256,sign,411,0.013500
ECDSA-P256,sign,412,0.013480
ECDSA-P256,sign,413,0.013510
ECDSA-P256,sign,414,0.013509
ECDSA-P256,sign,415,0.013520
ECDSA-P256,sign,416,0.013490
ECDSA-P256,sign,417,0.013550
ECDSA-P256,sign,418,0.013520
ECDSA-P256,sign,419,0.013489
ECDSA-P256,sign,420,0.013510
ECDSA-P256,sign,421,0.013500
ECDSA-P256,sign,422,0.013520
ECDSA-P256,sign,423,0.013530
ECDSA-P256,sign,424,0.013500
ECDSA-P256,sign,425,0.013519
ECDSA-P256,sign,426,0.013540
ECDSA-P256,sign,427,0.013510
ECDSA-P256,sign,428,0.013510
ECDSA-P256,sign,429,0.013520
ECDSA-P256,sign,430,0.013559
ECDSA-P256,sign,431,0.013500
ECDSA-P256,sign,432,0.013530
ECDSA-P256,sign,433,0.013520
ECDSA-P256,sign,434,0.013520
ECDSA-P256,sign,435,0.013550
ECDSA-P256,sign,436,0.013489
ECDSA-P256,sign,437,0.013530
ECDSA-P256,sign,438,0.013530
ECDSA-P256,sign,439,0.013520
ECDSA-P256,sign,440,0.018350
ECDSA-P256,sign,441,0.016019
ECDSA-P256,sign,442,0.013600
ECDSA-P256,sign,443,0.013600
ECDSA-P256,sign,444,0.013550
ECDSA-P256,sign,445,0.013620
ECDSA-P256,sign,446,0.013549
ECDSA-P256,sign,447,0.013520
ECDSA-P256,sign,448,0.013540
ECDSA-P256,sign,449,0.013560
ECDSA-P256,sign,450,0.013550
ECDSA-P256,sign,451,0.013570
ECDSA-P256,sign,452,0.013530
ECDSA-P256,sign,453,0.013480
ECDSA-P256,sign,454,0.013510
ECDSA-P256,sign,455,0.013490
ECDSA-P256,sign,456,0.013490
ECDSA-P256,sign,457,0.013499
ECDSA-P256,sign,458,0.013560
ECDSA-P256,sign,459,0.013510
ECDSA-P256,sign,460,0.013500
ECDSA-P256,sign,461,0.013510
ECDSA-P256,sign,462,0.013519
ECDSA-P256,sign,463,0.013540
ECDSA-P256,sign,464,0.013510
ECDSA-P256,sign,465,0.013490
ECDSA-P256,sign,466,0.013500
ECDSA-P256,sign,467,0.013490
ECDSA-P256,sign,468,0.013489
ECDSA-P256,sign,469,0.013480
ECDSA-P256,sign,470,0.013510
ECDSA-P256,sign,471,0.013500
ECDSA-P256,sign,472,0.013510
ECDSA-P256,sign,473,0.013499
ECDSA-P256,sign,474,0.013500
ECDSA-P256,sign,475,0.013500
ECDSA-P256,sign,476,0.013500
ECDSA-P256,sign,477,0.013460
ECDSA-P256,sign,478,0.013530
ECDSA-P256,sign,479,0.013539
ECDSA-P256,sign,480,0.013520
ECDSA-P256,sign,481,0.013490
ECDSA-P256,sign,482,0.013510
ECDSA-P256,sign,483,0.013520
ECDSA-P256,sign,484,0.013489
ECDSA-P256,sign,485,0.013520
ECDSA-P256,sign,486,0.013510
ECDSA-P256,sign,487,0.013520
ECDSA-P256,sign,488,0.013550
ECDSA-P256,sign,489,0.013510
ECDSA-P256,sign,490,0.013509
ECDSA-P256,sign,491,0.013510
ECDSA-P256,sign,492,0.013540
ECDSA-P256,sign,493,0.013480
ECDSA-P256,sign,494,0.013550
ECDSA-P256,sign,495,0.013479
ECDSA-P256,sign,496,0.013480
ECDSA-P256,sign,497,0.013480
ECDSA-P256,sign,498,0.013490
ECDSA-P256,sign,499,0.013510
ECDSA-P256,sign,500,0.013520
ECDSA-P256,sign,501,0.013520
ECDSA-P256,sign,502,0.013540
ECDSA-P256,sign,503,0.013500
ECDSA-P256,sign,504,0.013500
ECDSA-P256,sign,505,0.013500
ECDSA-P256,sign,506,0.013489
ECDSA-P256,sign,507,0.013490
ECDSA-P256,sign,508,0.013500
ECDSA-P256,sign,509,0.015920
ECDSA-P256,sign,510,0.013550
ECDSA-P256,sign,511,0.013589
ECDSA-P256,sign,512,0.013530
ECDSA-P256,sign,513,0.013500
ECDSA-P256,sign,514,0.013540
ECDSA-P256,sign,515,0.013540
ECDSA-P256,sign,516,0.013470
ECDSA-P256,sign,517,0.013489
ECDSA-P256,sign,518,0.013520
ECDSA-P256,sign,519,0.013500
ECDSA-P256,sign,520,0.013520
ECDSA-P256,sign,521,0.013500
ECDSA-P256,sign,522,0.013510
ECDSA-P256,sign,523,0.013549
ECDSA-P256,sign,524,0.013520
ECDSA-P256,sign,525,0.013500
ECDSA-P256,sign,526,0.013520
ECDSA-P256,sign,527,0.013550
ECDSA-P256,sign,528,0.013529
ECDSA-P256,sign,529,0.013500
ECDSA-P256,sign,530,0.013540
ECDSA-P256,sign,531,0.013540
ECDSA-P256,sign,532,0.013510
ECDSA-P256,sign,533,0.013530
ECDSA-P256,sign,534,0.013529
ECDSA-P256,sign,535,0.013510
ECDSA-P256,sign,536,0.013500
ECDSA-P256,sign,537,0.013510
ECDSA-P256,sign,538,0.013530
ECDSA-P256,sign,539,0.013549
ECDSA-P256,sign,540,0.013570
ECDSA-P256,sign,541,0.013510
ECDSA-P256,sign,542,0.013520
ECDSA-P256,sign,543,0.013510
ECDSA-P256,sign,544,0.013530
ECDSA-P256,sign,545,0.013519
ECDSA-P256,sign,546,0.013520
ECDSA-P256,sign,547,0.013530
ECDSA-P256,sign,548,0.013500
ECDSA-P256,sign,549,0.013570
ECDSA-P256,sign,550,0.013530
ECDSA-P256,sign,551,0.013519
ECDSA-P256,sign,552,0.013500
ECDSA-P256,sign,553,0.013470
ECDSA-P256,sign,554,0.013530
ECDSA-P256,sign,555,0.013490
ECDSA-P256,sign,556,0.013499
ECDSA-P256,sign,557,0.013490
ECDSA-P256,sign,558,0.013490
ECDSA-P256,sign,559,0.013520
ECDSA-P256,sign,560,0.013540
ECDSA-P256,sign,561,0.013510
ECDSA-P256,sign,562,0.013529
ECDSA-P256,sign,563,0.013520
ECDSA-P256,sign,564,0.013500
ECDSA-P256,sign,565,0.013500
ECDSA-P256,sign,566,0.013500
ECDSA-P256,sign,567,0.013480
ECDSA-P256,sign,568,0.013499
ECDSA-P256,sign,569,0.013480
ECDSA-P256,sign,570,0.013490
ECDSA-P256,sign,571,0.013480
ECDSA-P256,sign,572,0.013510
ECDSA-P256,sign,573,0.013529
ECDSA-P256,sign,574,0.013500
ECDSA-P256,sign,575,0.013510
ECDSA-P256,sign,576,0.013490
ECDSA-P256,sign,577,0.013530
ECDSA-P256,sign,578,0.013500
ECDSA-P256,sign,579,0.014219
ECDSA-P256,sign,580,0.016030
ECDSA-P256,sign,581,0.013520
ECDSA-P256,sign,582,0.013520
ECDSA-P256,sign,583,0.013480
ECDSA-P256,sign,584,0.013509
ECDSA-P256,sign,585,0.013510
ECDSA-P256,sign,586,0.013500
ECDSA-P256,sign,587,0.013500
ECDSA-P256,sign,588,0.013520
ECDSA-P256,sign,589,0.013500
ECDSA-P256,sign,590,0.013519
ECDSA-P256,sign,591,0.013500
ECDSA-P256,sign,592,0.013500
ECDSA-P256,sign,593,0.013490
ECDSA-P256,sign,594,0.013490
ECDSA-P256,sign,595,0.013479
ECDSA-P256,sign,596,0.013530
ECDSA-P256,sign,597,0.013550
ECDSA-P256,sign,598,0.013550
ECDSA-P256,sign,599,0.013520
ECDSA-P256,sign,600,0.013500
ECDSA-P256,sign,601,0.013510
ECDSA-P256,sign,602,0.013520
ECDSA-P256,sign,603,0.013540
ECDSA-P256,sign,604,0.013490
ECDSA-P256,sign,605,0.013490
ECDSA-P256,sign,606,0.013509
ECDSA-P256,sign,607,0.013560
ECDSA-P256,sign,608,0.013530
ECDSA-P256,sign,609,0.013510
ECDSA-P256,sign,610,0.013520
ECDSA-P256,sign,611,0.013509
ECDSA-P256,sign,612,0.013490
ECDSA-P256,sign,613,0.013490
ECDSA-P256,sign,614,0.013510
ECDSA-P256,sign,615,0.013540
ECDSA-P256,sign,616,0.013520
ECDSA-P256,sign,617,0.013509
ECDSA-P256,sign,618,0.013580
ECDSA-P256,sign,619,0.013510
ECDSA-P256,sign,620,0.013530
ECDSA-P256,sign,621,0.013470
ECDSA-P256,sign,622,0.013539
ECDSA-P256,sign,623,0.013530
ECDSA-P256,sign,624,0.013520
ECDSA-P256,sign,625,0.013510
ECDSA-P256,sign,626,0.013530
ECDSA-P256,sign,627,0.013500
ECDSA-P256,sign,628,0.013519
ECDSA-P256,sign,629,0.013500
ECDSA-P256,sign,630,0.013490
ECDSA-P256,sign,631,0.013520
ECDSA-P256,sign,632,0.013550
ECDSA-P256,sign,633,0.013539
ECDSA-P256,sign,634,0.013530
ECDSA-P256,sign,635,0.013500
ECDSA-P256,sign,636,0.013520
ECDSA-P256,sign,637,0.013550
ECDSA-P256,sign,638,0.013480
ECDSA-P256,sign,639,0.013519
ECDSA-P256,sign,640,0.013530
ECDSA-P256,sign,641,0.013520
ECDSA-P256,sign,642,0.013540
ECDSA-P256,sign,643,0.013530
ECDSA-P256,sign,644,0.013479
ECDSA-P256,sign,645,0.013520
ECDSA-P256,sign,646,0.013480
ECDSA-P256,sign,647,0.013510
ECDSA-P256,sign,648,0.013500
ECDSA-P256,sign,649,0.016139
ECDSA-P256,sign,650,0.013520
ECDSA-P256,sign,651,0.013500
ECDSA-P256,sign,652,0.013510
ECDSA-P256,sign,653,0.013520
ECDSA-P256,sign,654,0.013520
ECDSA-P256,sign,655,0.013519
ECDSA-P256,sign,656,0.013500
ECDSA-P256,sign,657,0.013530
ECDSA-P256,sign,658,0.013490
ECDSA-P256,sign,659,0.013500
ECDSA-P256,sign,660,0.013509
ECDSA-P256,sign,661,0.013500
ECDSA-P256,sign,662,0.013510
ECDSA-P256,sign,663,0.013540
ECDSA-P256,sign,664,0.013520
ECDSA-P256,sign,665,0.013500
ECDSA-P256,sign,666,0.013499
ECDSA-P256,sign,667,0.013510
ECDSA-P256,sign,668,0.013550
ECDSA-P256,sign,669,0.013510
ECDSA-P256,sign,670,0.013490
ECDSA-P256,sign,671,0.013529
ECDSA-P256,sign,672,0.013500
ECDSA-P256,sign,673,0.013530
ECDSA-P256,sign,674,0.013510
ECDSA-P256,sign,675,0.013490
ECDSA-P256,sign,676,0.013529
ECDSA-P256,sign,677,0.013510
ECDSA-P256,sign,678,0.013560
ECDSA-P256,sign,679,0.013510
ECDSA-P256,sign,680,0.013510
ECDSA-P256,sign,681,0.013490
ECDSA-P256,sign,682,0.013519
ECDSA-P256,sign,683,0.013490
ECDSA-P256,sign,684,0.013510
ECDSA-P256,sign,685,0.013480
ECDSA-P256,sign,686,0.013520
ECDSA-P256,sign,687,0.013509
ECDSA-P256,sign,688,0.013500
ECDSA-P256,sign,689,0.013510
ECDSA-P256,sign,690,0.013510
ECDSA-P256,sign,691,0.013550
ECDSA-P256,sign,692,0.013500
ECDSA-P256,sign,693,0.013539
ECDSA-P256,sign,694,0.013520
ECDSA-P256,sign,695,0.013510
ECDSA-P256,sign,696,0.013510
ECDSA-P256,sign,697,0.013510
ECDSA-P256,sign,698,0.013529
ECDSA-P256,sign,699,0.013520
ECDSA-P256,sign,700,0.013510
ECDSA-P256,sign,701,0.013590
ECDSA-P256,sign,702,0.013530
ECDSA-P256,sign,703,0.013510
ECDSA-P256,sign,704,0.013529
ECDSA-P256,sign,705,0.013540
ECDSA-P256,sign,706,0.013520
ECDSA-P256,sign,707,0.013550
ECDSA-P256,sign,708,0.013560
ECDSA-P256,sign,709,0.013529
ECDSA-P256,sign,710,0.013500
ECDSA-P256,sign,711,0.013500
ECDSA-P256,sign,712,0.013530
ECDSA-P256,sign,713,0.013520
ECDSA-P256,sign,714,0.013510
ECDSA-P256,sign,715,0.013509
ECDSA-P256,sign,716,0.013520
ECDSA-P256,sign,717,0.013520
ECDSA-P256,sign,718,0.013530
ECDSA-P256,sign,719,0.016570
ECDSA-P256,sign,720,0.013519
ECDSA-P256,sign,721,0.013500
ECDSA-P256,sign,722,0.013490
ECDSA-P256,sign,723,0.013480
ECDSA-P256,sign,724,0.013490
ECDSA-P256,sign,725,0.013479
ECDSA-P256,sign,726,0.013530
ECDSA-P256,sign,727,0.013500
ECDSA-P256,sign,728,0.013520
ECDSA-P256,sign,729,0.013510
ECDSA-P256,sign,730,0.013550
ECDSA-P256,sign,731,0.013509
ECDSA-P256,sign,732,0.013510
ECDSA-P256,sign,733,0.013490
ECDSA-P256,sign,734,0.013480
ECDSA-P256,sign,735,0.013520
ECDSA-P256,sign,736,0.013489
ECDSA-P256,sign,737,0.013500
ECDSA-P256,sign,738,0.013510
ECDSA-P256,sign,739,0.013540
ECDSA-P256,sign,740,0.013510
ECDSA-P256,sign,741,0.013490
ECDSA-P256,sign,742,0.013520
ECDSA-P256,sign,743,0.013540
ECDSA-P256,sign,744,0.013530
ECDSA-P256,sign,745,0.013520
ECDSA-P256,sign,746,0.013500
ECDSA-P256,sign,747,0.013529
ECDSA-P256,sign,748,0.013500
ECDSA-P256,sign,749,0.013530
ECDSA-P256,sign,750,0.013490
ECDSA-P256,sign,751,0.013520
ECDSA-P256,sign,752,0.013529
ECDSA-P256,sign,753,0.013530
ECDSA-P256,sign,754,0.013550
ECDSA-P256,sign,755,0.013490
ECDSA-P256,sign,756,0.013490
ECDSA-P256,sign,757,0.013470
ECDSA-P256,sign,758,0.013539
ECDSA-P256,sign,759,0.013500
ECDSA-P256,sign,760,0.013520
ECDSA-P256,sign,761,0.013490
ECDSA-P256,sign,762,0.013530
ECDSA-P256,sign,763,0.013499
ECDSA-P256,sign,764,0.013520
ECDSA-P256,sign,765,0.013490
ECDSA-P256,sign,766,0.013510
ECDSA-P256,sign,767,0.013490
ECDSA-P256,sign,768,0.013520
ECDSA-P256,sign,769,0.013509
ECDSA-P256,sign,770,0.013500
ECDSA-P256,sign,771,0.013510
ECDSA-P256,sign,772,0.013520
ECDSA-P256,sign,773,0.013500
ECDSA-P256,sign,774,0.013499
ECDSA-P256,sign,775,0.013490
ECDSA-P256,sign,776,0.013510
ECDSA-P256,sign,777,0.013500
ECDSA-P256,sign,778,0.013510
ECDSA-P256,sign,779,0.013500
ECDSA-P256,sign,780,0.013499
ECDSA-P256,sign,781,0.013500
ECDSA-P256,sign,782,0.013520
ECDSA-P256,sign,783,0.013520
ECDSA-P256,sign,784,0.013500
ECDSA-P256,sign,785,0.013499
ECDSA-P256,sign,786,0.013530
ECDSA-P256,sign,787,0.013540
ECDSA-P256,sign,788,0.014280
ECDSA-P256,sign,789,0.015190
ECDSA-P256,sign,790,0.013499
ECDSA-P256,sign,791,0.013540
ECDSA-P256,sign,792,0.013520
ECDSA-P256,sign,793,0.013540
ECDSA-P256,sign,794,0.013520
ECDSA-P256,sign,795,0.013550
ECDSA-P256,sign,796,0.013509
ECDSA-P256,sign,797,0.013510
ECDSA-P256,sign,798,0.013490
ECDSA-P256,sign,799,0.013530
ECDSA-P256,sign,800,0.013520
ECDSA-P256,sign,801,0.013539
ECDSA-P256,sign,802,0.013540
ECDSA-P256,sign,803,0.013520
ECDSA-P256,sign,804,0.013540
ECDSA-P256,sign,805,0.013530
ECDSA-P256,sign,806,0.013500
ECDSA-P256,sign,807,0.013529
ECDSA-P256,sign,808,0.013570
ECDSA-P256,sign,809,0.013530
ECDSA-P256,sign,810,0.013500
ECDSA-P256,sign,811,0.013510
ECDSA-P256,sign,812,0.013519
ECDSA-P256,sign,813,0.013550
ECDSA-P256,sign,814,0.013560
ECDSA-P256,sign,815,0.013570
ECDSA-P256,sign,816,0.013580
ECDSA-P256,sign,817,0.013540
ECDSA-P256,sign,818,0.013490
ECDSA-P256,sign,819,0.013550
ECDSA-P256,sign,820,0.013510
ECDSA-P256,sign,821,0.013550
ECDSA-P256,sign,822,0.013520
ECDSA-P256,sign,823,0.013509
ECDSA-P256,sign,824,0.013550
ECDSA-P256,sign,825,0.013510
ECDSA-P256,sign,826,0.013520
ECDSA-P256,sign,827,0.013520
ECDSA-P256,sign,828,0.013519
ECDSA-P256,sign,829,0.013520
ECDSA-P256,sign,830,0.013520
ECDSA-P256,sign,831,0.013580
ECDSA-P256,sign,832,0.013520
ECDSA-P256,sign,833,0.013510
ECDSA-P256,sign,834,0.013509
ECDSA-P256,sign,835,0.013520
ECDSA-P256,sign,836,0.013540
ECDSA-P256,sign,837,0.013550
ECDSA-P256,sign,838,0.013530
ECDSA-P256,sign,839,0.013519
ECDSA-P256,sign,840,0.013510
ECDSA-P256,sign,841,0.013510
ECDSA-P256,sign,842,0.013510
ECDSA-P256,sign,843,0.013510
ECDSA-P256,sign,844,0.013500
ECDSA-P256,sign,845,0.013499
ECDSA-P256,sign,846,0.013530
ECDSA-P256,sign,847,0.013520
ECDSA-P256,sign,848,0.013530
ECDSA-P256,sign,849,0.013500
ECDSA-P256,sign,850,0.013509
ECDSA-P256,sign,851,0.013510
ECDSA-P256,sign,852,0.013510
ECDSA-P256,sign,853,0.013500
ECDSA-P256,sign,854,0.013510
ECDSA-P256,sign,855,0.013520
ECDSA-P256,sign,856,0.013529
ECDSA-P256,sign,857,0.013510
ECDSA-P256,sign,858,0.014230
ECDSA-P256,sign,859,0.015890
ECDSA-P256,sign,860,0.013530
ECDSA-P256,sign,861,0.013479
ECDSA-P256,sign,862,0.013480
ECDSA-P256,sign,863,0.013480
ECDSA-P256,sign,864,0.013490
ECDSA-P256,sign,865,0.013530
ECDSA-P256,sign,866,0.013489
ECDSA-P256,sign,867,0.013510
ECDSA-P256,sign,868,0.013490
ECDSA-P256,sign,869,0.013500
ECDSA-P256,sign,870,0.013500
ECDSA-P256,sign,871,0.013520
ECDSA-P256,sign,872,0.013529
ECDSA-P256,sign,873,0.013520
ECDSA-P256,sign,874,0.013500
ECDSA-P256,sign,875,0.013500
ECDSA-P256,sign,876,0.013530
ECDSA-P256,sign,877,0.013449
ECDSA-P256,sign,878,0.013510
ECDSA-P256,sign,879,0.013480
ECDSA-P256,sign,880,0.013520
ECDSA-P256,sign,881,0.013470
ECDSA-P256,sign,882,0.013490
ECDSA-P256,sign,883,0.013489
ECDSA-P256,sign,884,0.013490
ECDSA-P256,sign,885,0.013490
ECDSA-P256,sign,886,0.013520
ECDSA-P256,sign,887,0.013520
ECDSA-P256,sign,888,0.013499
ECDSA-P256,sign,889,0.013490
ECDSA-P256,sign,890,0.013510
ECDSA-P256,sign,891,0.013500
ECDSA-P256,sign,892,0.013480
ECDSA-P256,sign,893,0.013529
ECDSA-P256,sign,894,0.013540
ECDSA-P256,sign,895,0.013500
ECDSA-P256,sign,896,0.013530
ECDSA-P256,sign,897,0.013500
ECDSA-P256,sign,898,0.013520
ECDSA-P256,sign,899,0.013479
ECDSA-P256,sign,900,0.013500
ECDSA-P256,sign,901,0.013460
ECDSA-P256,sign,902,0.013480
ECDSA-P256,sign,903,0.013480
ECDSA-P256,sign,904,0.013499
ECDSA-P256,sign,905,0.013520
ECDSA-P256,sign,906,0.013490
ECDSA-P256,sign,907,0.013490
ECDSA-P256,sign,908,0.013500
ECDSA-P256,sign,909,0.013500
ECDSA-P256,sign,910,0.013459
ECDSA-P256,sign,911,0.013460
ECDSA-P256,sign,912,0.013470
ECDSA-P256,sign,913,0.013470
ECDSA-P256,sign,914,0.013520
ECDSA-P256,sign,915,0.013479
ECDSA-P256,sign,916,0.013510
ECDSA-P256,sign,917,0.013500
ECDSA-P256,sign,918,0.013490
ECDSA-P256,sign,919,0.013500
ECDSA-P256,sign,920,0.013490
ECDSA-P256,sign,921,0.013519
ECDSA-P256,sign,922,0.013490
ECDSA-P256,sign,923,0.013470
ECDSA-P256,sign,924,0.013500
ECDSA-P256,sign,925,0.013490
ECDSA-P256,sign,926,0.013489
ECDSA-P256,sign,927,0.013530
ECDSA-P256,sign,928,0.014170
ECDSA-P256,sign,929,0.016430
ECDSA-P256,sign,930,0.013520
ECDSA-P256,sign,931,0.013509
ECDSA-P256,sign,932,0.013500
ECDSA-P256,sign,933,0.013510
ECDSA-P256,sign,934,0.013540
ECDSA-P256,sign,935,0.013540
ECDSA-P256,sign,936,0.013510
ECDSA-P256,sign,937,0.013549
ECDSA-P256,sign,938,0.013530
ECDSA-P256,sign,939,0.013540
ECDSA-P256,sign,940,0.013520
ECDSA-P256,sign,941,0.013560
ECDSA-P256,sign,942,0.013510
ECDSA-P256,sign,943,0.013499
ECDSA-P256,sign,944,0.013530
ECDSA-P256,sign,945,0.013540
ECDSA-P256,sign,946,0.013510
ECDSA-P256,sign,947,0.013520
ECDSA-P256,sign,948,0.013529
ECDSA-P256,sign,949,0.013500
ECDSA-P256,sign,950,0.013530
ECDSA-P256,sign,951,0.013520
ECDSA-P256,sign,952,0.013520
ECDSA-P256,sign,953,0.013540
ECDSA-P256,sign,954,0.013509
ECDSA-P256,sign,955,0.013510
ECDSA-P256,sign,956,0.013510
ECDSA-P256,sign,957,0.013500
ECDSA-P256,sign,958,0.013540
ECDSA-P256,sign,959,0.013540
ECDSA-P256,sign,960,0.013519
ECDSA-P256,sign,961,0.013520
ECDSA-P256,sign,962,0.013510
ECDSA-P256,sign,963,0.013530
ECDSA-P256,sign,964,0.013520
ECDSA-P256,sign,965,0.013509
ECDSA-P256,sign,966,0.013540
ECDSA-P256,sign,967,0.013510
ECDSA-P256,sign,968,0.013510
ECDSA-P256,sign,969,0.013540
ECDSA-P256,sign,970,0.013530
ECDSA-P256,sign,971,0.013499
ECDSA-P256,sign,972,0.013520
ECDSA-P256,sign,973,0.013520
ECDSA-P256,sign,974,0.013510
ECDSA-P256,sign,975,0.013520
ECDSA-P256,sign,976,0.013509
ECDSA-P256,sign,977,0.013510
ECDSA-P256,sign,978,0.013500
ECDSA-P256,sign,979,0.013530
ECDSA-P256,sign,980,0.013510
ECDSA-P256,sign,981,0.013520
ECDSA-P256,sign,982,0.013549
ECDSA-P256,sign,983,0.013540
ECDSA-P256,sign,984,0.013550
ECDSA-P256,sign,985,0.013510
ECDSA-P256,sign,986,0.013550
ECDSA-P256,sign,987,0.013530
ECDSA-P256,sign,988,0.013559
ECDSA-P256,sign,989,0.013510
ECDSA-P256,sign,990,0.013530
ECDSA-P256,sign,991,0.013570
ECDSA-P256,sign,992,0.013540
ECDSA-P256,sign,993,0.013539
ECDSA-P256,sign,994,0.013510
ECDSA-P256,sign,995,0.013530
ECDSA-P256,sign,996,0.013530
ECDSA-P256,sign,997,0.013530
ECDSA-P256,sign,998,0.017560
ECDSA-P256,sign,999,0.015219
ECDSA-P256,verify,0,0.042079
ECDSA-P256,verify,1,0.042030
ECDSA-P256,verify,2,0.042039
ECDSA-P256,verify,3,0.041999
ECDSA-P256,verify,4,0.042010
ECDSA-P256,verify,5,0.042039
ECDSA-P256,verify,6,0.042040
ECDSA-P256,verify,7,0.042059
ECDSA-P256,verify,8,0.042080
ECDSA-P256,verify,9,0.042119
ECDSA-P256,verify,10,0.042080
ECDSA-P256,verify,11,0.042169
ECDSA-P256,verify,12,0.042039
ECDSA-P256,verify,13,0.042040
ECDSA-P256,verify,14,0.042059
ECDSA-P256,verify,15,0.042020
ECDSA-P256,verify,16,0.042029
ECDSA-P256,verify,17,0.041980
ECDSA-P256,verify,18,0.042009
ECDSA-P256,verify,19,0.041990
ECDSA-P256,verify,20,0.042029
ECDSA-P256,verify,21,0.044949
ECDSA-P256,verify,22,0.042020
ECDSA-P256,verify,23,0.042129
ECDSA-P256,verify,24,0.042160
ECDSA-P256,verify,25,0.042169
ECDSA-P256,verify,26,0.042120
ECDSA-P256,verify,27,0.042169
ECDSA-P256,verify,28,0.042170
ECDSA-P256,verify,29,0.042219
ECDSA-P256,verify,30,0.042159
ECDSA-P256,verify,31,0.042120
ECDSA-P256,verify,32,0.042149
ECDSA-P256,verify,33,0.042210
ECDSA-P256,verify,34,0.046249
ECDSA-P256,verify,35,0.042340
ECDSA-P256,verify,36,0.042379
ECDSA-P256,verify,37,0.042410
ECDSA-P256,verify,38,0.042439
ECDSA-P256,verify,39,0.042419
ECDSA-P256,verify,40,0.042410
ECDSA-P256,verify,41,0.042359
ECDSA-P256,verify,42,0.042460
ECDSA-P256,verify,43,0.042389
ECDSA-P256,verify,44,0.045160
ECDSA-P256,verify,45,0.042289
ECDSA-P256,verify,46,0.042270
ECDSA-P256,verify,47,0.042249
ECDSA-P256,verify,48,0.042189
ECDSA-P256,verify,49,0.042280
ECDSA-P256,verify,50,0.042249
ECDSA-P256,verify,51,0.042170
ECDSA-P256,verify,52,0.042259
ECDSA-P256,verify,53,0.042200
ECDSA-P256,verify,54,0.042249
ECDSA-P256,verify,55,0.042270
ECDSA-P256,verify,56,0.042219
ECDSA-P256,verify,57,0.042219
ECDSA-P256,verify,58,0.042260
ECDSA-P256,verify,59,0.042259
ECDSA-P256,verify,60,0.042270
ECDSA-P256,verify,61,0.042299
ECDSA-P256,verify,62,0.042230
ECDSA-P256,verify,63,0.042289
ECDSA-P256,verify,64,0.042240
ECDSA-P256,verify,65,0.042329
ECDSA-P256,verify,66,0.042259
ECDSA-P256,verify,67,0.045310
ECDSA-P256,verify,68,0.042269
ECDSA-P256,verify,69,0.042200
ECDSA-P256,verify,70,0.042319
ECDSA-P256,verify,71,0.042290
ECDSA-P256,verify,72,0.042169
ECDSA-P256,verify,73,0.042270
ECDSA-P256,verify,74,0.042319
ECDSA-P256,verify,75,0.042259
ECDSA-P256,verify,76,0.042260
ECDSA-P256,verify,77,0.042239
ECDSA-P256,verify,78,0.042240
ECDSA-P256,verify,79,0.042239
ECDSA-P256,verify,80,0.042270
ECDSA-P256,verify,81,0.046209
ECDSA-P256,verify,82,0.042069
ECDSA-P256,verify,83,0.042100
ECDSA-P256,verify,84,0.042039
ECDSA-P256,verify,85,0.042030
ECDSA-P256,verify,86,0.042039
ECDSA-P256,verify,87,0.042050
ECDSA-P256,verify,88,0.042059
ECDSA-P256,verify,89,0.042030
ECDSA-P256,verify,90,0.045169
ECDSA-P256,verify,91,0.042070
ECDSA-P256,verify,92,0.042049
ECDSA-P256,verify,93,0.042049
ECDSA-P256,verify,94,0.041990
ECDSA-P256,verify,95,0.042069
ECDSA-P256,verify,96,0.042040
ECDSA-P256,verify,97,0.042089
ECDSA-P256,verify,98,0.042110
ECDSA-P256,verify,99,0.042039
ECDSA-P256,verify,100,0.042050
ECDSA-P256,verify,101,0.041999
ECDSA-P256,verify,102,0.042010
ECDSA-P256,verify,103,0.042009
ECDSA-P256,verify,104,0.042040
ECDSA-P256,verify,105,0.042119
ECDSA-P256,verify,106,0.042090
ECDSA-P256,verify,107,0.042019
ECDSA-P256,verify,108,0.041999
ECDSA-P256,verify,109,0.042030
ECDSA-P256,verify,110,0.042109
ECDSA-P256,verify,111,0.042050
ECDSA-P256,verify,112,0.042139
ECDSA-P256,verify,113,0.042890
ECDSA-P256,verify,114,0.044219
ECDSA-P256,verify,115,0.042060
ECDSA-P256,verify,116,0.042039
ECDSA-P256,verify,117,0.042020
ECDSA-P256,verify,118,0.041999
ECDSA-P256,verify,119,0.041969
ECDSA-P256,verify,120,0.042050
ECDSA-P256,verify,121,0.042029
ECDSA-P256,verify,122,0.042040
ECDSA-P256,verify,123,0.042019
ECDSA-P256,verify,124,0.042030
ECDSA-P256,verify,125,0.042089
ECDSA-P256,verify,126,0.041990
ECDSA-P256,verify,127,0.046239
ECDSA-P256,verify,128,0.042229
ECDSA-P256,verify,129,0.042250
ECDSA-P256,verify,130,0.042249
ECDSA-P256,verify,131,0.042240
ECDSA-P256,verify,132,0.042249
ECDSA-P256,verify,133,0.042250
ECDSA-P256,verify,134,0.042319
ECDSA-P256,verify,135,0.042250
ECDSA-P256,verify,136,0.044019
ECDSA-P256,verify,137,0.042269
ECDSA-P256,verify,138,0.042260
ECDSA-P256,verify,139,0.042199
ECDSA-P256,verify,140,0.042250
ECDSA-P256,verify,141,0.042219
ECDSA-P256,verify,142,0.042220
ECDSA-P256,verify,143,0.047879
ECDSA-P256,verify,144,0.042519
ECDSA-P256,verify,145,0.042280
ECDSA-P256,verify,146,0.042259
ECDSA-P256,verify,147,0.042220
ECDSA-P256,verify,148,0.042269
ECDSA-P256,verify,149,0.042250
ECDSA-P256,verify,150,0.042269
ECDSA-P256,verify,151,0.042230
ECDSA-P256,verify,152,0.042229
ECDSA-P256,verify,153,0.042259
ECDSA-P256,verify,154,0.042230
ECDSA-P256,verify,155,0.042309
ECDSA-P256,verify,156,0.042270
ECDSA-P256,verify,157,0.042299
ECDSA-P256,verify,158,0.042230
ECDSA-P256,verify,159,0.042259
ECDSA-P256,verify,160,0.045630
ECDSA-P256,verify,161,0.042389
ECDSA-P256,verify,162,0.042399
ECDSA-P256,verify,163,0.042320
ECDSA-P256,verify,164,0.042239
ECDSA-P256,verify,165,0.042260
ECDSA-P256,verify,166,0.042249
ECDSA-P256,verify,167,0.042250
ECDSA-P256,verify,168,0.042229
ECDSA-P256,verify,169,0.042240
ECDSA-P256,verify,170,0.042289
ECDSA-P256,verify,171,0.042259
ECDSA-P256,verify,172,0.042280
ECDSA-P256,verify,173,0.042249
ECDSA-P256,verify,174,0.042240
ECDSA-P256,verify,175,0.042319
ECDSA-P256,verify,176,0.042230
ECDSA-P256,verify,177,0.042219
ECDSA-P256,verify,178,0.042230
ECDSA-P256,verify,179,0.042229
ECDSA-P256,verify,180,0.042209
ECDSA-P256,verify,181,0.042240
ECDSA-P256,verify,182,0.042229
ECDSA-P256,verify,183,0.045330
ECDSA-P256,verify,184,0.042279
ECDSA-P256,verify,185,0.042260
ECDSA-P256,verify,186,0.042229
ECDSA-P256,verify,187,0.042310
ECDSA-P256,verify,188,0.042219
ECDSA-P256,verify,189,0.042229
ECDSA-P256,verify,190,0.042230
ECDSA-P256,verify,191,0.042239
ECDSA-P256,verify,192,0.042270
ECDSA-P256,verify,193,0.042319
ECDSA-P256,verify,194,0.042250
ECDSA-P256,verify,195,0.042259
ECDSA-P256,verify,196,0.042240
ECDSA-P256,verify,197,0.046199
ECDSA-P256,verify,198,0.042109
ECDSA-P256,verify,199,0.041980
ECDSA-P256,verify,200,0.042049
ECDSA-P256,verify,201,0.042020
ECDSA-P256,verify,202,0.042109
ECDSA-P256,verify,203,0.042040
ECDSA-P256,verify,204,0.042049
ECDSA-P256,verify,205,0.042050
ECDSA-P256,verify,206,0.044969
ECDSA-P256,verify,207,0.042049
ECDSA-P256,verify,208,0.042020
ECDSA-P256,verify,209,0.041999
ECDSA-P256,verify,210,0.042030
ECDSA-P256,verify,211,0.042029
ECDSA-P256,verify,212,0.042010
ECDSA-P256,verify,213,0.041989
ECDSA-P256,verify,214,0.042000
ECDSA-P256,verify,215,0.042049
ECDSA-P256,verify,216,0.041999
ECDSA-P256,verify,217,0.042070
ECDSA-P256,verify,218,0.042089
ECDSA-P256,verify,219,0.042040
ECDSA-P256,verify,220,0.046319
ECDSA-P256,verify,221,0.042230
ECDSA-P256,verify,222,0.042209
ECDSA-P256,verify,223,0.042210
ECDSA-P256,verify,224,0.042239
ECDSA-P256,verify,225,0.042259
ECDSA-P256,verify,226,0.042270
ECDSA-P256,verify,227,0.042289
ECDSA-P256,verify,228,0.042200
ECDSA-P256,verify,229,0.045109
ECDSA-P256,verify,230,0.042370
ECDSA-P256,verify,231,0.042449
ECDSA-P256,verify,232,0.042280
ECDSA-P256,verify,233,0.042439
ECDSA-P256,verify,234,0.042399
ECDSA-P256,verify,235,0.042360
ECDSA-P256,verify,236,0.042429
ECDSA-P256,verify,237,0.042250
ECDSA-P256,verify,238,0.042379
ECDSA-P256,verify,239,0.042220
ECDSA-P256,verify,240,0.042269
ECDSA-P256,verify,241,0.042220
ECDSA-P256,verify,242,0.042249
ECDSA-P256,verify,243,0.046279
ECDSA-P256,verify,244,0.042090
ECDSA-P256,verify,245,0.042039
ECDSA-P256,verify,246,0.042020
ECDSA-P256,verify,247,0.042009
ECDSA-P256,verify,248,0.042030
ECDSA-P256,verify,249,0.042019
ECDSA-P256,verify,250,0.042050
ECDSA-P256,verify,251,0.042020
ECDSA-P256,verify,252,0.044849
ECDSA-P256,verify,253,0.042060
ECDSA-P256,verify,254,0.041889
ECDSA-P256,verify,255,0.042110
ECDSA-P256,verify,256,0.042079
ECDSA-P256,verify,257,0.042050
ECDSA-P256,verify,258,0.042029
ECDSA-P256,verify,259,0.042030
ECDSA-P256,verify,260,0.042109
ECDSA-P256,verify,261,0.042040
ECDSA-P256,verify,262,0.042039
ECDSA-P256,verify,263,0.042020
ECDSA-P256,verify,264,0.042019
ECDSA-P256,verify,265,0.042059
ECDSA-P256,verify,266,0.042000
ECDSA-P256,verify,267,0.042059
ECDSA-P256,verify,268,0.042020
ECDSA-P256,verify,269,0.042009
ECDSA-P256,verify,270,0.042020
ECDSA-P256,verify,271,0.041999
ECDSA-P256,verify,272,0.042020
ECDSA-P256,verify,273,0.042029
ECDSA-P256,verify,274,0.042030
ECDSA-P256,verify,275,0.042809
ECDSA-P256,verify,276,0.044450
ECDSA-P256,verify,277,0.042149
ECDSA-P256,verify,278,0.042049
ECDSA-P256,verify,279,0.042040
ECDSA-P256,verify,280,0.042029
ECDSA-P256,verify,281,0.042020
ECDSA-P256,verify,282,0.042029
ECDSA-P256,verify,283,0.042020
ECDSA-P256,verify,284,0.041999
ECDSA-P256,verify,285,0.042060
ECDSA-P256,verify,286,0.041999
ECDSA-P256,verify,287,0.042029
ECDSA-P256,verify,288,0.042010
ECDSA-P256,verify,289,0.046209
ECDSA-P256,verify,290,0.042270
ECDSA-P256,verify,291,0.042249
ECDSA-P256,verify,292,0.042270
ECDSA-P256,verify,293,0.042249
ECDSA-P256,verify,294,0.042250
ECDSA-P256,verify,295,0.042279
ECDSA-P256,verify,296,0.042259
ECDSA-P256,verify,297,0.042250
ECDSA-P256,verify,298,0.044889
ECDSA-P256,verify,299,0.042290
ECDSA-P256,verify,300,0.042259
ECDSA-P256,verify,301,0.042330
ECDSA-P256,verify,302,0.042239
ECDSA-P256,verify,303,0.042360
ECDSA-P256,verify,304,0.042349
ECDSA-P256,verify,305,0.042449
ECDSA-P256,verify,306,0.042330
ECDSA-P256,verify,307,0.042359
ECDSA-P256,verify,308,0.042430
ECDSA-P256,verify,309,0.042359
ECDSA-P256,verify,310,0.042400
ECDSA-P256,verify,311,0.042439
ECDSA-P256,verify,312,0.042410
ECDSA-P256,verify,313,0.046369
ECDSA-P256,verify,314,0.042269
ECDSA-P256,verify,315,0.042250
ECDSA-P256,verify,316,0.042209
ECDSA-P256,verify,317,0.042220
ECDSA-P256,verify,318,0.042149
ECDSA-P256,verify,319,0.042140
ECDSA-P256,verify,320,0.042199
ECDSA-P256,verify,321,0.042140
ECDSA-P256,verify,322,0.044530
ECDSA-P256,verify,323,0.042049
ECDSA-P256,verify,324,0.042040
ECDSA-P256,verify,325,0.041999
ECDSA-P256,verify,326,0.042160
ECDSA-P256,verify,327,0.042139
ECDSA-P256,verify,328,0.042150
ECDSA-P256,verify,329,0.042169
ECDSA-P256,verify,330,0.042170
ECDSA-P256,verify,331,0.042150
ECDSA-P256,verify,332,0.042039
ECDSA-P256,verify,333,0.042090
ECDSA-P256,verify,334,0.042049
ECDSA-P256,verify,335,0.046300
ECDSA-P256,verify,336,0.042229
ECDSA-P256,verify,337,0.042220
ECDSA-P256,verify,338,0.042249
ECDSA-P256,verify,339,0.042219
ECDSA-P256,verify,340,0.042270
ECDSA-P256,verify,341,0.042219
ECDSA-P256,verify,342,0.042250
ECDSA-P256,verify,343,0.042249
ECDSA-P256,verify,344,0.042330
ECDSA-P256,verify,345,0.046099
ECDSA-P256,verify,346,0.042290
ECDSA-P256,verify,347,0.042259
ECDSA-P256,verify,348,0.042259
ECDSA-P256,verify,349,0.042280
ECDSA-P256,verify,350,0.042279
ECDSA-P256,verify,351,0.042290
ECDSA-P256,verify,352,0.042209
ECDSA-P256,verify,353,0.042270
ECDSA-P256,verify,354,0.042309
ECDSA-P256,verify,355,0.042270
ECDSA-P256,verify,356,0.042239
ECDSA-P256,verify,357,0.042239
ECDSA-P256,verify,358,0.042240
ECDSA-P256,verify,359,0.046179
ECDSA-P256,verify,360,0.042130
ECDSA-P256,verify,361,0.041979
ECDSA-P256,verify,362,0.042010
ECDSA-P256,verify,363,0.041969
ECDSA-P256,verify,364,0.042060
ECDSA-P256,verify,365,0.042049
ECDSA-P256,verify,366,0.042069
ECDSA-P256,verify,367,0.042010
ECDSA-P256,verify,368,0.044949
ECDSA-P256,verify,369,0.042060
ECDSA-P256,verify,370,0.042049
ECDSA-P256,verify,371,0.042020
ECDSA-P256,verify,372,0.042009
ECDSA-P256,verify,373,0.042040
ECDSA-P256,verify,374,0.042199
ECDSA-P256,verify,375,0.042189
ECDSA-P256,verify,376,0.042150
ECDSA-P256,verify,377,0.042189
ECDSA-P256,verify,378,0.042150
ECDSA-P256,verify,379,0.042169
ECDSA-P256,verify,380,0.042190
ECDSA-P256,verify,381,0.042139
ECDSA-P256,verify,382,0.042210
ECDSA-P256,verify,383,0.042029
ECDSA-P256,verify,384,0.042059
ECDSA-P256,verify,385,0.042050
ECDSA-P256,verify,386,0.042049
ECDSA-P256,verify,387,0.041990
ECDSA-P256,verify,388,0.042129
ECDSA-P256,verify,389,0.042040
ECDSA-P256,verify,390,0.042029
ECDSA-P256,verify,391,0.045810
ECDSA-P256,verify,392,0.042039
ECDSA-P256,verify,393,0.042049
ECDSA-P256,verify,394,0.042040
ECDSA-P256,verify,395,0.042019
ECDSA-P256,verify,396,0.042030
ECDSA-P256,verify,397,0.042029
ECDSA-P256,verify,398,0.042030
ECDSA-P256,verify,399,0.042099
ECDSA-P256,verify,400,0.042060
ECDSA-P256,verify,401,0.042029
ECDSA-P256,verify,402,0.042060
ECDSA-P256,verify,403,0.042059
ECDSA-P256,verify,404,0.042040
ECDSA-P256,verify,405,0.046299
ECDSA-P256,verify,406,0.042230
ECDSA-P256,verify,407,0.042239
ECDSA-P256,verify,408,0.042209
ECDSA-P256,verify,409,0.042220
ECDSA-P256,verify,410,0.042319
ECDSA-P256,verify,411,0.042240
ECDSA-P256,verify,412,0.042289
ECDSA-P256,verify,413,0.042250
ECDSA-P256,verify,414,0.045099
ECDSA-P256,verify,415,0.042370
ECDSA-P256,verify,416,0.042379
ECDSA-P256,verify,417,0.042180
ECDSA-P256,verify,418,0.042329
ECDSA-P256,verify,419,0.042329
ECDSA-P256,verify,420,0.042340
ECDSA-P256,verify,421,0.042249
ECDSA-P256,verify,422,0.042240
ECDSA-P256,verify,423,0.042229
ECDSA-P256,verify,424,0.042220
ECDSA-P256,verify,425,0.042249
ECDSA-P256,verify,426,0.042250
ECDSA-P256,verify,427,0.042229
ECDSA-P256,verify,428,0.046269
ECDSA-P256,verify,429,0.042030
ECDSA-P256,verify,430,0.042039
ECDSA-P256,verify,431,0.042050
ECDSA-P256,verify,432,0.042029
ECDSA-P256,verify,433,0.042020
ECDSA-P256,verify,434,0.042049
ECDSA-P256,verify,435,0.042060
ECDSA-P256,verify,436,0.042039
ECDSA-P256,verify,437,0.045769
ECDSA-P256,verify,438,0.042080
ECDSA-P256,verify,439,0.042029
ECDSA-P256,verify,440,0.042060
ECDSA-P256,verify,441,0.042029
ECDSA-P256,verify,442,0.041990
ECDSA-P256,verify,443,0.042029
ECDSA-P256,verify,444,0.042030
ECDSA-P256,verify,445,0.042059
ECDSA-P256,verify,446,0.042039
ECDSA-P256,verify,447,0.042020
ECDSA-P256,verify,448,0.042039
ECDSA-P256,verify,449,0.042030
ECDSA-P256,verify,450,0.042069
ECDSA-P256,verify,451,0.046230
ECDSA-P256,verify,452,0.042219
ECDSA-P256,verify,453,0.042230
ECDSA-P256,verify,454,0.042260
ECDSA-P256,verify,455,0.042269
ECDSA-P256,verify,456,0.042240
ECDSA-P256,verify,457,0.042219
ECDSA-P256,verify,458,0.042230
ECDSA-P256,verify,459,0.042249
ECDSA-P256,verify,460,0.043060
ECDSA-P256,verify,461,0.044259
ECDSA-P256,verify,462,0.042249
ECDSA-P256,verify,463,0.042240
ECDSA-P256,verify,464,0.042229
ECDSA-P256,verify,465,0.042230
ECDSA-P256,verify,466,0.042189
ECDSA-P256,verify,467,0.042270
ECDSA-P256,verify,468,0.042239
ECDSA-P256,verify,469,0.042240
ECDSA-P256,verify,470,0.042219
ECDSA-P256,verify,471,0.042249
ECDSA-P256,verify,472,0.042270
ECDSA-P256,verify,473,0.042239
ECDSA-P256,verify,474,0.042240
ECDSA-P256,verify,475,0.046119
ECDSA-P256,verify,476,0.042110
ECDSA-P256,verify,477,0.042029
ECDSA-P256,verify,478,0.042050
ECDSA-P256,verify,479,0.042039
ECDSA-P256,verify,480,0.042099
ECDSA-P256,verify,481,0.042060
ECDSA-P256,verify,482,0.042049
ECDSA-P256,verify,483,0.042760
ECDSA-P256,verify,484,0.045059
ECDSA-P256,verify,485,0.042050
ECDSA-P256,verify,486,0.041989
ECDSA-P256,verify,487,0.042050
ECDSA-P256,verify,488,0.042039
ECDSA-P256,verify,489,0.042059
ECDSA-P256,verify,490,0.042050
ECDSA-P256,verify,491,0.042029
ECDSA-P256,verify,492,0.042040
ECDSA-P256,verify,493,0.041999
ECDSA-P256,verify,494,0.042030
ECDSA-P256,verify,495,0.042059
ECDSA-P256,verify,496,0.042040
ECDSA-P256,verify,497,0.042009
ECDSA-P256,verify,498,0.041980
ECDSA-P256,verify,499,0.042120
ECDSA-P256,verify,500,0.042039
ECDSA-P256,verify,501,0.042040
ECDSA-P256,verify,502,0.042029
ECDSA-P256,verify,503,0.042050
ECDSA-P256,verify,504,0.042059
ECDSA-P256,verify,505,0.042050
ECDSA-P256,verify,506,0.042029
ECDSA-P256,verify,507,0.044870
ECDSA-P256,verify,508,0.042200
ECDSA-P256,verify,509,0.042169
ECDSA-P256,verify,510,0.042040
ECDSA-P256,verify,511,0.042119
ECDSA-P256,verify,512,0.042000
ECDSA-P256,verify,513,0.042179
ECDSA-P256,verify,514,0.042150
ECDSA-P256,verify,515,0.042149
ECDSA-P256,verify,516,0.042030
ECDSA-P256,verify,517,0.042029
ECDSA-P256,verify,518,0.042129
ECDSA-P256,verify,519,0.042020
ECDSA-P256,verify,520,0.042039
ECDSA-P256,verify,521,0.045620
ECDSA-P256,verify,522,0.042209
ECDSA-P256,verify,523,0.042240
ECDSA-P256,verify,524,0.042209
ECDSA-P256,verify,525,0.042320
ECDSA-P256,verify,526,0.042230
ECDSA-P256,verify,527,0.042199
ECDSA-P256,verify,528,0.042200
ECDSA-P256,verify,529,0.042239
ECDSA-P256,verify,530,0.045780
ECDSA-P256,verify,531,0.042239
ECDSA-P256,verify,532,0.042270
ECDSA-P256,verify,533,0.042209
ECDSA-P256,verify,534,0.042250
ECDSA-P256,verify,535,0.042279
ECDSA-P256,verify,536,0.042249
ECDSA-P256,verify,537,0.042240
ECDSA-P256,verify,538,0.042229
ECDSA-P256,verify,539,0.042240
ECDSA-P256,verify,540,0.042319
ECDSA-P256,verify,541,0.042240
ECDSA-P256,verify,542,0.042269
ECDSA-P256,verify,543,0.042240
ECDSA-P256,verify,544,0.042249
ECDSA-P256,verify,545,0.042270
ECDSA-P256,verify,546,0.042249
ECDSA-P256,verify,547,0.042240
ECDSA-P256,verify,548,0.042249
ECDSA-P256,verify,549,0.042260
ECDSA-P256,verify,550,0.042249
ECDSA-P256,verify,551,0.042249
ECDSA-P256,verify,552,0.042240
ECDSA-P256,verify,553,0.045829
ECDSA-P256,verify,554,0.042280
ECDSA-P256,verify,555,0.042279
ECDSA-P256,verify,556,0.042320
ECDSA-P256,verify,557,0.042239
ECDSA-P256,verify,558,0.042250
ECDSA-P256,verify,559,0.042259
ECDSA-P256,verify,560,0.042289
ECDSA-P256,verify,561,0.042260
ECDSA-P256,verify,562,0.042259
ECDSA-P256,verify,563,0.042230
ECDSA-P256,verify,564,0.042229
ECDSA-P256,verify,565,0.042220
ECDSA-P256,verify,566,0.042259
ECDSA-P256,verify,567,0.046270
ECDSA-P256,verify,568,0.042039
ECDSA-P256,verify,569,0.042039
ECDSA-P256,verify,570,0.042060
ECDSA-P256,verify,571,0.042099
ECDSA-P256,verify,572,0.042040
ECDSA-P256,verify,573,0.042079
ECDSA-P256,verify,574,0.042050
ECDSA-P256,verify,575,0.042089
ECDSA-P256,verify,576,0.045580
ECDSA-P256,verify,577,0.042029
ECDSA-P256,verify,578,0.042029
ECDSA-P256,verify,579,0.042070
ECDSA-P256,verify,580,0.042049
ECDSA-P256,verify,581,0.042030
ECDSA-P256,verify,582,0.042029
ECDSA-P256,verify,583,0.042040
ECDSA-P256,verify,584,0.042059
ECDSA-P256,verify,585,0.042060
ECDSA-P256,verify,586,0.042009
ECDSA-P256,verify,587,0.042089
ECDSA-P256,verify,588,0.042060
ECDSA-P256,verify,589,0.042039
ECDSA-P256,verify,590,0.042120
ECDSA-P256,verify,591,0.042039
ECDSA-P256,verify,592,0.041980
ECDSA-P256,verify,593,0.042039
ECDSA-P256,verify,594,0.042050
ECDSA-P256,verify,595,0.042019
ECDSA-P256,verify,596,0.042040
ECDSA-P256,verify,597,0.042070
ECDSA-P256,verify,598,0.042029
ECDSA-P256,verify,599,0.042810
ECDSA-P256,verify,600,0.044209
ECDSA-P256,verify,601,0.042030
ECDSA-P256,verify,602,0.042039
ECDSA-P256,verify,603,0.042020
ECDSA-P256,verify,604,0.042039
ECDSA-P256,verify,605,0.042040
ECDSA-P256,verify,606,0.042039
ECDSA-P256,verify,607,0.042069
ECDSA-P256,verify,608,0.045430
ECDSA-P256,verify,609,0.051609
ECDSA-P256,verify,610,0.048010
ECDSA-P256,verify,611,0.042140
ECDSA-P256,verify,612,0.042029
ECDSA-P256,verify,613,0.046300
ECDSA-P256,verify,614,0.042249
ECDSA-P256,verify,615,0.042260
ECDSA-P256,verify,616,0.042229
ECDSA-P256,verify,617,0.042250
ECDSA-P256,verify,618,0.042249
ECDSA-P256,verify,619,0.042209
ECDSA-P256,verify,620,0.042190
ECDSA-P256,verify,621,0.042249
ECDSA-P256,verify,622,0.045060
ECDSA-P256,verify,623,0.042229
ECDSA-P256,verify,624,0.042260
ECDSA-P256,verify,625,0.042289
ECDSA-P256,verify,626,0.042200
ECDSA-P256,verify,627,0.042239
ECDSA-P256,verify,628,0.042199
ECDSA-P256,verify,629,0.042220
ECDSA-P256,verify,630,0.042239
ECDSA-P256,verify,631,0.042200
ECDSA-P256,verify,632,0.042219
ECDSA-P256,verify,633,0.042210
ECDSA-P256,verify,634,0.042239
ECDSA-P256,verify,635,0.042260
ECDSA-P256,verify,636,0.046299
ECDSA-P256,verify,637,0.042059
ECDSA-P256,verify,638,0.042020
ECDSA-P256,verify,639,0.042009
ECDSA-P256,verify,640,0.042060
ECDSA-P256,verify,641,0.042039
ECDSA-P256,verify,642,0.042080
ECDSA-P256,verify,643,0.041999
ECDSA-P256,verify,644,0.042040
ECDSA-P256,verify,645,0.045179
ECDSA-P256,verify,646,0.042059
ECDSA-P256,verify,647,0.042080
ECDSA-P256,verify,648,0.042049
ECDSA-P256,verify,649,0.042030
ECDSA-P256,verify,650,0.042049
ECDSA-P256,verify,651,0.042020
ECDSA-P256,verify,652,0.042039
ECDSA-P256,verify,653,0.042010
ECDSA-P256,verify,654,0.042039
ECDSA-P256,verify,655,0.042029
ECDSA-P256,verify,656,0.042020
ECDSA-P256,verify,657,0.042019
ECDSA-P256,verify,658,0.041950
ECDSA-P256,verify,659,0.046179
ECDSA-P256,verify,660,0.042680
ECDSA-P256,verify,661,0.042649
ECDSA-P256,verify,662,0.042680
ECDSA-P256,verify,663,0.042649
ECDSA-P256,verify,664,0.042669
ECDSA-P256,verify,665,0.042740
ECDSA-P256,verify,666,0.042659
ECDSA-P256,verify,667,0.042680
ECDSA-P256,verify,668,0.043429
ECDSA-P256,verify,669,0.042710
ECDSA-P256,verify,670,0.042789
ECDSA-P256,verify,671,0.042639
ECDSA-P256,verify,672,0.042650
ECDSA-P256,verify,673,0.042649
ECDSA-P256,verify,674,0.042650
ECDSA-P256,verify,675,0.042679
ECDSA-P256,verify,676,0.042640
ECDSA-P256,verify,677,0.042639
ECDSA-P256,verify,678,0.042740
ECDSA-P256,verify,679,0.042829
ECDSA-P256,verify,680,0.042680
ECDSA-P256,verify,681,0.042659
ECDSA-P256,verify,682,0.046400
ECDSA-P256,verify,683,0.042010
ECDSA-P256,verify,684,0.041999
ECDSA-P256,verify,685,0.042060
ECDSA-P256,verify,686,0.042039
ECDSA-P256,verify,687,0.042050
ECDSA-P256,verify,688,0.041989
ECDSA-P256,verify,689,0.042040
ECDSA-P256,verify,690,0.042039
ECDSA-P256,verify,691,0.044540
ECDSA-P256,verify,692,0.042149
ECDSA-P256,verify,693,0.042020
ECDSA-P256,verify,694,0.042209
ECDSA-P256,verify,695,0.042169
ECDSA-P256,verify,696,0.042020
ECDSA-P256,verify,697,0.042029
ECDSA-P256,verify,698,0.042170
ECDSA-P256,verify,699,0.042169
ECDSA-P256,verify,700,0.042050
ECDSA-P256,verify,701,0.042049
ECDSA-P256,verify,702,0.042080
ECDSA-P256,verify,703,0.042239
ECDSA-P256,verify,704,0.042020
ECDSA-P256,verify,705,0.042080
ECDSA-P256,verify,706,0.042209
ECDSA-P256,verify,707,0.042160
ECDSA-P256,verify,708,0.042059
ECDSA-P256,verify,709,0.042110
ECDSA-P256,verify,710,0.042029
ECDSA-P256,verify,711,0.042050
ECDSA-P256,verify,712,0.042039
ECDSA-P256,verify,713,0.041990
ECDSA-P256,verify,714,0.042039
ECDSA-P256,verify,715,0.049359
ECDSA-P256,verify,716,0.042320
ECDSA-P256,verify,717,0.042059
ECDSA-P256,verify,718,0.042000
ECDSA-P256,verify,719,0.042139
ECDSA-P256,verify,720,0.042070
ECDSA-P256,verify,721,0.042039
ECDSA-P256,verify,722,0.042179
ECDSA-P256,verify,723,0.042200
ECDSA-P256,verify,724,0.042179
ECDSA-P256,verify,725,0.042220
ECDSA-P256,verify,726,0.042209
ECDSA-P256,verify,727,0.042140
ECDSA-P256,verify,728,0.046319
ECDSA-P256,verify,729,0.042380
ECDSA-P256,verify,730,0.042379
ECDSA-P256,verify,731,0.042409
ECDSA-P256,verify,732,0.042260
ECDSA-P256,verify,733,0.042249
ECDSA-P256,verify,734,0.042250
ECDSA-P256,verify,735,0.042329
ECDSA-P256,verify,736,0.042370
ECDSA-P256,verify,737,0.042269
ECDSA-P256,verify,738,0.044630
ECDSA-P256,verify,739,0.042239
ECDSA-P256,verify,740,0.042259
ECDSA-P256,verify,741,0.042230
ECDSA-P256,verify,742,0.042239
ECDSA-P256,verify,743,0.042260
ECDSA-P256,verify,744,0.042199
ECDSA-P256,verify,745,0.042200
ECDSA-P256,verify,746,0.042349
ECDSA-P256,verify,747,0.042230
ECDSA-P256,verify,748,0.042299
ECDSA-P256,verify,749,0.042309
ECDSA-P256,verify,750,0.042270
ECDSA-P256,verify,751,0.042259
ECDSA-P256,verify,752,0.046170
ECDSA-P256,verify,753,0.042059
ECDSA-P256,verify,754,0.042040
ECDSA-P256,verify,755,0.042059
ECDSA-P256,verify,756,0.042060
ECDSA-P256,verify,757,0.041980
ECDSA-P256,verify,758,0.042009
ECDSA-P256,verify,759,0.042030
ECDSA-P256,verify,760,0.042049
ECDSA-P256,verify,761,0.044070
ECDSA-P256,verify,762,0.042069
ECDSA-P256,verify,763,0.042040
ECDSA-P256,verify,764,0.042149
ECDSA-P256,verify,765,0.042150
ECDSA-P256,verify,766,0.042029
ECDSA-P256,verify,767,0.042049
ECDSA-P256,verify,768,0.042060
ECDSA-P256,verify,769,0.042049
ECDSA-P256,verify,770,0.042080
ECDSA-P256,verify,771,0.042039
ECDSA-P256,verify,772,0.042090
ECDSA-P256,verify,773,0.042019
ECDSA-P256,verify,774,0.042040
ECDSA-P256,verify,775,0.042129
ECDSA-P256,verify,776,0.042089
ECDSA-P256,verify,777,0.042040
ECDSA-P256,verify,778,0.042009
ECDSA-P256,verify,779,0.042060
ECDSA-P256,verify,780,0.042079
ECDSA-P256,verify,781,0.042040
ECDSA-P256,verify,782,0.042119
ECDSA-P256,verify,783,0.042020
ECDSA-P256,verify,784,0.045049
ECDSA-P256,verify,785,0.042209
ECDSA-P256,verify,786,0.042190
ECDSA-P256,verify,787,0.042199
ECDSA-P256,verify,788,0.042220
ECDSA-P256,verify,789,0.042199
ECDSA-P256,verify,790,0.042270
ECDSA-P256,verify,791,0.042139
ECDSA-P256,verify,792,0.042150
ECDSA-P256,verify,793,0.042009
ECDSA-P256,verify,794,0.042079
ECDSA-P256,verify,795,0.042040
ECDSA-P256,verify,796,0.042029
ECDSA-P256,verify,797,0.042050
ECDSA-P256,verify,798,0.042049
ECDSA-P256,verify,799,0.042010
ECDSA-P256,verify,800,0.042049
ECDSA-P256,verify,801,0.042100
ECDSA-P256,verify,802,0.042039
ECDSA-P256,verify,803,0.041940
ECDSA-P256,verify,804,0.042100
ECDSA-P256,verify,805,0.042069
ECDSA-P256,verify,806,0.042040
ECDSA-P256,verify,807,0.046699
ECDSA-P256,verify,808,0.043480
ECDSA-P256,verify,809,0.042069
ECDSA-P256,verify,810,0.042160
ECDSA-P256,verify,811,0.042139
ECDSA-P256,verify,812,0.042070
ECDSA-P256,verify,813,0.042029
ECDSA-P256,verify,814,0.042029
ECDSA-P256,verify,815,0.042050
ECDSA-P256,verify,816,0.042009
ECDSA-P256,verify,817,0.042020
ECDSA-P256,verify,818,0.042029
ECDSA-P256,verify,819,0.042110
ECDSA-P256,verify,820,0.042039
ECDSA-P256,verify,821,0.046510
ECDSA-P256,verify,822,0.042649
ECDSA-P256,verify,823,0.042720
ECDSA-P256,verify,824,0.042689
ECDSA-P256,verify,825,0.042690
ECDSA-P256,verify,826,0.042649
ECDSA-P256,verify,827,0.042639
ECDSA-P256,verify,828,0.042650
ECDSA-P256,verify,829,0.042669
ECDSA-P256,verify,830,0.048000
ECDSA-P256,verify,831,0.042769
ECDSA-P256,verify,832,0.042730
ECDSA-P256,verify,833,0.042639
ECDSA-P256,verify,834,0.042680
ECDSA-P256,verify,835,0.042659
ECDSA-P256,verify,836,0.042669
ECDSA-P256,verify,837,0.042660
ECDSA-P256,verify,838,0.042639
ECDSA-P256,verify,839,0.042660
ECDSA-P256,verify,840,0.042699
ECDSA-P256,verify,841,0.042670
ECDSA-P256,verify,842,0.042669
ECDSA-P256,verify,843,0.042690
ECDSA-P256,verify,844,0.046560
ECDSA-P256,verify,845,0.042049
ECDSA-P256,verify,846,0.042020
ECDSA-P256,verify,847,0.042039
ECDSA-P256,verify,848,0.042030
ECDSA-P256,verify,849,0.042039
ECDSA-P256,verify,850,0.042040
ECDSA-P256,verify,851,0.042099
ECDSA-P256,verify,852,0.042059
ECDSA-P256,verify,853,0.043950
ECDSA-P256,verify,854,0.042019
ECDSA-P256,verify,855,0.042020
ECDSA-P256,verify,856,0.042059
ECDSA-P256,verify,857,0.042020
ECDSA-P256,verify,858,0.042029
ECDSA-P256,verify,859,0.042000
ECDSA-P256,verify,860,0.042069
ECDSA-P256,verify,861,0.042040
ECDSA-P256,verify,862,0.042020
ECDSA-P256,verify,863,0.041989
ECDSA-P256,verify,864,0.042080
ECDSA-P256,verify,865,0.042059
ECDSA-P256,verify,866,0.042030
ECDSA-P256,verify,867,0.042039
ECDSA-P256,verify,868,0.042030
ECDSA-P256,verify,869,0.042009
ECDSA-P256,verify,870,0.042060
ECDSA-P256,verify,871,0.042019
ECDSA-P256,verify,872,0.042029
ECDSA-P256,verify,873,0.042030
ECDSA-P256,verify,874,0.042049
ECDSA-P256,verify,875,0.042090
ECDSA-P256,verify,876,0.042829
ECDSA-P256,verify,877,0.043860
ECDSA-P256,verify,878,0.042159
ECDSA-P256,verify,879,0.042160
ECDSA-P256,verify,880,0.042199
ECDSA-P256,verify,881,0.042209
ECDSA-P256,verify,882,0.042170
ECDSA-P256,verify,883,0.042149
ECDSA-P256,verify,884,0.042180
ECDSA-P256,verify,885,0.042229
ECDSA-P256,verify,886,0.042140
ECDSA-P256,verify,887,0.042139
ECDSA-P256,verify,888,0.042150
ECDSA-P256,verify,889,0.042109
ECDSA-P256,verify,890,0.046369
ECDSA-P256,verify,891,0.042340
ECDSA-P256,verify,892,0.042339
ECDSA-P256,verify,893,0.042440
ECDSA-P256,verify,894,0.042369
ECDSA-P256,verify,895,0.042380
ECDSA-P256,verify,896,0.042349
ECDSA-P256,verify,897,0.042370
ECDSA-P256,verify,898,0.042359
ECDSA-P256,verify,899,0.043119
ECDSA-P256,verify,900,0.044640
ECDSA-P256,verify,901,0.042319
ECDSA-P256,verify,902,0.042220
ECDSA-P256,verify,903,0.042409
ECDSA-P256,verify,904,0.042330
ECDSA-P256,verify,905,0.042259
ECDSA-P256,verify,906,0.042239
ECDSA-P256,verify,907,0.042200
ECDSA-P256,verify,908,0.042279
ECDSA-P256,verify,909,0.042200
ECDSA-P256,verify,910,0.042249
ECDSA-P256,verify,911,0.042310
ECDSA-P256,verify,912,0.042239
ECDSA-P256,verify,913,0.042380
ECDSA-P256,verify,914,0.046239
ECDSA-P256,verify,915,0.042009
ECDSA-P256,verify,916,0.042040
ECDSA-P256,verify,917,0.042039
ECDSA-P256,verify,918,0.042030
ECDSA-P256,verify,919,0.042029
ECDSA-P256,verify,920,0.042040
ECDSA-P256,verify,921,0.042039
ECDSA-P256,verify,922,0.042040
ECDSA-P256,verify,923,0.045329
ECDSA-P256,verify,924,0.042029
ECDSA-P256,verify,925,0.042040
ECDSA-P256,verify,926,0.042039
ECDSA-P256,verify,927,0.042070
ECDSA-P256,verify,928,0.042039
ECDSA-P256,verify,929,0.042050
ECDSA-P256,verify,930,0.042049
ECDSA-P256,verify,931,0.042030
ECDSA-P256,verify,932,0.042039
ECDSA-P256,verify,933,0.042039
ECDSA-P256,verify,934,0.041980
ECDSA-P256,verify,935,0.042039
ECDSA-P256,verify,936,0.042000
ECDSA-P256,verify,937,0.042029
ECDSA-P256,verify,938,0.042150
ECDSA-P256,verify,939,0.042049
ECDSA-P256,verify,940,0.042050
ECDSA-P256,verify,941,0.042009
ECDSA-P256,verify,942,0.042180
ECDSA-P256,verify,943,0.042039
ECDSA-P256,verify,944,0.041979
ECDSA-P256,verify,945,0.042060
ECDSA-P256,verify,946,0.044299
ECDSA-P256,verify,947,0.042700
ECDSA-P256,verify,948,0.042099
ECDSA-P256,verify,949,0.042070
ECDSA-P256,verify,950,0.042039
ECDSA-P256,verify,951,0.042020
ECDSA-P256,verify,952,0.042029
ECDSA-P256,verify,953,0.042110
ECDSA-P256,verify,954,0.042029
ECDSA-P256,verify,955,0.042079
ECDSA-P256,verify,956,0.042100
ECDSA-P256,verify,957,0.042039
ECDSA-P256,verify,958,0.042030
ECDSA-P256,verify,959,0.042029
ECDSA-P256,verify,960,0.042090
ECDSA-P256,verify,961,0.042039
ECDSA-P256,verify,962,0.042010
ECDSA-P256,verify,963,0.042129
ECDSA-P256,verify,964,0.042030
ECDSA-P256,verify,965,0.042069
ECDSA-P256,verify,966,0.042040
ECDSA-P256,verify,967,0.042019
ECDSA-P256,verify,968,0.042040
ECDSA-P256,verify,969,0.047339
ECDSA-P256,verify,970,0.042139
ECDSA-P256,verify,971,0.042000
ECDSA-P256,verify,972,0.042019
ECDSA-P256,verify,973,0.042020
ECDSA-P256,verify,974,0.042099
ECDSA-P256,verify,975,0.042050
ECDSA-P256,verify,976,0.042119
ECDSA-P256,verify,977,0.042030
ECDSA-P256,verify,978,0.042069
ECDSA-P256,verify,979,0.042009
ECDSA-P256,verify,980,0.042010
ECDSA-P256,verify,981,0.042009
ECDSA-P256,verify,982,0.042040
ECDSA-P256,verify,983,0.041999
ECDSA-P256,verify,984,0.042030
ECDSA-P256,verify,985,0.042019
ECDSA-P256,verify,986,0.042040
ECDSA-P256,verify,987,0.042039
ECDSA-P256,verify,988,0.042009
ECDSA-P256,verify,989,0.042110
ECDSA-P256,verify,990,0.042009
ECDSA-P256,verify,991,0.042010
ECDSA-P256,verify,992,0.042779
ECDSA-P256,verify,993,0.047810
ECDSA-P256,verify,994,0.042229
ECDSA-P256,verify,995,0.042200
ECDSA-P256,verify,996,0.042189
ECDSA-P256,verify,997,0.042089
ECDSA-P256,verify,998,0.042060
ECDSA-P256,verify,999,0.042069
