algorithm,operation,iteration,ms
RSA-3072,keygen,0,1094.282481
RSA-3072,keygen,1,1177.220092
RSA-3072,keygen,2,201.767204
RSA-3072,keygen,3,3623.859461
RSA-3072,keygen,4,1205.254444
RSA-3072,keygen,5,2034.453165
RSA-3072,keygen,6,2996.851979
RSA-3072,keygen,7,3029.534479
RSA-3072,keygen,8,892.878129
RSA-3072,keygen,9,614.642333
RSA-3072,keygen,10,1380.922240
RSA-3072,keygen,11,4361.614164
RSA-3072,keygen,12,1034.852277
RSA-3072,keygen,13,1890.255795
RSA-3072,keygen,14,1510.926666
RSA-3072,keygen,15,1378.336577
RSA-3072,keygen,16,1165.485374
RSA-3072,keygen,17,677.702414
RSA-3072,keygen,18,970.820412
RSA-3072,keygen,19,247.314097
RSA-3072,keygen,20,1864.289608
RSA-3072,keygen,21,1159.227996
RSA-3072,keygen,22,395.902627
RSA-3072,keygen,23,601.144681
RSA-3072,keygen,24,303.965726
RSA-3072,keygen,25,682.798932
RSA-3072,keygen,26,321.095260
RSA-3072,keygen,27,1131.345279
RSA-3072,keygen,28,1654.014749
RSA-3072,keygen,29,398.035071
RSA-3072,keygen,30,2877.404523
RSA-3072,keygen,31,870.921268
RSA-3072,keygen,32,1285.281574
RSA-3072,keygen,33,895.234974
RSA-3072,keygen,34,3225.177404
RSA-3072,keygen,35,1508.535186
RSA-3072,keygen,36,1449.167965
RSA-3072,keygen,37,764.787856
RSA-3072,keygen,38,1459.770505
RSA-3072,keygen,39,892.658347
RSA-3072,keygen,40,770.946188
RSA-3072,keygen,41,506.602744
RSA-3072,keygen,42,1575.661452
RSA-3072,keygen,43,812.987403
RSA-3072,keygen,44,2746.303311
RSA-3072,keygen,45,1221.877303
RSA-3072,keygen,46,801.198287
RSA-3072,keygen,47,653.053433
RSA-3072,keygen,48,706.800510
RSA-3072,keygen,49,371.239063
RSA-3072,keygen,50,2957.891075
RSA-3072,keygen,51,3677.374887
RSA-3072,keygen,52,450.295622
RSA-3072,keygen,53,395.169278
RSA-3072,keygen,54,1808.627562
RSA-3072,keygen,55,1162.184246
RSA-3072,keygen,56,664.437617
RSA-3072,keygen,57,1117.177840
RSA-3072,keygen,58,1053.548219
RSA-3072,keygen,59,4672.854663
RSA-3072,keygen,60,317.457998
RSA-3072,keygen,61,854.985202
RSA-3072,keygen,62,1650.898879
RSA-3072,keygen,63,2063.610026
RSA-3072,keygen,64,2183.384237
RSA-3072,keygen,65,1525.601093
RSA-3072,keygen,66,912.891541
RSA-3072,keygen,67,997.403368
RSA-3072,keygen,68,1485.529091
RSA-3072,keygen,69,3656.274879
RSA-3072,keygen,70,1477.235939
RSA-3072,keygen,71,1110.134306
RSA-3072,keygen,72,350.933989
RSA-3072,keygen,73,625.476488
RSA-3072,keygen,74,506.452556
RSA-3072,keygen,75,366.176303
RSA-3072,keygen,76,1984.564268
RSA-3072,keygen,77,513.577544
RSA-3072,keygen,78,560.198595
RSA-3072,keygen,79,491.366311
RSA-3072,keygen,80,970.595551
RSA-3072,keygen,81,1073.443632
RSA-3072,keygen,82,1154.868510
RSA-3072,keygen,83,1465.963681
RSA-3072,keygen,84,1284.078854
RSA-3072,keygen,85,1891.861564
RSA-3072,keygen,86,1522.754488
RSA-3072,keygen,87,756.631965
RSA-3072,keygen,88,965.506953
RSA-3072,keygen,89,2976.439444
RSA-3072,keygen,90,2339.956037
RSA-3072,keygen,91,2661.738541
RSA-3072,keygen,92,934.228345
RSA-3072,keygen,93,627.202797
RSA-3072,keygen,94,1459.641206
RSA-3072,keygen,95,1003.069027
RSA-3072,keygen,96,707.103730
RSA-3072,keygen,97,1938.154127
RSA-3072,keygen,98,1211.459116
RSA-3072,keygen,99,1017.172129
RSA-3072,keygen,100,436.373484
RSA-3072,keygen,101,612.675687
RSA-3072,keygen,102,942.269338
RSA-3072,keygen,103,1073.415019
RSA-3072,keygen,104,1605.366283
RSA-3072,keygen,105,944.531051
RSA-3072,keygen,106,978.057225
RSA-3072,keygen,107,473.008601
RSA-3072,keygen,108,2499.577919
RSA-3072,keygen,109,589.391770
RSA-3072,keygen,110,614.129269
RSA-3072,keygen,111,2023.840675
RSA-3072,keygen,112,2859.033168
RSA-3072,keygen,113,830.409085
RSA-3072,keygen,114,1305.019695
RSA-3072,keygen,115,1805.823572
RSA-3072,keygen,116,426.942469
RSA-3072,keygen,117,1307.132260
RSA-3072,keygen,118,156.145626
RSA-3072,keygen,119,2535.236299
RSA-3072,keygen,120,1350.746728
RSA-3072,keygen,121,293.765820
RSA-3072,keygen,122,1377.995150
RSA-3072,keygen,123,6154.085096
RSA-3072,keygen,124,1158.502316
RSA-3072,keygen,125,1616.150514
RSA-3072,keygen,126,511.652770
RSA-3072,keygen,127,995.007038
RSA-3072,keygen,128,1248.152232
RSA-3072,keygen,129,1058.465359
RSA-3072,keygen,130,538.801970
RSA-3072,keygen,131,700.927787
RSA-3072,keygen,132,410.411401
RSA-3072,keygen,133,870.245537
RSA-3072,keygen,134,792.982411
RSA-3072,keygen,135,1272.634578
RSA-3072,keygen,136,1237.725130
RSA-3072,keygen,137,730.725773
RSA-3072,keygen,138,597.263175
RSA-3072,keygen,139,1473.826604
RSA-3072,keygen,140,840.305697
RSA-3072,keygen,141,1268.785960
RSA-3072,keygen,142,770.940006
RSA-3072,keygen,143,770.854477
RSA-3072,keygen,144,932.374520
RSA-3072,keygen,145,1015.228048
RSA-3072,keygen,146,1537.419363
RSA-3072,keygen,147,1223.327793
RSA-3072,keygen,148,2119.964498
RSA-3072,keygen,149,247.069602
RSA-3072,keygen,150,2032.019284
RSA-3072,keygen,151,2254.645867
RSA-3072,keygen,152,3407.930895
RSA-3072,keygen,153,871.711547
RSA-3072,keygen,154,1434.480353
RSA-3072,keygen,155,1360.699956
RSA-3072,keygen,156,2030.717450
RSA-3072,keygen,157,1602.919524
RSA-3072,keygen,158,794.132205
RSA-3072,keygen,159,1752.415772
RSA-3072,keygen,160,933.254954
RSA-3072,keygen,161,865.251535
RSA-3072,keygen,162,2507.815898
RSA-3072,keygen,163,1201.448395
RSA-3072,keygen,164,607.268274
RSA-3072,keygen,165,1150.330254
RSA-3072,keygen,166,1221.903933
RSA-3072,keygen,167,1101.685253
RSA-3072,keygen,168,1690.802088
RSA-3072,keygen,169,1111.142384
RSA-3072,keygen,170,570.686332
RSA-3072,keygen,171,431.044811
RSA-3072,keygen,172,1130.256758
RSA-3072,keygen,173,1081.303495
RSA-3072,keygen,174,567.541481
RSA-3072,keygen,175,1900.443170
RSA-3072,keygen,176,981.811775
RSA-3072,keygen,177,1498.461754
RSA-3072,keygen,178,629.798481
RSA-3072,keygen,179,275.339982
RSA-3072,keygen,180,273.258729
RSA-3072,keygen,181,412.303772
RSA-3072,keygen,182,1528.916166
RSA-3072,keygen,183,1502.762417
RSA-3072,keygen,184,935.522364
RSA-3072,keygen,185,1097.368120
RSA-3072,keygen,186,1024.635364
RSA-3072,keygen,187,1857.879199
RSA-3072,keygen,188,2791.744901
RSA-3072,keygen,189,3600.858183
RSA-3072,keygen,190,1498.278489
RSA-3072,keygen,191,972.676231
RSA-3072,keygen,192,148.772882
RSA-3072,keygen,193,1369.660199
RSA-3072,keygen,194,1656.859590
RSA-3072,keygen,195,2024.063277
RSA-3072,keygen,196,1308.010281
RSA-3072,keygen,197,1649.835374
RSA-3072,keygen,198,302.123722
RSA-3072,keygen,199,1245.126145
RSA-3072,keygen,200,1075.408142
RSA-3072,keygen,201,3267.918358
RSA-3072,keygen,202,1956.347918
RSA-3072,keygen,203,1065.822984
RSA-3072,keygen,204,1032.551241
RSA-3072,keygen,205,1863.940640
RSA-3072,keygen,206,1616.849693
RSA-3072,keygen,207,162.125661
RSA-3072,keygen,208,855.932599
RSA-3072,keygen,209,325.440805
RSA-3072,keygen,210,473.231631
RSA-3072,keygen,211,566.438006
RSA-3072,keygen,212,1114.221988
RSA-3072,keygen,213,2701.079978
RSA-3072,keygen,214,615.721856
RSA-3072,keygen,215,660.558692
RSA-3072,keygen,216,576.079431
RSA-3072,keygen,217,934.768828
RSA-3072,keygen,218,793.500836
RSA-3072,keygen,219,1873.808840
RSA-3072,keygen,220,1494.135733
RSA-3072,keygen,221,578.743089
RSA-3072,keygen,222,1180.122588
RSA-3072,keygen,223,822.539031
RSA-3072,keygen,224,1259.124230
RSA-3072,keygen,225,2372.495296
RSA-3072,keygen,226,412.179030
RSA-3072,keygen,227,615.231444
RSA-3072,keygen,228,1155.797267
RSA-3072,keygen,229,1934.873844
RSA-3072,keygen,230,1436.579772
RSA-3072,keygen,231,367.282656
RSA-3072,keygen,232,1222.598354
RSA-3072,keygen,233,457.876024
RSA-3072,keygen,234,1488.675102
RSA-3072,keygen,235,475.311795
RSA-3072,keygen,236,1178.013236
RSA-3072,keygen,237,2255.963395
RSA-3072,keygen,238,1135.067199
RSA-3072,keygen,239,943.153327
RSA-3072,keygen,240,151.356717
RSA-3072,keygen,241,3178.643767
RSA-3072,keygen,242,2580.403059
RSA-3072,keygen,243,1137.660537
RSA-3072,keygen,244,1088.828522
RSA-3072,keygen,245,348.487054
RSA-3072,keygen,246,706.664408
RSA-3072,keygen,247,776.882915
RSA-3072,keygen,248,810.338969
RSA-3072,keygen,249,2471.274933
RSA-3072,keygen,250,2004.066926
RSA-3072,keygen,251,528.953214
RSA-3072,keygen,252,941.331674
RSA-3072,keygen,253,146.902334
RSA-3072,keygen,254,2075.035676
RSA-3072,keygen,255,1706.247582
RSA-3072,keygen,256,630.625274
RSA-3072,keygen,257,366.120421
RSA-3072,keygen,258,168.295838
RSA-3072,keygen,259,2022.082137
RSA-3072,keygen,260,2371.393950
RSA-3072,keygen,261,451.039804
RSA-3072,keygen,262,2320.067810
RSA-3072,keygen,263,1214.383646
RSA-3072,keygen,264,1936.146994
RSA-3072,keygen,265,1743.165222
RSA-3072,keygen,266,2069.909376
RSA-3072,keygen,267,2161.337465
RSA-3072,keygen,268,1530.837987
RSA-3072,keygen,269,195.542252
RSA-3072,keygen,270,715.821691
RSA-3072,keygen,271,1564.344742
RSA-3072,keygen,272,772.563659
RSA-3072,keygen,273,1367.888744
RSA-3072,keygen,274,1938.921285
RSA-3072,keygen,275,1155.607920
RSA-3072,keygen,276,1849.053340
RSA-3072,keygen,277,1082.664438
RSA-3072,keygen,278,2237.823549
RSA-3072,keygen,279,1042.455792
RSA-3072,keygen,280,1911.940926
RSA-3072,keygen,281,2153.882072
RSA-3072,keygen,282,1630.118859
RSA-3072,keygen,283,2189.392299
RSA-3072,keygen,284,607.468006
RSA-3072,keygen,285,1255.306524
RSA-3072,keygen,286,1220.125066
RSA-3072,keygen,287,2716.301784
RSA-3072,keygen,288,559.716534
RSA-3072,keygen,289,1121.455622
RSA-3072,keygen,290,542.789525
RSA-3072,keygen,291,1451.125689
RSA-3072,keygen,292,760.123228
RSA-3072,keygen,293,880.878486
RSA-3072,keygen,294,924.909790
RSA-3072,keygen,295,610.031223
RSA-3072,keygen,296,484.073179
RSA-3072,keygen,297,615.234957
RSA-3072,keygen,298,847.659100
RSA-3072,keygen,299,1320.685411
RSA-3072,keygen,300,769.991502
RSA-3072,keygen,301,553.946390
RSA-3072,keygen,302,219.003645
RSA-3072,keygen,303,2361.578993
RSA-3072,keygen,304,296.681398
RSA-3072,keygen,305,726.666816
RSA-3072,keygen,306,1694.593877
RSA-3072,keygen,307,2018.679354
RSA-3072,keygen,308,990.332607
RSA-3072,keygen,309,764.156636
RSA-3072,keygen,310,1408.975235
RSA-3072,keygen,311,2462.010110
RSA-3072,keygen,312,3145.871110
RSA-3072,keygen,313,1780.505824
RSA-3072,keygen,314,1024.376000
RSA-3072,keygen,315,566.981909
RSA-3072,keygen,316,1703.162560
RSA-3072,keygen,317,412.076439
RSA-3072,keygen,318,1525.261609
RSA-3072,keygen,319,1484.979099
RSA-3072,keygen,320,627.934231
RSA-3072,keygen,321,1112.898157
RSA-3072,keygen,322,2686.373653
RSA-3072,keygen,323,200.718091
RSA-3072,keygen,324,1794.477227
RSA-3072,keygen,325,1452.746199
RSA-3072,keygen,326,839.005554
RSA-3072,keygen,327,823.081468
RSA-3072,keygen,328,1066.192313
RSA-3072,keygen,329,1650.498453
RSA-3072,keygen,330,859.695769
RSA-3072,keygen,331,1282.347185
RSA-3072,keygen,332,1063.759545
RSA-3072,keygen,333,948.018383
RSA-3072,keygen,334,596.131698
RSA-3072,keygen,335,1486.171761
RSA-3072,keygen,336,1923.310901
RSA-3072,keygen,337,850.010384
RSA-3072,keygen,338,2660.061791
RSA-3072,keygen,339,1510.544885
RSA-3072,keygen,340,1587.003923
RSA-3072,keygen,341,239.877761
RSA-3072,keygen,342,539.333584
RSA-3072,keygen,343,2144.002430
RSA-3072,keygen,344,1755.950962
RSA-3072,keygen,345,1505.640014
RSA-3072,keygen,346,1330.142568
RSA-3072,keygen,347,1385.393951
RSA-3072,keygen,348,2047.987826
RSA-3072,keygen,349,1134.395522
RSA-3072,keygen,350,472.991352
RSA-3072,keygen,351,1214.333686
RSA-3072,keygen,352,2746.286417
RSA-3072,keygen,353,582.717120
RSA-3072,keygen,354,458.856004
RSA-3072,keygen,355,2356.476597
RSA-3072,keygen,356,639.921484
RSA-3072,keygen,357,3457.125220
RSA-3072,keygen,358,924.995501
RSA-3072,keygen,359,1222.059908
RSA-3072,keygen,360,1715.638699
RSA-3072,keygen,361,2061.019538
RSA-3072,keygen,362,1385.533899
RSA-3072,keygen,363,668.192726
RSA-3072,keygen,364,705.769783
RSA-3072,keygen,365,764.672051
RSA-3072,keygen,366,1239.650722
RSA-3072,keygen,367,1571.207285
RSA-3072,keygen,368,750.705369
RSA-3072,keygen,369,310.133186
RSA-3072,keygen,370,1212.810485
RSA-3072,keygen,371,1063.875611
RSA-3072,keygen,372,1105.473851
RSA-3072,keygen,373,1136.585145
RSA-3072,keygen,374,955.646818
RSA-3072,keygen,375,1749.050980
RSA-3072,keygen,376,303.997222
RSA-3072,keygen,377,963.842335
RSA-3072,keygen,378,1882.639356
RSA-3072,keygen,379,2441.737951
RSA-3072,keygen,380,2139.480392
RSA-3072,keygen,381,683.549733
RSA-3072,keygen,382,1603.916447
RSA-3072,keygen,383,3726.588146
RSA-3072,keygen,384,876.795576
RSA-3072,keygen,385,745.222918
RSA-3072,keygen,386,2382.901485
RSA-3072,keygen,387,1879.188652
RSA-3072,keygen,388,948.906721
RSA-3072,keygen,389,2986.462683
RSA-3072,keygen,390,481.700818
RSA-3072,keygen,391,3279.571187
RSA-3072,keygen,392,372.005372
RSA-3072,keygen,393,2889.477460
RSA-3072,keygen,394,2577.346671
RSA-3072,keygen,395,686.604241
RSA-3072,keygen,396,2071.258581
RSA-3072,keygen,397,1594.533172
RSA-3072,keygen,398,761.681705
RSA-3072,keygen,399,871.011385
RSA-3072,keygen,400,497.635616
RSA-3072,keygen,401,4490.206886
RSA-3072,keygen,402,1234.293632
RSA-3072,keygen,403,1037.310947
RSA-3072,keygen,404,1487.181870
RSA-3072,keygen,405,678.668639
RSA-3072,keygen,406,1852.234925
RSA-3072,keygen,407,1326.343179
RSA-3072,keygen,408,1487.582272
RSA-3072,keygen,409,714.430552
RSA-3072,keygen,410,326.716868
RSA-3072,keygen,411,2152.806485
RSA-3072,keygen,412,2322.528418
RSA-3072,keygen,413,933.002542
RSA-3072,keygen,414,1254.279433
RSA-3072,keygen,415,1519.183088
RSA-3072,keygen,416,1670.473181
RSA-3072,keygen,417,2541.816058
RSA-3072,keygen,418,2622.932243
RSA-3072,keygen,419,197.407160
RSA-3072,keygen,420,1909.787704
RSA-3072,keygen,421,1584.612546
RSA-3072,keygen,422,538.983047
RSA-3072,keygen,423,986.287791
RSA-3072,keygen,424,1411.185728
RSA-3072,keygen,425,3167.076309
RSA-3072,keygen,426,1446.320927
RSA-3072,keygen,427,683.956333
RSA-3072,keygen,428,2334.404727
RSA-3072,keygen,429,1818.679382
RSA-3072,keygen,430,804.882211
RSA-3072,keygen,431,1433.199332
RSA-3072,keygen,432,1166.798711
RSA-3072,keygen,433,1243.842863
RSA-3072,keygen,434,1818.228724
RSA-3072,keygen,435,295.663990
RSA-3072,keygen,436,1276.426970
RSA-3072,keygen,437,1685.311403
RSA-3072,keygen,438,1280.309049
RSA-3072,keygen,439,591.483293
RSA-3072,keygen,440,380.339507
RSA-3072,keygen,441,925.835709
RSA-3072,keygen,442,1291.085894
RSA-3072,keygen,443,1252.827663
RSA-3072,keygen,444,141.112911
RSA-3072,keygen,445,1967.079289
RSA-3072,keygen,446,434.729038
RSA-3072,keygen,447,1892.641318
RSA-3072,keygen,448,1258.069986
RSA-3072,keygen,449,576.184402
RSA-3072,keygen,450,767.461280
RSA-3072,keygen,451,2093.320773
RSA-3072,keygen,452,995.784291
RSA-3072,keygen,453,833.277128
RSA-3072,keygen,454,776.942781
RSA-3072,keygen,455,2340.019542
RSA-3072,keygen,456,1291.073771
RSA-3072,keygen,457,1345.334174
RSA-3072,keygen,458,1438.276133
RSA-3072,keygen,459,3210.450030
RSA-3072,keygen,460,1462.964853
RSA-3072,keygen,461,1298.757724
RSA-3072,keygen,462,754.374767
RSA-3072,keygen,463,2471.210672
RSA-3072,keygen,464,1469.792165
RSA-3072,keygen,465,789.676711
RSA-3072,keygen,466,970.787623
RSA-3072,keygen,467,608.704241
RSA-3072,keygen,468,1601.845389
RSA-3072,keygen,469,2664.520630
RSA-3072,keygen,470,1044.985877
RSA-3072,keygen,471,1868.135576
RSA-3072,keygen,472,689.262620
RSA-3072,keygen,473,348.127180
RSA-3072,keygen,474,1505.925205
RSA-3072,keygen,475,403.375303
RSA-3072,keygen,476,1051.937167
RSA-3072,keygen,477,1245.692774
RSA-3072,keygen,478,606.137117
RSA-3072,keygen,479,1378.651245
RSA-3072,keygen,480,1687.147633
RSA-3072,keygen,481,1157.847741
RSA-3072,keygen,482,1282.075629
RSA-3072,keygen,483,527.293413
RSA-3072,keygen,484,1656.857538
RSA-3072,keygen,485,2793.584610
RSA-3072,keygen,486,823.375613
RSA-3072,keygen,487,575.171644
RSA-3072,keygen,488,339.984925
RSA-3072,keygen,489,5431.443274
RSA-3072,keygen,490,2147.153475
RSA-3072,keygen,491,747.168132
RSA-3072,keygen,492,769.097148
RSA-3072,keygen,493,1987.333482
RSA-3072,keygen,494,1151.132537
RSA-3072,keygen,495,506.813735
RSA-3072,keygen,496,792.945938
RSA-3072,keygen,497,1335.199017
RSA-3072,keygen,498,664.541848
RSA-3072,keygen,499,659.303689
RSA-3072,keygen,500,1663.056123
RSA-3072,keygen,501,963.348101
RSA-3072,keygen,502,204.293358
RSA-3072,keygen,503,1429.288117
RSA-3072,keygen,504,2487.816104
RSA-3072,keygen,505,987.423685
RSA-3072,keygen,506,1431.319363
RSA-3072,keygen,507,2108.750349
RSA-3072,keygen,508,2625.791257
RSA-3072,keygen,509,3952.397057
RSA-3072,keygen,510,824.934660
RSA-3072,keygen,511,3669.669491
RSA-3072,keygen,512,1387.079389
RSA-3072,keygen,513,693.783489
RSA-3072,keygen,514,1882.916779
RSA-3072,keygen,515,707.327357
RSA-3072,keygen,516,531.382861
RSA-3072,keygen,517,981.330751
RSA-3072,keygen,518,972.741522
RSA-3072,keygen,519,1930.715921
RSA-3072,keygen,520,2438.152157
RSA-3072,keygen,521,1857.715584
RSA-3072,keygen,522,1595.549137
RSA-3072,keygen,523,1595.414641
RSA-3072,keygen,524,1217.450995
RSA-3072,keygen,525,1494.593578
RSA-3072,keygen,526,2693.296253
RSA-3072,keygen,527,2748.927850
RSA-3072,keygen,528,885.601291
RSA-3072,keygen,529,655.026087
RSA-3072,keygen,530,272.647378
RSA-3072,keygen,531,1026.002650
RSA-3072,keygen,532,489.525451
RSA-3072,keygen,533,235.789815
RSA-3072,keygen,534,995.801526
RSA-3072,keygen,535,3273.260588
RSA-3072,keygen,536,888.063170
RSA-3072,keygen,537,856.906587
RSA-3072,keygen,538,1380.799713
RSA-3072,keygen,539,1189.514191
RSA-3072,keygen,540,460.150610
RSA-3072,keygen,541,991.810904
RSA-3072,keygen,542,755.293305
RSA-3072,keygen,543,2687.889128
RSA-3072,keygen,544,738.748079
RSA-3072,keygen,545,1352.930585
RSA-3072,keygen,546,589.971951
RSA-3072,keygen,547,387.727934
RSA-3072,keygen,548,545.460047
RSA-3072,keygen,549,1206.199969
RSA-3072,keygen,550,625.192245
RSA-3072,keygen,551,895.792426
RSA-3072,keygen,552,667.484831
RSA-3072,keygen,553,531.830109
RSA-3072,keygen,554,343.677757
RSA-3072,keygen,555,1818.842638
RSA-3072,keygen,556,1489.001586
RSA-3072,keygen,557,4845.444179
RSA-3072,keygen,558,1155.564382
RSA-3072,keygen,559,1081.327939
RSA-3072,keygen,560,1516.313614
RSA-3072,keygen,561,755.490716
RSA-3072,keygen,562,833.202023
RSA-3072,keygen,563,1122.000155
RSA-3072,keygen,564,201.248233
RSA-3072,keygen,565,2083.157375
RSA-3072,keygen,566,1312.618753
RSA-3072,keygen,567,848.280646
RSA-3072,keygen,568,225.715999
RSA-3072,keygen,569,1292.680784
RSA-3072,keygen,570,859.490559
RSA-3072,keygen,571,356.797539
RSA-3072,keygen,572,1464.871702
RSA-3072,keygen,573,1617.395899
RSA-3072,keygen,574,209.617206
RSA-3072,keygen,575,844.821513
RSA-3072,keygen,576,295.487054
RSA-3072,keygen,577,2630.691779
RSA-3072,keygen,578,497.648804
RSA-3072,keygen,579,3260.794257
RSA-3072,keygen,580,1993.401185
RSA-3072,keygen,581,644.588706
RSA-3072,keygen,582,452.824928
RSA-3072,keygen,583,1293.134782
RSA-3072,keygen,584,2059.558957
RSA-3072,keygen,585,1764.140130
RSA-3072,keygen,586,1589.148184
RSA-3072,keygen,587,3748.455914
RSA-3072,keygen,588,1569.426961
RSA-3072,keygen,589,830.801915
RSA-3072,keygen,590,1644.638765
RSA-3072,keygen,591,561.000997
RSA-3072,keygen,592,596.685031
RSA-3072,keygen,593,592.773671
RSA-3072,keygen,594,1132.315941
RSA-3072,keygen,595,1048.639626
RSA-3072,keygen,596,1389.841985
RSA-3072,keygen,597,733.805902
RSA-3072,keygen,598,2154.709621
RSA-3072,keygen,599,398.379634
RSA-3072,keygen,600,551.446087
RSA-3072,keygen,601,531.297397
RSA-3072,keygen,602,1142.392353
RSA-3072,keygen,603,1266.145639
RSA-3072,keygen,604,398.604586
RSA-3072,keygen,605,777.503029
RSA-3072,keygen,606,2510.454730
RSA-3072,keygen,607,466.236944
RSA-3072,keygen,608,808.663749
RSA-3072,keygen,609,1873.560210
RSA-3072,keygen,610,1873.142757
RSA-3072,keygen,611,761.694335
RSA-3072,keygen,612,1025.982747
RSA-3072,keygen,613,1875.228609
RSA-3072,keygen,614,3227.190923
RSA-3072,keygen,615,1073.148439
RSA-3072,keygen,616,1664.764734
RSA-3072,keygen,617,592.125955
RSA-3072,keygen,618,446.237240
RSA-3072,keygen,619,1672.718769
RSA-3072,keygen,620,1265.653408
RSA-3072,keygen,621,1727.182146
RSA-3072,keygen,622,430.335972
RSA-3072,keygen,623,1594.114422
RSA-3072,keygen,624,286.382340
RSA-3072,keygen,625,1894.978926
RSA-3072,keygen,626,1299.064133
RSA-3072,keygen,627,638.097650
RSA-3072,keygen,628,1813.019708
RSA-3072,keygen,629,1228.339304
RSA-3072,keygen,630,1354.234026
RSA-3072,keygen,631,1175.693645
RSA-3072,keygen,632,1748.614942
RSA-3072,keygen,633,542.557274
RSA-3072,keygen,634,407.014743
RSA-3072,keygen,635,194.917631
RSA-3072,keygen,636,1039.518347
RSA-3072,keygen,637,1524.545209
RSA-3072,keygen,638,599.565865
RSA-3072,keygen,639,1337.985418
RSA-3072,keygen,640,1013.442859
RSA-3072,keygen,641,481.867143
RSA-3072,keygen,642,1505.323828
RSA-3072,keygen,643,3577.555707
RSA-3072,keygen,644,722.017381
RSA-3072,keygen,645,1073.034694
RSA-3072,keygen,646,1040.226004
RSA-3072,keygen,647,1221.751751
RSA-3072,keygen,648,1362.925139
RSA-3072,keygen,649,1140.509466
RSA-3072,keygen,650,198.996589
RSA-3072,keygen,651,722.999043
RSA-3072,keygen,652,1260.243502
RSA-3072,keygen,653,1813.227841
RSA-3072,keygen,654,755.214521
RSA-3072,keygen,655,2243.442139
RSA-3072,keygen,656,1872.810625
RSA-3072,keygen,657,662.055151
RSA-3072,keygen,658,1002.846283
RSA-3072,keygen,659,796.822362
RSA-3072,keygen,660,483.057498
RSA-3072,keygen,661,2594.842339
RSA-3072,keygen,662,1119.410898
RSA-3072,keygen,663,426.892848
RSA-3072,keygen,664,1572.350535
RSA-3072,keygen,665,2541.700855
RSA-3072,keygen,666,334.241220
RSA-3072,keygen,667,2650.772937
RSA-3072,keygen,668,1388.057467
RSA-3072,keygen,669,1276.392831
RSA-3072,keygen,670,1350.826276
RSA-3072,keygen,671,986.809562
RSA-3072,keygen,672,474.711201
RSA-3072,keygen,673,954.139980
RSA-3072,keygen,674,730.783699
RSA-3072,keygen,675,960.810355
RSA-3072,keygen,676,895.126976
RSA-3072,keygen,677,1115.804962
RSA-3072,keygen,678,865.428056
RSA-3072,keygen,679,1144.366672
RSA-3072,keygen,680,324.831898
RSA-3072,keygen,681,521.438830
RSA-3072,keygen,682,1332.427659
RSA-3072,keygen,683,663.794249
RSA-3072,keygen,684,1072.433725
RSA-3072,keygen,685,3223.157817
RSA-3072,keygen,686,574.342337
RSA-3072,keygen,687,583.217024
RSA-3072,keygen,688,1446.302550
RSA-3072,keygen,689,225.192028
RSA-3072,keygen,690,1584.860963
RSA-3072,keygen,691,1779.318589
RSA-3072,keygen,692,1658.226615
RSA-3072,keygen,693,660.696705
RSA-3072,keygen,694,490.149590
RSA-3072,keygen,695,1523.776547
RSA-3072,keygen,696,2910.739379
RSA-3072,keygen,697,1299.775278
RSA-3072,keygen,698,3212.982346
RSA-3072,keygen,699,1435.326984
RSA-3072,keygen,700,549.739734
RSA-3072,keygen,701,1444.524663
RSA-3072,keygen,702,1052.210890
RSA-3072,keygen,703,387.941109
RSA-3072,keygen,704,1235.372471
RSA-3072,keygen,705,1410.014366
RSA-3072,keygen,706,1698.963995
RSA-3072,keygen,707,832.978773
RSA-3072,keygen,708,1730.105084
RSA-3072,keygen,709,987.403313
RSA-3072,keygen,710,659.962849
RSA-3072,keygen,711,365.786439
RSA-3072,keygen,712,908.971900
RSA-3072,keygen,713,956.884666
RSA-3072,keygen,714,608.329085
RSA-3072,keygen,715,1494.465203
RSA-3072,keygen,716,254.839949
RSA-3072,keygen,717,1503.524843
RSA-3072,keygen,718,1827.395949
RSA-3072,keygen,719,1097.468374
RSA-3072,keygen,720,326.301125
RSA-3072,keygen,721,523.352963
RSA-3072,keygen,722,713.317582
RSA-3072,keygen,723,838.044973
RSA-3072,keygen,724,2570.855002
RSA-3072,keygen,725,1150.474402
RSA-3072,keygen,726,654.113314
RSA-3072,keygen,727,4110.433048
RSA-3072,keygen,728,864.703629
RSA-3072,keygen,729,662.110730
RSA-3072,keygen,730,1323.722845
RSA-3072,keygen,731,1658.163653
RSA-3072,keygen,732,1561.613664
RSA-3072,keygen,733,1284.204099
RSA-3072,keygen,734,1569.273511
RSA-3072,keygen,735,581.770798
RSA-3072,keygen,736,1552.980058
RSA-3072,keygen,737,824.237567
RSA-3072,keygen,738,1177.724869
RSA-3072,keygen,739,1377.074409
RSA-3072,keygen,740,589.974131
RSA-3072,keygen,741,722.738204
RSA-3072,keygen,742,1720.806953
RSA-3072,keygen,743,1205.830979
RSA-3072,keygen,744,1196.500898
RSA-3072,keygen,745,836.762787
RSA-3072,keygen,746,3702.954346
RSA-3072,keygen,747,700.818390
RSA-3072,keygen,748,2233.535825
RSA-3072,keygen,749,900.961616
RSA-3072,keygen,750,1071.069287
RSA-3072,keygen,751,1743.104660
RSA-3072,keygen,752,769.523023
RSA-3072,keygen,753,2106.297191
RSA-3072,keygen,754,1296.475856
RSA-3072,keygen,755,1478.499284
RSA-3072,keygen,756,600.761480
RSA-3072,keygen,757,2396.922303
RSA-3072,keygen,758,1306.242629
RSA-3072,keygen,759,662.705540
RSA-3072,keygen,760,541.088290
RSA-3072,keygen,761,2115.116086
RSA-3072,keygen,762,3010.843424
RSA-3072,keygen,763,1215.207772
RSA-3072,keygen,764,1933.855260
RSA-3072,keygen,765,295.074459
RSA-3072,keygen,766,1517.523545
RSA-3072,keygen,767,3898.438781
RSA-3072,keygen,768,2075.465172
RSA-3072,keygen,769,911.829454
RSA-3072,keygen,770,562.638491
RSA-3072,keygen,771,1478.324155
RSA-3072,keygen,772,4671.500497
RSA-3072,keygen,773,749.462436
RSA-3072,keygen,774,1680.073157
RSA-3072,keygen,775,637.797589
RSA-3072,keygen,776,801.543083
RSA-3072,keygen,777,724.896105
RSA-3072,keygen,778,903.352939
RSA-3072,keygen,779,831.446370
RSA-3072,keygen,780,349.235299
RSA-3072,keygen,781,1557.658424
RSA-3072,keygen,782,971.890891
RSA-3072,keygen,783,1105.744700
RSA-3072,keygen,784,1323.927310
RSA-3072,keygen,785,2581.579831
RSA-3072,keygen,786,617.609827
RSA-3072,keygen,787,916.797394
RSA-3072,keygen,788,653.383152
RSA-3072,keygen,789,1911.866636
RSA-3072,keygen,790,711.006616
RSA-3072,keygen,791,247.245241
RSA-3072,keygen,792,2082.420695
RSA-3072,keygen,793,434.340664
RSA-3072,keygen,794,1674.050410
RSA-3072,keygen,795,551.022109
RSA-3072,keygen,796,685.971567
RSA-3072,keygen,797,529.748092
RSA-3072,keygen,798,2435.822291
RSA-3072,keygen,799,1583.343150
RSA-3072,keygen,800,900.478791
RSA-3072,keygen,801,1211.636432
RSA-3072,keygen,802,269.926814
RSA-3072,keygen,803,456.117748
RSA-3072,keygen,804,988.378735
RSA-3072,keygen,805,1446.223729
RSA-3072,keygen,806,1518.078928
RSA-3072,keygen,807,2078.837236
RSA-3072,keygen,808,980.285879
RSA-3072,keygen,809,606.427592
RSA-3072,keygen,810,1224.815445
RSA-3072,keygen,811,141.470069
RSA-3072,keygen,812,1564.152351
RSA-3072,keygen,813,1559.796657
RSA-3072,keygen,814,1383.783675
RSA-3072,keygen,815,1064.500101
RSA-3072,keygen,816,1865.434138
RSA-3072,keygen,817,2584.669508
RSA-3072,keygen,818,844.151948
RSA-3072,keygen,819,433.653920
RSA-3072,keygen,820,853.659009
RSA-3072,keygen,821,925.472643
RSA-3072,keygen,822,1113.741044
RSA-3072,keygen,823,815.528241
RSA-3072,keygen,824,1477.777540
RSA-3072,keygen,825,545.611633
RSA-3072,keygen,826,1295.953295
RSA-3072,keygen,827,534.180978
RSA-3072,keygen,828,1051.651014
RSA-3072,keygen,829,1312.136863
RSA-3072,keygen,830,1773.671860
RSA-3072,keygen,831,507.017883
RSA-3072,keygen,832,356.491114
RSA-3072,keygen,833,903.287170
RSA-3072,keygen,834,279.870406
RSA-3072,keygen,835,1762.594332
RSA-3072,keygen,836,606.544739
RSA-3072,keygen,837,2396.425314
RSA-3072,keygen,838,3867.769747
RSA-3072,keygen,839,1119.147824
RSA-3072,keygen,840,2028.650183
RSA-3072,keygen,841,654.589773
RSA-3072,keygen,842,824.773844
RSA-3072,keygen,843,599.716214
RSA-3072,keygen,844,2181.311116
RSA-3072,keygen,845,125.331797
RSA-3072,keygen,846,1734.331260
RSA-3072,keygen,847,893.398891
RSA-3072,keygen,848,279.047198
RSA-3072,keygen,849,677.772229
RSA-3072,keygen,850,636.761378
RSA-3072,keygen,851,1749.385809
RSA-3072,keygen,852,2040.198627
RSA-3072,keygen,853,1153.159758
RSA-3072,keygen,854,1134.846429
RSA-3072,keygen,855,986.134210
RSA-3072,keygen,856,2502.550639
RSA-3072,keygen,857,434.113061
RSA-3072,keygen,858,871.095315
RSA-3072,keygen,859,359.640527
RSA-3072,keygen,860,589.949852
RSA-3072,keygen,861,2275.851486
RSA-3072,keygen,862,993.400304
RSA-3072,keygen,863,977.061936
RSA-3072,keygen,864,1765.667742
RSA-3072,keygen,865,1313.281763
RSA-3072,keygen,866,512.344266
RSA-3072,keygen,867,994.611284
RSA-3072,keygen,868,2006.955061
RSA-3072,keygen,869,1268.019681
RSA-3072,keygen,870,2066.459253
RSA-3072,keygen,871,529.002427
RSA-3072,keygen,872,855.006818
RSA-3072,keygen,873,1874.015021
RSA-3072,keygen,874,1378.107070
RSA-3072,keygen,875,2885.626273
RSA-3072,keygen,876,2282.321166
RSA-3072,keygen,877,1246.367150
RSA-3072,keygen,878,1004.483856
RSA-3072,keygen,879,674.476297
RSA-3072,keygen,880,1119.236452
RSA-3072,keygen,881,953.170992
RSA-3072,keygen,882,634.809694
RSA-3072,keygen,883,600.347344
RSA-3072,keygen,884,1259.682203
RSA-3072,keygen,885,2146.656098
RSA-3072,keygen,886,505.920939
RSA-3072,keygen,887,1448.713716
RSA-3072,keygen,888,1570.097081
RSA-3072,keygen,889,846.331571
RSA-3072,keygen,890,1477.330115
RSA-3072,keygen,891,3349.741004
RSA-3072,keygen,892,725.275862
RSA-3072,keygen,893,3374.978666
RSA-3072,keygen,894,1966.781997
RSA-3072,keygen,895,5119.393276
RSA-3072,keygen,896,695.973085
RSA-3072,keygen,897,3148.233400
RSA-3072,keygen,898,1831.936870
RSA-3072,keygen,899,1080.406393
RSA-3072,keygen,900,1087.319389
RSA-3072,keygen,901,350.755864
RSA-3072,keygen,902,1237.107512
RSA-3072,keygen,903,1304.508449
RSA-3072,keygen,904,1819.819794
RSA-3072,keygen,905,1562.604176
RSA-3072,keygen,906,362.181077
RSA-3072,keygen,907,737.377091
RSA-3072,keygen,908,3288.971276
RSA-3072,keygen,909,729.949683
RSA-3072,keygen,910,830.892123
RSA-3072,keygen,911,1639.990390
RSA-3072,keygen,912,1214.826075
RSA-3072,keygen,913,958.453443
RSA-3072,keygen,914,1189.946431
RSA-3072,keygen,915,2318.786479
RSA-3072,keygen,916,1652.400367
RSA-3072,keygen,917,2092.848868
RSA-3072,keygen,918,549.810667
RSA-3072,keygen,919,1689.499828
RSA-3072,keygen,920,879.311343
RSA-3072,keygen,921,705.481124
RSA-3072,keygen,922,769.843431
RSA-3072,keygen,923,900.060888
RSA-3072,keygen,924,2142.443419
RSA-3072,keygen,925,1711.866804
RSA-3072,keygen,926,420.825516
RSA-3072,keygen,927,801.222144
RSA-3072,keygen,928,1687.909155
RSA-3072,keygen,929,926.566387
RSA-3072,keygen,930,384.337690
RSA-3072,keygen,931,810.468228
RSA-3072,keygen,932,933.902029
RSA-3072,keygen,933,1034.514056
RSA-3072,keygen,934,1101.127534
RSA-3072,keygen,935,761.793160
RSA-3072,keygen,936,529.561832
RSA-3072,keygen,937,1145.605870
RSA-3072,keygen,938,334.032828
RSA-3072,keygen,939,1773.903869
RSA-3072,keygen,940,1407.610627
RSA-3072,keygen,941,1748.196172
RSA-3072,keygen,942,903.257335
RSA-3072,keygen,943,851.212616
RSA-3072,keygen,944,553.785636
RSA-3072,keygen,945,1352.623751
RSA-3072,keygen,946,320.506438
RSA-3072,keygen,947,1610.264545
RSA-3072,keygen,948,2700.878988
RSA-3072,keygen,949,763.246512
RSA-3072,keygen,950,1251.605814
RSA-3072,keygen,951,1197.688830
RSA-3072,keygen,952,2744.072752
RSA-3072,keygen,953,954.335895
RSA-3072,keygen,954,740.294604
RSA-3072,keygen,955,877.353688
RSA-3072,keygen,956,3112.893541
RSA-3072,keygen,957,195.477341
RSA-3072,keygen,958,3133.749772
RSA-3072,keygen,959,987.411058
RSA-3072,keygen,960,1319.545570
RSA-3072,keygen,961,2630.790352
RSA-3072,keygen,962,1427.577971
RSA-3072,keygen,963,1483.050237
RSA-3072,keygen,964,1114.290735
RSA-3072,keygen,965,1382.703495
RSA-3072,keygen,966,1269.442107
RSA-3072,keygen,967,1267.480631
RSA-3072,keygen,968,456.182922
RSA-3072,keygen,969,956.167863
RSA-3072,keygen,970,248.443372
RSA-3072,keygen,971,1431.726596
RSA-3072,keygen,972,708.957607
RSA-3072,keygen,973,630.677462
RSA-3072,keygen,974,682.281075
RSA-3072,keygen,975,1054.742739
RSA-3072,keygen,976,2229.668289
RSA-3072,keygen,977,2014.330454
RSA-3072,keygen,978,487.086957
RSA-3072,keygen,979,1063.649389
RSA-3072,keygen,980,457.446278
RSA-3072,keygen,981,1887.910690
RSA-3072,keygen,982,2794.579084
RSA-3072,keygen,983,410.494326
RSA-3072,keygen,984,1191.099550
RSA-3072,keygen,985,1456.076447
RSA-3072,keygen,986,838.264685
RSA-3072,keygen,987,3569.303297
RSA-3072,keygen,988,568.922291
RSA-3072,keygen,989,1812.424992
RSA-3072,keygen,990,582.821761
RSA-3072,keygen,991,716.574056
RSA-3072,keygen,992,2675.913420
RSA-3072,keygen,993,1340.868706
RSA-3072,keygen,994,400.269954
RSA-3072,keygen,995,1089.339830
RSA-3072,keygen,996,494.410491
RSA-3072,keygen,997,592.239916
RSA-3072,keygen,998,1040.121759
RSA-3072,keygen,999,191.414738
RSA-3072,sign,0,15.227407
RSA-3072,sign,1,15.244796
RSA-3072,sign,2,15.221296
RSA-3072,sign,3,15.217018
RSA-3072,sign,4,15.235981
RSA-3072,sign,5,15.235444
RSA-3072,sign,6,15.226537
RSA-3072,sign,7,15.224555
RSA-3072,sign,8,15.221963
RSA-3072,sign,9,15.220648
RSA-3072,sign,10,15.220685
RSA-3072,sign,11,15.218944
RSA-3072,sign,12,18.225126
RSA-3072,sign,13,15.217371
RSA-3072,sign,14,15.235907
RSA-3072,sign,15,15.237111
RSA-3072,sign,16,15.218278
RSA-3072,sign,17,15.220741
RSA-3072,sign,18,15.214537
RSA-3072,sign,19,15.218148
RSA-3072,sign,20,15.228036
RSA-3072,sign,21,15.260277
RSA-3072,sign,22,15.225352
RSA-3072,sign,23,15.215019
RSA-3072,sign,24,15.225055
RSA-3072,sign,25,15.219759
RSA-3072,sign,26,15.218130
RSA-3072,sign,27,15.218204
RSA-3072,sign,28,15.216259
RSA-3072,sign,29,15.217870
RSA-3072,sign,30,15.221352
RSA-3072,sign,31,15.219000
RSA-3072,sign,32,15.218259
RSA-3072,sign,33,15.225296
RSA-3072,sign,34,15.222611
RSA-3072,sign,35,15.220277
RSA-3072,sign,36,15.229241
RSA-3072,sign,37,15.221408
RSA-3072,sign,38,15.225371
RSA-3072,sign,39,15.213963
RSA-3072,sign,40,15.218018
RSA-3072,sign,41,15.222000
RSA-3072,sign,42,15.240111
RSA-3072,sign,43,15.224203
RSA-3072,sign,44,18.206590
RSA-3072,sign,45,15.220389
RSA-3072,sign,46,15.221352
RSA-3072,sign,47,15.219889
RSA-3072,sign,48,15.216796
RSA-3072,sign,49,15.218056
RSA-3072,sign,50,15.217760
RSA-3072,sign,51,15.252666
RSA-3072,sign,52,15.218481
RSA-3072,sign,53,15.214500
RSA-3072,sign,54,15.222111
RSA-3072,sign,55,15.218870
RSA-3072,sign,56,15.217704
RSA-3072,sign,57,15.224666
RSA-3072,sign,58,15.219481
RSA-3072,sign,59,15.221259
RSA-3072,sign,60,15.224000
RSA-3072,sign,61,15.218722
RSA-3072,sign,62,15.222056
RSA-3072,sign,63,15.214481
RSA-3072,sign,64,15.223333
RSA-3072,sign,65,15.281740
RSA-3072,sign,66,15.225389
RSA-3072,sign,67,15.222926
RSA-3072,sign,68,15.221815
RSA-3072,sign,69,15.214297
RSA-3072,sign,70,15.229148
RSA-3072,sign,71,15.222555
RSA-3072,sign,72,15.218982
RSA-3072,sign,73,15.218555
RSA-3072,sign,74,15.215963
RSA-3072,sign,75,15.218482
RSA-3072,sign,76,18.231331
RSA-3072,sign,77,15.231074
RSA-3072,sign,78,15.217926
RSA-3072,sign,79,15.227574
RSA-3072,sign,80,15.219038
RSA-3072,sign,81,15.218167
RSA-3072,sign,82,15.219056
RSA-3072,sign,83,15.214500
RSA-3072,sign,84,15.217555
RSA-3072,sign,85,15.222408
RSA-3072,sign,86,15.223500
RSA-3072,sign,87,15.223703
RSA-3072,sign,88,15.225389
RSA-3072,sign,89,15.219853
RSA-3072,sign,90,15.227630
RSA-3072,sign,91,15.219075
RSA-3072,sign,92,15.218686
RSA-3072,sign,93,15.214241
RSA-3072,sign,94,15.219408
RSA-3072,sign,95,15.239019
RSA-3072,sign,96,15.219482
RSA-3072,sign,97,15.229371
RSA-3072,sign,98,15.221907
RSA-3072,sign,99,15.214723
RSA-3072,sign,100,15.219926
RSA-3072,sign,101,15.218241
RSA-3072,sign,102,15.218722
RSA-3072,sign,103,15.222796
RSA-3072,sign,104,15.214630
RSA-3072,sign,105,15.219444
RSA-3072,sign,106,15.220852
RSA-3072,sign,107,15.248148
RSA-3072,sign,108,18.171516
RSA-3072,sign,109,15.240111
RSA-3072,sign,110,15.220167
RSA-3072,sign,111,15.222611
RSA-3072,sign,112,15.222427
RSA-3072,sign,113,15.217963
RSA-3072,sign,114,15.218778
RSA-3072,sign,115,15.218241
RSA-3072,sign,116,15.218852
RSA-3072,sign,117,15.260093
RSA-3072,sign,118,15.218481
RSA-3072,sign,119,15.229204
RSA-3072,sign,120,15.226537
RSA-3072,sign,121,15.223092
RSA-3072,sign,122,15.217334
RSA-3072,sign,123,15.213834
RSA-3072,sign,124,15.225760
RSA-3072,sign,125,15.218889
RSA-3072,sign,126,15.222075
RSA-3072,sign,127,15.777974
RSA-3072,sign,128,15.261333
RSA-3072,sign,129,15.228889
RSA-3072,sign,130,15.216797
RSA-3072,sign,131,15.219722
RSA-3072,sign,132,15.284092
RSA-3072,sign,133,15.225371
RSA-3072,sign,134,15.219667
RSA-3072,sign,135,15.216482
RSA-3072,sign,136,15.230685
RSA-3072,sign,137,15.238037
RSA-3072,sign,138,15.223759
RSA-3072,sign,139,15.222315
RSA-3072,sign,140,18.237534
RSA-3072,sign,141,15.222427
RSA-3072,sign,142,15.218186
RSA-3072,sign,143,15.240592
RSA-3072,sign,144,15.233834
RSA-3072,sign,145,15.229037
RSA-3072,sign,146,15.225760
RSA-3072,sign,147,15.218222
RSA-3072,sign,148,15.218815
RSA-3072,sign,149,15.214667
RSA-3072,sign,150,15.218889
RSA-3072,sign,151,15.220852
RSA-3072,sign,152,15.222167
RSA-3072,sign,153,15.273722
RSA-3072,sign,154,15.218463
RSA-3072,sign,155,15.221538
RSA-3072,sign,156,15.227074
RSA-3072,sign,157,15.235001
RSA-3072,sign,158,15.221945
RSA-3072,sign,159,15.250204
RSA-3072,sign,160,15.215408
RSA-3072,sign,161,15.218445
RSA-3072,sign,162,15.218001
RSA-3072,sign,163,15.219186
RSA-3072,sign,164,15.229482
RSA-3072,sign,165,15.233537
RSA-3072,sign,166,15.233741
RSA-3072,sign,167,15.221334
RSA-3072,sign,168,15.232704
RSA-3072,sign,169,15.220649
RSA-3072,sign,170,15.215297
RSA-3072,sign,171,15.218575
RSA-3072,sign,172,18.233201
RSA-3072,sign,173,15.240852
RSA-3072,sign,174,15.231964
RSA-3072,sign,175,15.220315
RSA-3072,sign,176,15.245074
RSA-3072,sign,177,15.219871
RSA-3072,sign,178,15.219815
RSA-3072,sign,179,15.226741
RSA-3072,sign,180,15.226945
RSA-3072,sign,181,15.220557
RSA-3072,sign,182,15.223685
RSA-3072,sign,183,15.222463
RSA-3072,sign,184,15.316758
RSA-3072,sign,185,15.232834
RSA-3072,sign,186,15.238667
RSA-3072,sign,187,15.238353
RSA-3072,sign,188,15.235796
RSA-3072,sign,189,15.237315
RSA-3072,sign,190,15.230556
RSA-3072,sign,191,15.237908
RSA-3072,sign,192,15.226926
RSA-3072,sign,193,15.222907
RSA-3072,sign,194,15.218778
RSA-3072,sign,195,15.217056
RSA-3072,sign,196,15.219630
RSA-3072,sign,197,15.219427
RSA-3072,sign,198,15.219852
RSA-3072,sign,199,15.273222
RSA-3072,sign,200,15.238333
RSA-3072,sign,201,15.235963
RSA-3072,sign,202,15.237185
RSA-3072,sign,203,15.231130
RSA-3072,sign,204,18.203572
RSA-3072,sign,205,15.219167
RSA-3072,sign,206,15.219778
RSA-3072,sign,207,15.218963
RSA-3072,sign,208,15.221815
RSA-3072,sign,209,15.214853
RSA-3072,sign,210,15.219186
RSA-3072,sign,211,15.238389
RSA-3072,sign,212,15.223389
RSA-3072,sign,213,15.228482
RSA-3072,sign,214,15.223982
RSA-3072,sign,215,15.217315
RSA-3072,sign,216,15.224223
RSA-3072,sign,217,15.223630
RSA-3072,sign,218,15.224815
RSA-3072,sign,219,15.220575
RSA-3072,sign,220,15.229037
RSA-3072,sign,221,15.231630
RSA-3072,sign,222,15.236705
RSA-3072,sign,223,15.231797
RSA-3072,sign,224,15.252630
RSA-3072,sign,225,15.224167
RSA-3072,sign,226,15.217908
RSA-3072,sign,227,15.218575
RSA-3072,sign,228,15.218816
RSA-3072,sign,229,15.218038
RSA-3072,sign,230,15.215667
RSA-3072,sign,231,15.220020
RSA-3072,sign,232,15.228353
RSA-3072,sign,233,15.226945
RSA-3072,sign,234,15.230223
RSA-3072,sign,235,15.225945
RSA-3072,sign,236,18.198721
RSA-3072,sign,237,15.251908
RSA-3072,sign,238,15.257334
RSA-3072,sign,239,15.224853
RSA-3072,sign,240,15.221834
RSA-3072,sign,241,15.221334
RSA-3072,sign,242,15.223816
RSA-3072,sign,243,15.243778
RSA-3072,sign,244,15.225464
RSA-3072,sign,245,15.232167
RSA-3072,sign,246,15.228593
RSA-3072,sign,247,15.220556
RSA-3072,sign,248,15.223278
RSA-3072,sign,249,15.217427
RSA-3072,sign,250,15.214427
RSA-3072,sign,251,15.278389
RSA-3072,sign,252,15.221261
RSA-3072,sign,253,15.219686
RSA-3072,sign,254,15.217501
RSA-3072,sign,255,15.217556
RSA-3072,sign,256,15.221464
RSA-3072,sign,257,15.230945
RSA-3072,sign,258,15.285129
RSA-3072,sign,259,15.252093
RSA-3072,sign,260,15.241649
RSA-3072,sign,261,15.238556
RSA-3072,sign,262,15.240852
RSA-3072,sign,263,15.225630
RSA-3072,sign,264,15.219130
RSA-3072,sign,265,15.224371
RSA-3072,sign,266,15.278778
RSA-3072,sign,267,15.228704
RSA-3072,sign,268,18.264108
RSA-3072,sign,269,15.221927
RSA-3072,sign,270,15.214797
RSA-3072,sign,271,15.218112
RSA-3072,sign,272,15.220057
RSA-3072,sign,273,15.222483
RSA-3072,sign,274,15.219797
RSA-3072,sign,275,15.215446
RSA-3072,sign,276,15.220741
RSA-3072,sign,277,15.221446
RSA-3072,sign,278,15.232038
RSA-3072,sign,279,15.239482
RSA-3072,sign,280,15.220260
RSA-3072,sign,281,15.224371
RSA-3072,sign,282,15.219242
RSA-3072,sign,283,15.220890
RSA-3072,sign,284,15.275834
RSA-3072,sign,285,15.222427
RSA-3072,sign,286,15.225501
RSA-3072,sign,287,15.219167
RSA-3072,sign,288,15.218298
RSA-3072,sign,289,15.226853
RSA-3072,sign,290,15.218334
RSA-3072,sign,291,15.250353
RSA-3072,sign,292,15.219779
RSA-3072,sign,293,15.218001
RSA-3072,sign,294,15.218094
RSA-3072,sign,295,15.218168
RSA-3072,sign,296,15.218408
RSA-3072,sign,297,15.221501
RSA-3072,sign,298,15.218705
RSA-3072,sign,299,15.218835
RSA-3072,sign,300,18.269794
RSA-3072,sign,301,15.218242
RSA-3072,sign,302,15.220575
RSA-3072,sign,303,15.218557
RSA-3072,sign,304,15.218205
RSA-3072,sign,305,15.217723
RSA-3072,sign,306,15.218575
RSA-3072,sign,307,15.230909
RSA-3072,sign,308,15.223001
RSA-3072,sign,309,15.240908
RSA-3072,sign,310,15.235594
RSA-3072,sign,311,15.233464
RSA-3072,sign,312,15.231279
RSA-3072,sign,313,15.233242
RSA-3072,sign,314,15.219797
RSA-3072,sign,315,15.221279
RSA-3072,sign,316,15.215298
RSA-3072,sign,317,15.217557
RSA-3072,sign,318,15.252742
RSA-3072,sign,319,15.219279
RSA-3072,sign,320,15.218650
RSA-3072,sign,321,15.222834
RSA-3072,sign,322,15.226204
RSA-3072,sign,323,15.224112
RSA-3072,sign,324,15.234890
RSA-3072,sign,325,15.228260
RSA-3072,sign,326,15.221076
RSA-3072,sign,327,15.231315
RSA-3072,sign,328,15.237834
RSA-3072,sign,329,15.238093
RSA-3072,sign,330,15.222371
RSA-3072,sign,331,15.222871
RSA-3072,sign,332,18.226887
RSA-3072,sign,333,15.225316
RSA-3072,sign,334,15.220983
RSA-3072,sign,335,15.218187
RSA-3072,sign,336,15.226927
RSA-3072,sign,337,15.224501
RSA-3072,sign,338,15.218576
RSA-3072,sign,339,15.219020
RSA-3072,sign,340,15.219112
RSA-3072,sign,341,15.217427
RSA-3072,sign,342,15.218890
RSA-3072,sign,343,15.230186
RSA-3072,sign,344,15.220871
RSA-3072,sign,345,15.221261
RSA-3072,sign,346,15.212409
RSA-3072,sign,347,15.220520
RSA-3072,sign,348,15.237760
RSA-3072,sign,349,15.219890
RSA-3072,sign,350,15.233057
RSA-3072,sign,351,15.219575
RSA-3072,sign,352,15.223186
RSA-3072,sign,353,15.224076
RSA-3072,sign,354,15.222316
RSA-3072,sign,355,15.231427
RSA-3072,sign,356,15.214353
RSA-3072,sign,357,15.220779
RSA-3072,sign,358,15.226631
RSA-3072,sign,359,15.217909
RSA-3072,sign,360,15.218186
RSA-3072,sign,361,15.214779
RSA-3072,sign,362,15.226261
RSA-3072,sign,363,15.219112
RSA-3072,sign,364,18.160962
RSA-3072,sign,365,15.218594
RSA-3072,sign,366,15.220465
RSA-3072,sign,367,15.220779
RSA-3072,sign,368,15.225687
RSA-3072,sign,369,15.224093
RSA-3072,sign,370,15.224297
RSA-3072,sign,371,15.230168
RSA-3072,sign,372,15.238224
RSA-3072,sign,373,15.222464
RSA-3072,sign,374,15.223020
RSA-3072,sign,375,15.220353
RSA-3072,sign,376,15.231279
RSA-3072,sign,377,15.219575
RSA-3072,sign,378,15.221427
RSA-3072,sign,379,15.218316
RSA-3072,sign,380,15.219742
RSA-3072,sign,381,15.214890
RSA-3072,sign,382,15.229446
RSA-3072,sign,383,15.219835
RSA-3072,sign,384,15.220057
RSA-3072,sign,385,15.260852
RSA-3072,sign,386,15.225372
RSA-3072,sign,387,15.221057
RSA-3072,sign,388,15.218798
RSA-3072,sign,389,15.218891
RSA-3072,sign,390,15.218168
RSA-3072,sign,391,15.236593
RSA-3072,sign,392,15.230112
RSA-3072,sign,393,15.221520
RSA-3072,sign,394,15.227168
RSA-3072,sign,395,15.221816
RSA-3072,sign,396,18.189851
RSA-3072,sign,397,15.219928
RSA-3072,sign,398,15.223298
RSA-3072,sign,399,15.278519
RSA-3072,sign,400,15.244575
RSA-3072,sign,401,15.226612
RSA-3072,sign,402,15.222502
RSA-3072,sign,403,15.230705
RSA-3072,sign,404,15.237575
RSA-3072,sign,405,15.237705
RSA-3072,sign,406,15.218576
RSA-3072,sign,407,15.221520
RSA-3072,sign,408,15.219261
RSA-3072,sign,409,15.219520
RSA-3072,sign,410,15.220334
RSA-3072,sign,411,15.212965
RSA-3072,sign,412,15.220019
RSA-3072,sign,413,15.238409
RSA-3072,sign,414,15.227409
RSA-3072,sign,415,15.236316
RSA-3072,sign,416,15.268594
RSA-3072,sign,417,15.234797
RSA-3072,sign,418,15.226427
RSA-3072,sign,419,15.221853
RSA-3072,sign,420,15.223057
RSA-3072,sign,421,15.223539
RSA-3072,sign,422,15.216372
RSA-3072,sign,423,15.222631
RSA-3072,sign,424,15.238298
RSA-3072,sign,425,15.221798
RSA-3072,sign,426,15.223057
RSA-3072,sign,427,15.227594
RSA-3072,sign,428,18.167351
RSA-3072,sign,429,15.218705
RSA-3072,sign,430,15.220594
RSA-3072,sign,431,15.214836
RSA-3072,sign,432,15.218131
RSA-3072,sign,433,15.221687
RSA-3072,sign,434,15.229872
RSA-3072,sign,435,15.220576
RSA-3072,sign,436,15.214539
RSA-3072,sign,437,15.222946
RSA-3072,sign,438,15.230872
RSA-3072,sign,439,15.238335
RSA-3072,sign,440,15.224002
RSA-3072,sign,441,15.218095
RSA-3072,sign,442,15.222613
RSA-3072,sign,443,15.251131
RSA-3072,sign,444,15.218835
RSA-3072,sign,445,15.224631
RSA-3072,sign,446,15.216001
RSA-3072,sign,447,15.217631
RSA-3072,sign,448,15.218816
RSA-3072,sign,449,15.218058
RSA-3072,sign,450,15.218391
RSA-3072,sign,451,15.251408
RSA-3072,sign,452,15.223409
RSA-3072,sign,453,15.234539
RSA-3072,sign,454,15.224483
RSA-3072,sign,455,15.234057
RSA-3072,sign,456,15.220576
RSA-3072,sign,457,15.215354
RSA-3072,sign,458,15.223706
RSA-3072,sign,459,15.224113
RSA-3072,sign,460,18.167740
RSA-3072,sign,461,15.217020
RSA-3072,sign,462,15.221483
RSA-3072,sign,463,15.220187
RSA-3072,sign,464,15.236650
RSA-3072,sign,465,15.239612
RSA-3072,sign,466,15.289093
RSA-3072,sign,467,15.243668
RSA-3072,sign,468,15.237408
RSA-3072,sign,469,15.230946
RSA-3072,sign,470,15.233020
RSA-3072,sign,471,15.222001
RSA-3072,sign,472,15.226335
RSA-3072,sign,473,15.230428
RSA-3072,sign,474,15.217816
RSA-3072,sign,475,15.221335
RSA-3072,sign,476,15.213613
RSA-3072,sign,477,15.216335
RSA-3072,sign,478,15.219612
RSA-3072,sign,479,15.219168
RSA-3072,sign,480,15.217594
RSA-3072,sign,481,15.218558
RSA-3072,sign,482,15.217873
RSA-3072,sign,483,15.223446
RSA-3072,sign,484,15.224521
RSA-3072,sign,485,15.225575
RSA-3072,sign,486,15.237891
RSA-3072,sign,487,15.230742
RSA-3072,sign,488,15.227335
RSA-3072,sign,489,15.225020
RSA-3072,sign,490,15.220798
RSA-3072,sign,491,15.229928
RSA-3072,sign,492,18.224574
RSA-3072,sign,493,15.218558
RSA-3072,sign,494,15.218409
RSA-3072,sign,495,15.218150
RSA-3072,sign,496,15.240057
RSA-3072,sign,497,15.233816
RSA-3072,sign,498,15.226817
RSA-3072,sign,499,15.236650
RSA-3072,sign,500,15.224817
RSA-3072,sign,501,15.214780
RSA-3072,sign,502,15.219076
RSA-3072,sign,503,15.218799
RSA-3072,sign,504,15.227131
RSA-3072,sign,505,15.236428
RSA-3072,sign,506,15.218409
RSA-3072,sign,507,15.226761
RSA-3072,sign,508,15.236798
RSA-3072,sign,509,15.223428
RSA-3072,sign,510,15.244427
RSA-3072,sign,511,15.223131
RSA-3072,sign,512,15.214132
RSA-3072,sign,513,15.230002
RSA-3072,sign,514,15.221391
RSA-3072,sign,515,15.221521
RSA-3072,sign,516,15.218872
RSA-3072,sign,517,15.230243
RSA-3072,sign,518,15.257076
RSA-3072,sign,519,15.219799
RSA-3072,sign,520,15.218687
RSA-3072,sign,521,15.218372
RSA-3072,sign,522,15.214668
RSA-3072,sign,523,15.218521
RSA-3072,sign,524,18.294054
RSA-3072,sign,525,15.219187
RSA-3072,sign,526,15.218224
RSA-3072,sign,527,15.233279
RSA-3072,sign,528,15.235538
RSA-3072,sign,529,15.221261
RSA-3072,sign,530,15.222650
RSA-3072,sign,531,15.218280
RSA-3072,sign,532,15.238335
RSA-3072,sign,533,15.283908
RSA-3072,sign,534,15.219502
RSA-3072,sign,535,15.218280
RSA-3072,sign,536,15.297464
RSA-3072,sign,537,15.217224
RSA-3072,sign,538,15.221483
RSA-3072,sign,539,15.237575
RSA-3072,sign,540,15.241502
RSA-3072,sign,541,15.228224
RSA-3072,sign,542,15.215261
RSA-3072,sign,543,15.224225
RSA-3072,sign,544,15.223872
RSA-3072,sign,545,15.221317
RSA-3072,sign,546,15.218280
RSA-3072,sign,547,15.213854
RSA-3072,sign,548,15.263687
RSA-3072,sign,549,15.219317
RSA-3072,sign,550,15.220206
RSA-3072,sign,551,15.217429
RSA-3072,sign,552,15.213224
RSA-3072,sign,553,15.216280
RSA-3072,sign,554,15.224299
RSA-3072,sign,555,15.218076
RSA-3072,sign,556,18.174926
RSA-3072,sign,557,15.226076
RSA-3072,sign,558,15.232262
RSA-3072,sign,559,15.218114
RSA-3072,sign,560,15.229909
RSA-3072,sign,561,15.229465
RSA-3072,sign,562,15.234428
RSA-3072,sign,563,15.228169
RSA-3072,sign,564,15.224521
RSA-3072,sign,565,15.218928
RSA-3072,sign,566,15.238502
RSA-3072,sign,567,15.234169
RSA-3072,sign,568,15.228669
RSA-3072,sign,569,15.229262
RSA-3072,sign,570,15.224336
RSA-3072,sign,571,15.221595
RSA-3072,sign,572,15.221373
RSA-3072,sign,573,15.221132
RSA-3072,sign,574,15.220132
RSA-3072,sign,575,15.223150
RSA-3072,sign,576,15.231058
RSA-3072,sign,577,15.232373
RSA-3072,sign,578,15.217725
RSA-3072,sign,579,15.229354
RSA-3072,sign,580,15.223503
RSA-3072,sign,581,15.219095
RSA-3072,sign,582,15.214595
RSA-3072,sign,583,15.224521
RSA-3072,sign,584,15.296686
RSA-3072,sign,585,15.367111
RSA-3072,sign,586,15.281224
RSA-3072,sign,587,15.226724
RSA-3072,sign,588,18.284832
RSA-3072,sign,589,15.233631
RSA-3072,sign,590,15.225243
RSA-3072,sign,591,15.235965
RSA-3072,sign,592,15.228557
RSA-3072,sign,593,15.240095
RSA-3072,sign,594,15.238614
RSA-3072,sign,595,15.232483
RSA-3072,sign,596,15.242094
RSA-3072,sign,597,15.219947
RSA-3072,sign,598,15.222577
RSA-3072,sign,599,15.222706
RSA-3072,sign,600,15.282334
RSA-3072,sign,601,15.235557
RSA-3072,sign,602,15.233002
RSA-3072,sign,603,15.217336
RSA-3072,sign,604,15.234946
RSA-3072,sign,605,15.223780
RSA-3072,sign,606,15.223595
RSA-3072,sign,607,15.221799
RSA-3072,sign,608,15.217206
RSA-3072,sign,609,15.225742
RSA-3072,sign,610,15.220207
RSA-3072,sign,611,15.218632
RSA-3072,sign,612,15.220095
RSA-3072,sign,613,15.213113
RSA-3072,sign,614,15.217447
RSA-3072,sign,615,15.220447
RSA-3072,sign,616,15.218021
RSA-3072,sign,617,15.228206
RSA-3072,sign,618,15.225077
RSA-3072,sign,619,15.247428
RSA-3072,sign,620,18.212722
RSA-3072,sign,621,15.239113
RSA-3072,sign,622,15.234891
RSA-3072,sign,623,15.236595
RSA-3072,sign,624,15.228317
RSA-3072,sign,625,15.224428
RSA-3072,sign,626,15.218187
RSA-3072,sign,627,15.219613
RSA-3072,sign,628,15.219687
RSA-3072,sign,629,15.264483
RSA-3072,sign,630,15.233836
RSA-3072,sign,631,15.226651
RSA-3072,sign,632,15.219318
RSA-3072,sign,633,15.215818
RSA-3072,sign,634,15.217873
RSA-3072,sign,635,15.222299
RSA-3072,sign,636,15.219317
RSA-3072,sign,637,15.221909
RSA-3072,sign,638,15.216280
RSA-3072,sign,639,15.218021
RSA-3072,sign,640,15.218540
RSA-3072,sign,641,15.230688
RSA-3072,sign,642,15.222391
RSA-3072,sign,643,15.218761
RSA-3072,sign,644,15.247743
RSA-3072,sign,645,15.227410
RSA-3072,sign,646,15.221484
RSA-3072,sign,647,15.222114
RSA-3072,sign,648,15.224873
RSA-3072,sign,649,15.218280
RSA-3072,sign,650,15.222077
RSA-3072,sign,651,15.221336
RSA-3072,sign,652,18.303554
RSA-3072,sign,653,15.231428
RSA-3072,sign,654,15.221170
RSA-3072,sign,655,15.219483
RSA-3072,sign,656,15.218003
RSA-3072,sign,657,15.218521
RSA-3072,sign,658,15.222910
RSA-3072,sign,659,15.220669
RSA-3072,sign,660,15.218576
RSA-3072,sign,661,15.222484
RSA-3072,sign,662,15.218206
RSA-3072,sign,663,15.230372
RSA-3072,sign,664,15.238835
RSA-3072,sign,665,15.224984
RSA-3072,sign,666,15.276094
RSA-3072,sign,667,15.223780
RSA-3072,sign,668,15.213373
RSA-3072,sign,669,15.224058
RSA-3072,sign,670,15.218836
RSA-3072,sign,671,15.223095
RSA-3072,sign,672,15.218299
RSA-3072,sign,673,15.213170
RSA-3072,sign,674,15.218539
RSA-3072,sign,675,15.218651
RSA-3072,sign,676,15.224948
RSA-3072,sign,677,15.227447
RSA-3072,sign,678,15.233095
RSA-3072,sign,679,15.258836
RSA-3072,sign,680,15.222762
RSA-3072,sign,681,15.241262
RSA-3072,sign,682,15.220632
RSA-3072,sign,683,15.217466
RSA-3072,sign,684,18.141038
RSA-3072,sign,685,15.222095
RSA-3072,sign,686,15.219354
RSA-3072,sign,687,15.221188
RSA-3072,sign,688,15.219244
RSA-3072,sign,689,15.229614
RSA-3072,sign,690,15.217854
RSA-3072,sign,691,15.222225
RSA-3072,sign,692,15.220151
RSA-3072,sign,693,15.232206
RSA-3072,sign,694,15.224299
RSA-3072,sign,695,15.221503
RSA-3072,sign,696,15.223781
RSA-3072,sign,697,15.218151
RSA-3072,sign,698,15.214336
RSA-3072,sign,699,15.218669
RSA-3072,sign,700,15.235576
RSA-3072,sign,701,15.221410
RSA-3072,sign,702,15.219577
RSA-3072,sign,703,15.215170
RSA-3072,sign,704,15.218243
RSA-3072,sign,705,15.218095
RSA-3072,sign,706,15.218836
RSA-3072,sign,707,15.220855
RSA-3072,sign,708,15.219670
RSA-3072,sign,709,15.214614
RSA-3072,sign,710,15.236632
RSA-3072,sign,711,15.218595
RSA-3072,sign,712,15.218095
RSA-3072,sign,713,15.237392
RSA-3072,sign,714,15.223576
RSA-3072,sign,715,15.217614
RSA-3072,sign,716,18.208611
RSA-3072,sign,717,15.225318
RSA-3072,sign,718,15.212003
RSA-3072,sign,719,15.264447
RSA-3072,sign,720,15.228429
RSA-3072,sign,721,15.218151
RSA-3072,sign,722,15.217984
RSA-3072,sign,723,15.213521
RSA-3072,sign,724,15.221392
RSA-3072,sign,725,15.227354
RSA-3072,sign,726,15.241947
RSA-3072,sign,727,15.225355
RSA-3072,sign,728,15.215484
RSA-3072,sign,729,15.221039
RSA-3072,sign,730,15.220262
RSA-3072,sign,731,15.219558
RSA-3072,sign,732,15.223281
RSA-3072,sign,733,15.273446
RSA-3072,sign,734,15.221058
RSA-3072,sign,735,15.218928
RSA-3072,sign,736,15.219891
RSA-3072,sign,737,15.224243
RSA-3072,sign,738,15.217836
RSA-3072,sign,739,15.212300
RSA-3072,sign,740,15.219966
RSA-3072,sign,741,15.218577
RSA-3072,sign,742,15.220873
RSA-3072,sign,743,15.219355
RSA-3072,sign,744,15.215373
RSA-3072,sign,745,15.220706
RSA-3072,sign,746,15.249262
RSA-3072,sign,747,15.218799
RSA-3072,sign,748,18.194372
RSA-3072,sign,749,15.218299
RSA-3072,sign,750,15.222799
RSA-3072,sign,751,15.218152
RSA-3072,sign,752,15.222595
RSA-3072,sign,753,15.214984
RSA-3072,sign,754,15.230114
RSA-3072,sign,755,15.221374
RSA-3072,sign,756,15.218707
RSA-3072,sign,757,15.219040
RSA-3072,sign,758,15.223299
RSA-3072,sign,759,15.227614
RSA-3072,sign,760,15.242596
RSA-3072,sign,761,15.229410
RSA-3072,sign,762,15.221762
RSA-3072,sign,763,15.223410
RSA-3072,sign,764,15.222114
RSA-3072,sign,765,15.222299
RSA-3072,sign,766,15.233244
RSA-3072,sign,767,15.221540
RSA-3072,sign,768,15.219633
RSA-3072,sign,769,15.219689
RSA-3072,sign,770,15.243874
RSA-3072,sign,771,15.222614
RSA-3072,sign,772,15.221281
RSA-3072,sign,773,15.220337
RSA-3072,sign,774,15.218114
RSA-3072,sign,775,15.218040
RSA-3072,sign,776,15.229818
RSA-3072,sign,777,15.238595
RSA-3072,sign,778,15.219947
RSA-3072,sign,779,15.229133
RSA-3072,sign,780,18.198741
RSA-3072,sign,781,15.224374
RSA-3072,sign,782,15.347853
RSA-3072,sign,783,15.320187
RSA-3072,sign,784,15.312928
RSA-3072,sign,785,15.330409
RSA-3072,sign,786,15.247354
RSA-3072,sign,787,15.225466
RSA-3072,sign,788,15.248947
RSA-3072,sign,789,15.283206
RSA-3072,sign,790,15.327613
RSA-3072,sign,791,15.886420
RSA-3072,sign,792,15.261966
RSA-3072,sign,793,15.260651
RSA-3072,sign,794,15.622479
RSA-3072,sign,795,15.299983
RSA-3072,sign,796,15.222892
RSA-3072,sign,797,15.231503
RSA-3072,sign,798,15.373612
RSA-3072,sign,799,15.864180
RSA-3072,sign,800,15.401445
RSA-3072,sign,801,15.258854
RSA-3072,sign,802,15.230021
RSA-3072,sign,803,15.221318
RSA-3072,sign,804,15.229706
RSA-3072,sign,805,15.223633
RSA-3072,sign,806,15.225410
RSA-3072,sign,807,15.235429
RSA-3072,sign,808,15.234077
RSA-3072,sign,809,15.229318
RSA-3072,sign,810,15.266521
RSA-3072,sign,811,15.238133
RSA-3072,sign,812,18.231871
RSA-3072,sign,813,15.234837
RSA-3072,sign,814,15.234077
RSA-3072,sign,815,15.221966
RSA-3072,sign,816,15.221689
RSA-3072,sign,817,15.221059
RSA-3072,sign,818,15.228021
RSA-3072,sign,819,15.220374
RSA-3072,sign,820,15.218873
RSA-3072,sign,821,15.222114
RSA-3072,sign,822,15.221040
RSA-3072,sign,823,15.223892
RSA-3072,sign,824,15.223559
RSA-3072,sign,825,15.227225
RSA-3072,sign,826,15.218726
RSA-3072,sign,827,15.218503
RSA-3072,sign,828,15.217781
RSA-3072,sign,829,15.219115
RSA-3072,sign,830,15.221225
RSA-3072,sign,831,15.222225
RSA-3072,sign,832,15.223892
RSA-3072,sign,833,15.219300
RSA-3072,sign,834,15.223244
RSA-3072,sign,835,15.222559
RSA-3072,sign,836,15.221059
RSA-3072,sign,837,15.221911
RSA-3072,sign,838,15.217652
RSA-3072,sign,839,15.224744
RSA-3072,sign,840,15.219077
RSA-3072,sign,841,15.218226
RSA-3072,sign,842,15.226652
RSA-3072,sign,843,15.220707
RSA-3072,sign,844,18.234112
RSA-3072,sign,845,15.228467
RSA-3072,sign,846,15.218484
RSA-3072,sign,847,15.218559
RSA-3072,sign,848,15.218541
RSA-3072,sign,849,15.230874
RSA-3072,sign,850,15.238726
RSA-3072,sign,851,15.223985
RSA-3072,sign,852,15.278003
RSA-3072,sign,853,15.215318
RSA-3072,sign,854,15.225725
RSA-3072,sign,855,15.231262
RSA-3072,sign,856,15.219966
RSA-3072,sign,857,15.219392
RSA-3072,sign,858,15.218966
RSA-3072,sign,859,15.219559
RSA-3072,sign,860,15.218041
RSA-3072,sign,861,15.755608
RSA-3072,sign,862,15.331428
RSA-3072,sign,863,15.261817
RSA-3072,sign,864,15.227763
RSA-3072,sign,865,15.224763
RSA-3072,sign,866,15.228948
RSA-3072,sign,867,15.294354
RSA-3072,sign,868,15.233818
RSA-3072,sign,869,15.219207
RSA-3072,sign,870,15.224763
RSA-3072,sign,871,15.222337
RSA-3072,sign,872,15.219596
RSA-3072,sign,873,15.218263
RSA-3072,sign,874,15.214467
RSA-3072,sign,875,15.218688
RSA-3072,sign,876,18.241001
RSA-3072,sign,877,15.237707
RSA-3072,sign,878,15.217559
RSA-3072,sign,879,15.225448
RSA-3072,sign,880,15.219003
RSA-3072,sign,881,15.224577
RSA-3072,sign,882,15.223226
RSA-3072,sign,883,15.233466
RSA-3072,sign,884,15.228429
RSA-3072,sign,885,15.223744
RSA-3072,sign,886,15.222337
RSA-3072,sign,887,15.221133
RSA-3072,sign,888,15.218781
RSA-3072,sign,889,15.221189
RSA-3072,sign,890,15.231133
RSA-3072,sign,891,15.233652
RSA-3072,sign,892,15.224707
RSA-3072,sign,893,15.227985
RSA-3072,sign,894,15.231373
RSA-3072,sign,895,15.241874
RSA-3072,sign,896,15.240040
RSA-3072,sign,897,15.220004
RSA-3072,sign,898,15.220262
RSA-3072,sign,899,15.217503
RSA-3072,sign,900,15.221633
RSA-3072,sign,901,15.218763
RSA-3072,sign,902,15.261262
RSA-3072,sign,903,15.236725
RSA-3072,sign,904,15.232578
RSA-3072,sign,905,15.232096
RSA-3072,sign,906,15.220004
RSA-3072,sign,907,15.219281
RSA-3072,sign,908,18.291778
RSA-3072,sign,909,15.226189
RSA-3072,sign,910,15.238244
RSA-3072,sign,911,15.317946
RSA-3072,sign,912,15.249521
RSA-3072,sign,913,15.224355
RSA-3072,sign,914,15.236892
RSA-3072,sign,915,15.256781
RSA-3072,sign,916,15.241040
RSA-3072,sign,917,15.229115
RSA-3072,sign,918,15.219078
RSA-3072,sign,919,15.362057
RSA-3072,sign,920,15.277170
RSA-3072,sign,921,15.231762
RSA-3072,sign,922,15.227337
RSA-3072,sign,923,15.219670
RSA-3072,sign,924,15.220374
RSA-3072,sign,925,15.230966
RSA-3072,sign,926,15.223392
RSA-3072,sign,927,15.230799
RSA-3072,sign,928,15.227448
RSA-3072,sign,929,15.218448
RSA-3072,sign,930,15.219726
RSA-3072,sign,931,15.231578
RSA-3072,sign,932,15.220319
RSA-3072,sign,933,15.252577
RSA-3072,sign,934,15.277725
RSA-3072,sign,935,15.217782
RSA-3072,sign,936,15.222504
RSA-3072,sign,937,15.234707
RSA-3072,sign,938,15.219374
RSA-3072,sign,939,15.218171
RSA-3072,sign,940,18.241538
RSA-3072,sign,941,15.218411
RSA-3072,sign,942,15.274040
RSA-3072,sign,943,15.217893
RSA-3072,sign,944,15.221429
RSA-3072,sign,945,15.212893
RSA-3072,sign,946,15.219244
RSA-3072,sign,947,15.218930
RSA-3072,sign,948,15.219337
RSA-3072,sign,949,15.218763
RSA-3072,sign,950,15.212189
RSA-3072,sign,951,15.227856
RSA-3072,sign,952,15.252670
RSA-3072,sign,953,15.231171
RSA-3072,sign,954,15.238745
RSA-3072,sign,955,15.219560
RSA-3072,sign,956,15.223671
RSA-3072,sign,957,15.222782
RSA-3072,sign,958,15.224744
RSA-3072,sign,959,15.218615
RSA-3072,sign,960,15.230818
RSA-3072,sign,961,15.219467
RSA-3072,sign,962,15.218875
RSA-3072,sign,963,15.219948
RSA-3072,sign,964,15.218671
RSA-3072,sign,965,15.212893
RSA-3072,sign,966,15.226504
RSA-3072,sign,967,15.220763
RSA-3072,sign,968,15.238670
RSA-3072,sign,969,15.236411
RSA-3072,sign,970,15.238151
RSA-3072,sign,971,15.222689
RSA-3072,sign,972,18.199539
RSA-3072,sign,973,15.224485
RSA-3072,sign,974,15.236874
RSA-3072,sign,975,15.215041
RSA-3072,sign,976,15.221522
RSA-3072,sign,977,15.253707
RSA-3072,sign,978,15.229652
RSA-3072,sign,979,15.223133
RSA-3072,sign,980,15.219466
RSA-3072,sign,981,15.224948
RSA-3072,sign,982,15.229560
RSA-3072,sign,983,15.221578
RSA-3072,sign,984,15.231707
RSA-3072,sign,985,15.214634
RSA-3072,sign,986,15.247948
RSA-3072,sign,987,15.221319
RSA-3072,sign,988,15.217874
RSA-3072,sign,989,15.218485
RSA-3072,sign,990,15.214689
RSA-3072,sign,991,15.218559
RSA-3072,sign,992,15.227393
RSA-3072,sign,993,15.219133
RSA-3072,sign,994,15.230004
RSA-3072,sign,995,15.214633
RSA-3072,sign,996,15.219466
RSA-3072,sign,997,15.217689
RSA-3072,sign,998,15.218671
RSA-3072,sign,999,15.218300
RSA-3072,verify,0,0.276922
RSA-3072,verify,1,0.275348
RSA-3072,verify,2,0.286089
RSA-3072,verify,3,0.275607
RSA-3072,verify,4,0.274978
RSA-3072,verify,5,0.274866
RSA-3072,verify,6,0.274867
RSA-3072,verify,7,0.274959
RSA-3072,verify,8,0.274904
RSA-3072,verify,9,0.274867
RSA-3072,verify,10,0.274774
RSA-3072,verify,11,0.274941
RSA-3072,verify,12,0.274848
RSA-3072,verify,13,0.274904
RSA-3072,verify,14,0.274811
RSA-3072,verify,15,0.274923
RSA-3072,verify,16,0.281645
RSA-3072,verify,17,0.275311
RSA-3072,verify,18,0.274774
RSA-3072,verify,19,0.274941
RSA-3072,verify,20,0.274793
RSA-3072,verify,21,0.274886
RSA-3072,verify,22,0.274811
RSA-3072,verify,23,0.274867
RSA-3072,verify,24,0.274867
RSA-3072,verify,25,0.274849
RSA-3072,verify,26,0.274811
RSA-3072,verify,27,0.274830
RSA-3072,verify,28,0.274811
RSA-3072,verify,29,0.274904
RSA-3072,verify,30,0.281551
RSA-3072,verify,31,0.275330
RSA-3072,verify,32,0.274830
RSA-3072,verify,33,0.274848
RSA-3072,verify,34,0.274792
RSA-3072,verify,35,0.274941
RSA-3072,verify,36,0.274793
RSA-3072,verify,37,0.274719
RSA-3072,verify,38,0.274849
RSA-3072,verify,39,0.274866
RSA-3072,verify,40,0.274904
RSA-3072,verify,41,0.275089
RSA-3072,verify,42,0.274848
RSA-3072,verify,43,0.274886
RSA-3072,verify,44,0.281478
RSA-3072,verify,45,0.275237
RSA-3072,verify,46,0.274848
RSA-3072,verify,47,0.274867
RSA-3072,verify,48,0.274811
RSA-3072,verify,49,0.274867
RSA-3072,verify,50,0.274792
RSA-3072,verify,51,0.274867
RSA-3072,verify,52,0.274719
RSA-3072,verify,53,0.274866
RSA-3072,verify,54,0.274867
RSA-3072,verify,55,0.274829
RSA-3072,verify,56,0.274811
RSA-3072,verify,57,0.274756
RSA-3072,verify,58,0.281478
RSA-3072,verify,59,0.275237
RSA-3072,verify,60,0.274867
RSA-3072,verify,61,0.274793
RSA-3072,verify,62,0.274848
RSA-3072,verify,63,0.274830
RSA-3072,verify,64,0.274792
RSA-3072,verify,65,0.274811
RSA-3072,verify,66,0.274737
RSA-3072,verify,67,0.274866
RSA-3072,verify,68,0.274848
RSA-3072,verify,69,0.274830
RSA-3072,verify,70,0.274830
RSA-3072,verify,71,0.274829
RSA-3072,verify,72,0.281459
RSA-3072,verify,73,0.275311
RSA-3072,verify,74,0.275237
RSA-3072,verify,75,0.274885
RSA-3072,verify,76,0.274756
RSA-3072,verify,77,0.274793
RSA-3072,verify,78,0.274793
RSA-3072,verify,79,0.274867
RSA-3072,verify,80,0.274792
RSA-3072,verify,81,0.274904
RSA-3072,verify,82,0.274811
RSA-3072,verify,83,0.274830
RSA-3072,verify,84,0.274829
RSA-3072,verify,85,0.274867
RSA-3072,verify,86,0.281497
RSA-3072,verify,87,0.275700
RSA-3072,verify,88,0.274848
RSA-3072,verify,89,0.274886
RSA-3072,verify,90,0.275145
RSA-3072,verify,91,0.274867
RSA-3072,verify,92,0.274774
RSA-3072,verify,93,0.274793
RSA-3072,verify,94,0.275089
RSA-3072,verify,95,0.274904
RSA-3072,verify,96,0.274774
RSA-3072,verify,97,0.274848
RSA-3072,verify,98,0.274886
RSA-3072,verify,99,0.274885
RSA-3072,verify,100,0.281385
RSA-3072,verify,101,0.275237
RSA-3072,verify,102,0.274792
RSA-3072,verify,103,0.274904
RSA-3072,verify,104,0.274792
RSA-3072,verify,105,0.274811
RSA-3072,verify,106,0.274774
RSA-3072,verify,107,0.274886
RSA-3072,verify,108,0.274774
RSA-3072,verify,109,0.274867
RSA-3072,verify,110,0.274793
RSA-3072,verify,111,0.274886
RSA-3072,verify,112,0.274830
RSA-3072,verify,113,0.274867
RSA-3072,verify,114,0.281181
RSA-3072,verify,115,0.275551
RSA-3072,verify,116,0.274793
RSA-3072,verify,117,0.274866
RSA-3072,verify,118,0.274755
RSA-3072,verify,119,0.274941
RSA-3072,verify,120,0.274755
RSA-3072,verify,121,0.274849
RSA-3072,verify,122,0.274774
RSA-3072,verify,123,0.274922
RSA-3072,verify,124,0.274867
RSA-3072,verify,125,0.274867
RSA-3072,verify,126,0.274829
RSA-3072,verify,127,0.274904
RSA-3072,verify,128,0.274811
RSA-3072,verify,129,0.281571
RSA-3072,verify,130,0.275274
RSA-3072,verify,131,0.274923
RSA-3072,verify,132,0.274867
RSA-3072,verify,133,0.274830
RSA-3072,verify,134,0.274811
RSA-3072,verify,135,0.274904
RSA-3072,verify,136,0.274812
RSA-3072,verify,137,0.274867
RSA-3072,verify,138,0.274792
RSA-3072,verify,139,0.274866
RSA-3072,verify,140,0.274812
RSA-3072,verify,141,0.274811
RSA-3072,verify,142,0.274830
RSA-3072,verify,143,0.281645
RSA-3072,verify,144,0.275274
RSA-3072,verify,145,0.275145
RSA-3072,verify,146,0.274849
RSA-3072,verify,147,0.274811
RSA-3072,verify,148,0.274812
RSA-3072,verify,149,0.274811
RSA-3072,verify,150,0.274811
RSA-3072,verify,151,0.274848
RSA-3072,verify,152,0.274885
RSA-3072,verify,153,0.274793
RSA-3072,verify,154,0.274793
RSA-3072,verify,155,0.274811
RSA-3072,verify,156,0.274923
RSA-3072,verify,157,0.281570
RSA-3072,verify,158,0.275367
RSA-3072,verify,159,0.274922
RSA-3072,verify,160,0.274867
RSA-3072,verify,161,0.274886
RSA-3072,verify,162,0.274866
RSA-3072,verify,163,0.274885
RSA-3072,verify,164,0.274849
RSA-3072,verify,165,0.274904
RSA-3072,verify,166,0.274848
RSA-3072,verify,167,0.274885
RSA-3072,verify,168,0.274848
RSA-3072,verify,169,0.274811
RSA-3072,verify,170,0.275108
RSA-3072,verify,171,0.281607
RSA-3072,verify,172,0.275237
RSA-3072,verify,173,0.274885
RSA-3072,verify,174,0.275163
RSA-3072,verify,175,0.274960
RSA-3072,verify,176,0.274867
RSA-3072,verify,177,0.274793
RSA-3072,verify,178,0.275218
RSA-3072,verify,179,0.274867
RSA-3072,verify,180,0.274792
RSA-3072,verify,181,0.274829
RSA-3072,verify,182,0.274737
RSA-3072,verify,183,0.274829
RSA-3072,verify,184,0.274885
RSA-3072,verify,185,0.282293
RSA-3072,verify,186,0.275292
RSA-3072,verify,187,0.274941
RSA-3072,verify,188,0.274830
RSA-3072,verify,189,0.274848
RSA-3072,verify,190,0.274811
RSA-3072,verify,191,0.274848
RSA-3072,verify,192,0.274811
RSA-3072,verify,193,0.274793
RSA-3072,verify,194,0.274811
RSA-3072,verify,195,0.274867
RSA-3072,verify,196,0.274829
RSA-3072,verify,197,0.274867
RSA-3072,verify,198,0.274811
RSA-3072,verify,199,0.281681
RSA-3072,verify,200,0.275311
RSA-3072,verify,201,0.274829
RSA-3072,verify,202,0.274811
RSA-3072,verify,203,0.274960
RSA-3072,verify,204,0.274812
RSA-3072,verify,205,0.274829
RSA-3072,verify,206,0.274774
RSA-3072,verify,207,0.274829
RSA-3072,verify,208,0.274793
RSA-3072,verify,209,0.274867
RSA-3072,verify,210,0.274830
RSA-3072,verify,211,0.274941
RSA-3072,verify,212,0.274792
RSA-3072,verify,213,0.281626
RSA-3072,verify,214,0.275329
RSA-3072,verify,215,0.274922
RSA-3072,verify,216,0.274886
RSA-3072,verify,217,0.275144
RSA-3072,verify,218,0.274774
RSA-3072,verify,219,0.274904
RSA-3072,verify,220,0.274848
RSA-3072,verify,221,0.274829
RSA-3072,verify,222,0.274848
RSA-3072,verify,223,0.274885
RSA-3072,verify,224,0.274848
RSA-3072,verify,225,0.274774
RSA-3072,verify,226,0.274812
RSA-3072,verify,227,0.281700
RSA-3072,verify,228,0.275330
RSA-3072,verify,229,0.274904
RSA-3072,verify,230,0.274792
RSA-3072,verify,231,0.274923
RSA-3072,verify,232,0.274904
RSA-3072,verify,233,0.274885
RSA-3072,verify,234,0.274829
RSA-3072,verify,235,0.274830
RSA-3072,verify,236,0.274848
RSA-3072,verify,237,0.274830
RSA-3072,verify,238,0.274829
RSA-3072,verify,239,0.274849
RSA-3072,verify,240,0.274793
RSA-3072,verify,241,0.281367
RSA-3072,verify,242,0.275404
RSA-3072,verify,243,0.274867
RSA-3072,verify,244,0.274792
RSA-3072,verify,245,0.274775
RSA-3072,verify,246,0.274848
RSA-3072,verify,247,0.274922
RSA-3072,verify,248,0.274848
RSA-3072,verify,249,0.275182
RSA-3072,verify,250,0.274830
RSA-3072,verify,251,0.274904
RSA-3072,verify,252,0.274848
RSA-3072,verify,253,0.274922
RSA-3072,verify,254,0.274774
RSA-3072,verify,255,0.274903
RSA-3072,verify,256,0.281515
RSA-3072,verify,257,0.275237
RSA-3072,verify,258,0.274756
RSA-3072,verify,259,0.274904
RSA-3072,verify,260,0.274774
RSA-3072,verify,261,0.274793
RSA-3072,verify,262,0.274885
RSA-3072,verify,263,0.274848
RSA-3072,verify,264,0.274867
RSA-3072,verify,265,0.274848
RSA-3072,verify,266,0.274830
RSA-3072,verify,267,0.274922
RSA-3072,verify,268,0.274830
RSA-3072,verify,269,0.274848
RSA-3072,verify,270,0.281533
RSA-3072,verify,271,0.275404
RSA-3072,verify,272,0.274792
RSA-3072,verify,273,0.274793
RSA-3072,verify,274,0.274811
RSA-3072,verify,275,0.274885
RSA-3072,verify,276,0.274830
RSA-3072,verify,277,0.274830
RSA-3072,verify,278,0.274830
RSA-3072,verify,279,0.274885
RSA-3072,verify,280,0.274904
RSA-3072,verify,281,0.274830
RSA-3072,verify,282,0.274867
RSA-3072,verify,283,0.274867
RSA-3072,verify,284,0.281552
RSA-3072,verify,285,0.275348
RSA-3072,verify,286,0.274830
RSA-3072,verify,287,0.274922
RSA-3072,verify,288,0.274867
RSA-3072,verify,289,0.274849
RSA-3072,verify,290,0.274829
RSA-3072,verify,291,0.274849
RSA-3072,verify,292,0.274848
RSA-3072,verify,293,0.274849
RSA-3072,verify,294,0.274811
RSA-3072,verify,295,0.274904
RSA-3072,verify,296,0.274829
RSA-3072,verify,297,0.274830
RSA-3072,verify,298,0.299626
RSA-3072,verify,299,0.275756
RSA-3072,verify,300,0.275015
RSA-3072,verify,301,0.274885
RSA-3072,verify,302,0.274755
RSA-3072,verify,303,0.274885
RSA-3072,verify,304,0.274829
RSA-3072,verify,305,0.274922
RSA-3072,verify,306,0.274848
RSA-3072,verify,307,0.274867
RSA-3072,verify,308,0.274830
RSA-3072,verify,309,0.274756
RSA-3072,verify,310,0.274793
RSA-3072,verify,311,0.274885
RSA-3072,verify,312,0.282219
RSA-3072,verify,313,0.275255
RSA-3072,verify,314,0.274866
RSA-3072,verify,315,0.274848
RSA-3072,verify,316,0.274848
RSA-3072,verify,317,0.274829
RSA-3072,verify,318,0.274811
RSA-3072,verify,319,0.274886
RSA-3072,verify,320,0.274829
RSA-3072,verify,321,0.275089
RSA-3072,verify,322,0.274811
RSA-3072,verify,323,0.274866
RSA-3072,verify,324,0.274867
RSA-3072,verify,325,0.275126
RSA-3072,verify,326,0.281645
RSA-3072,verify,327,0.275293
RSA-3072,verify,328,0.274830
RSA-3072,verify,329,0.274830
RSA-3072,verify,330,0.275108
RSA-3072,verify,331,0.274923
RSA-3072,verify,332,0.274867
RSA-3072,verify,333,0.274793
RSA-3072,verify,334,0.274848
RSA-3072,verify,335,0.274830
RSA-3072,verify,336,0.274792
RSA-3072,verify,337,0.275163
RSA-3072,verify,338,0.274830
RSA-3072,verify,339,0.274867
RSA-3072,verify,340,0.281737
RSA-3072,verify,341,0.275330
RSA-3072,verify,342,0.274904
RSA-3072,verify,343,0.274904
RSA-3072,verify,344,0.274867
RSA-3072,verify,345,0.274867
RSA-3072,verify,346,0.274811
RSA-3072,verify,347,0.274904
RSA-3072,verify,348,0.274811
RSA-3072,verify,349,0.274886
RSA-3072,verify,350,0.274793
RSA-3072,verify,351,0.274811
RSA-3072,verify,352,0.274885
RSA-3072,verify,353,0.274812
RSA-3072,verify,354,0.281496
RSA-3072,verify,355,0.275404
RSA-3072,verify,356,0.274866
RSA-3072,verify,357,0.274904
RSA-3072,verify,358,0.274848
RSA-3072,verify,359,0.274867
RSA-3072,verify,360,0.274849
RSA-3072,verify,361,0.274774
RSA-3072,verify,362,0.274811
RSA-3072,verify,363,0.274849
RSA-3072,verify,364,0.274811
RSA-3072,verify,365,0.274811
RSA-3072,verify,366,0.274793
RSA-3072,verify,367,0.274849
RSA-3072,verify,368,0.282367
RSA-3072,verify,369,0.275311
RSA-3072,verify,370,0.274755
RSA-3072,verify,371,0.274755
RSA-3072,verify,372,0.274923
RSA-3072,verify,373,0.274829
RSA-3072,verify,374,0.274830
RSA-3072,verify,375,0.274793
RSA-3072,verify,376,0.274793
RSA-3072,verify,377,0.274885
RSA-3072,verify,378,0.274793
RSA-3072,verify,379,0.275182
RSA-3072,verify,380,0.274755
RSA-3072,verify,381,0.274830
RSA-3072,verify,382,0.281422
RSA-3072,verify,383,0.275459
RSA-3072,verify,384,0.274829
RSA-3072,verify,385,0.274848
RSA-3072,verify,386,0.274774
RSA-3072,verify,387,0.275144
RSA-3072,verify,388,0.274866
RSA-3072,verify,389,0.274866
RSA-3072,verify,390,0.274811
RSA-3072,verify,391,0.274885
RSA-3072,verify,392,0.274793
RSA-3072,verify,393,0.274774
RSA-3072,verify,394,0.274793
RSA-3072,verify,395,0.274904
RSA-3072,verify,396,0.274793
RSA-3072,verify,397,0.281978
RSA-3072,verify,398,0.275034
RSA-3072,verify,399,0.275144
RSA-3072,verify,400,0.274904
RSA-3072,verify,401,0.274922
RSA-3072,verify,402,0.274792
RSA-3072,verify,403,0.274922
RSA-3072,verify,404,0.274885
RSA-3072,verify,405,0.274830
RSA-3072,verify,406,0.274792
RSA-3072,verify,407,0.274886
RSA-3072,verify,408,0.274904
RSA-3072,verify,409,0.274866
RSA-3072,verify,410,0.274830
RSA-3072,verify,411,0.284719
RSA-3072,verify,412,0.275663
RSA-3072,verify,413,0.274848
RSA-3072,verify,414,0.274848
RSA-3072,verify,415,0.274867
RSA-3072,verify,416,0.274886
RSA-3072,verify,417,0.274885
RSA-3072,verify,418,0.274830
RSA-3072,verify,419,0.274866
RSA-3072,verify,420,0.274848
RSA-3072,verify,421,0.274922
RSA-3072,verify,422,0.274848
RSA-3072,verify,423,0.274866
RSA-3072,verify,424,0.274848
RSA-3072,verify,425,0.281811
RSA-3072,verify,426,0.275330
RSA-3072,verify,427,0.274940
RSA-3072,verify,428,0.274867
RSA-3072,verify,429,0.274904
RSA-3072,verify,430,0.274792
RSA-3072,verify,431,0.274849
RSA-3072,verify,432,0.274885
RSA-3072,verify,433,0.274867
RSA-3072,verify,434,0.274792
RSA-3072,verify,435,0.274904
RSA-3072,verify,436,0.274830
RSA-3072,verify,437,0.274848
RSA-3072,verify,438,0.274830
RSA-3072,verify,439,0.281571
RSA-3072,verify,440,0.275404
RSA-3072,verify,441,0.274941
RSA-3072,verify,442,0.274811
RSA-3072,verify,443,0.274886
RSA-3072,verify,444,0.274867
RSA-3072,verify,445,0.274904
RSA-3072,verify,446,0.274793
RSA-3072,verify,447,0.274867
RSA-3072,verify,448,0.274848
RSA-3072,verify,449,0.274867
RSA-3072,verify,450,0.274811
RSA-3072,verify,451,0.274923
RSA-3072,verify,452,0.274885
RSA-3072,verify,453,0.281589
RSA-3072,verify,454,0.275349
RSA-3072,verify,455,0.274848
RSA-3072,verify,456,0.274867
RSA-3072,verify,457,0.274867
RSA-3072,verify,458,0.274848
RSA-3072,verify,459,0.274941
RSA-3072,verify,460,0.274829
RSA-3072,verify,461,0.274885
RSA-3072,verify,462,0.274774
RSA-3072,verify,463,0.274829
RSA-3072,verify,464,0.274922
RSA-3072,verify,465,0.274848
RSA-3072,verify,466,0.274830
RSA-3072,verify,467,0.281533
RSA-3072,verify,468,0.275237
RSA-3072,verify,469,0.274774
RSA-3072,verify,470,0.274774
RSA-3072,verify,471,0.274978
RSA-3072,verify,472,0.274885
RSA-3072,verify,473,0.275181
RSA-3072,verify,474,0.274811
RSA-3072,verify,475,0.274867
RSA-3072,verify,476,0.274811
RSA-3072,verify,477,0.274886
RSA-3072,verify,478,0.274829
RSA-3072,verify,479,0.274886
RSA-3072,verify,480,0.274867
RSA-3072,verify,481,0.281497
RSA-3072,verify,482,0.275237
RSA-3072,verify,483,0.274941
RSA-3072,verify,484,0.274848
RSA-3072,verify,485,0.274830
RSA-3072,verify,486,0.274829
RSA-3072,verify,487,0.274923
RSA-3072,verify,488,0.274903
RSA-3072,verify,489,0.274886
RSA-3072,verify,490,0.274774
RSA-3072,verify,491,0.275163
RSA-3072,verify,492,0.274904
RSA-3072,verify,493,0.274830
RSA-3072,verify,494,0.274830
RSA-3072,verify,495,0.281626
RSA-3072,verify,496,0.275311
RSA-3072,verify,497,0.274811
RSA-3072,verify,498,0.274811
RSA-3072,verify,499,0.274885
RSA-3072,verify,500,0.274849
RSA-3072,verify,501,0.274885
RSA-3072,verify,502,0.274755
RSA-3072,verify,503,0.274885
RSA-3072,verify,504,0.274867
RSA-3072,verify,505,0.274793
RSA-3072,verify,506,0.274811
RSA-3072,verify,507,0.274867
RSA-3072,verify,508,0.275126
RSA-3072,verify,509,0.281385
RSA-3072,verify,510,0.275256
RSA-3072,verify,511,0.274904
RSA-3072,verify,512,0.274793
RSA-3072,verify,513,0.274830
RSA-3072,verify,514,0.274793
RSA-3072,verify,515,0.274922
RSA-3072,verify,516,0.274885
RSA-3072,verify,517,0.275182
RSA-3072,verify,518,0.274812
RSA-3072,verify,519,0.274829
RSA-3072,verify,520,0.274793
RSA-3072,verify,521,0.274830
RSA-3072,verify,522,0.274774
RSA-3072,verify,523,0.281608
RSA-3072,verify,524,0.275441
RSA-3072,verify,525,0.274792
RSA-3072,verify,526,0.274793
RSA-3072,verify,527,0.274811
RSA-3072,verify,528,0.274867
RSA-3072,verify,529,0.274885
RSA-3072,verify,530,0.274793
RSA-3072,verify,531,0.274886
RSA-3072,verify,532,0.274829
RSA-3072,verify,533,0.274848
RSA-3072,verify,534,0.274885
RSA-3072,verify,535,0.274849
RSA-3072,verify,536,0.274867
RSA-3072,verify,537,0.274867
RSA-3072,verify,538,0.281534
RSA-3072,verify,539,0.275311
RSA-3072,verify,540,0.274866
RSA-3072,verify,541,0.274886
RSA-3072,verify,542,0.274793
RSA-3072,verify,543,0.274885
RSA-3072,verify,544,0.274756
RSA-3072,verify,545,0.274792
RSA-3072,verify,546,0.274866
RSA-3072,verify,547,0.274886
RSA-3072,verify,548,0.275089
RSA-3072,verify,549,0.274848
RSA-3072,verify,550,0.274792
RSA-3072,verify,551,0.274885
RSA-3072,verify,552,0.282385
RSA-3072,verify,553,0.275293
RSA-3072,verify,554,0.274867
RSA-3072,verify,555,0.274867
RSA-3072,verify,556,0.274830
RSA-3072,verify,557,0.274886
RSA-3072,verify,558,0.274811
RSA-3072,verify,559,0.274904
RSA-3072,verify,560,0.274866
RSA-3072,verify,561,0.274922
RSA-3072,verify,562,0.274774
RSA-3072,verify,563,0.274885
RSA-3072,verify,564,0.274867
RSA-3072,verify,565,0.275163
RSA-3072,verify,566,0.281552
RSA-3072,verify,567,0.275441
RSA-3072,verify,568,0.274793
RSA-3072,verify,569,0.274792
RSA-3072,verify,570,0.274774
RSA-3072,verify,571,0.274940
RSA-3072,verify,572,0.274793
RSA-3072,verify,573,0.275071
RSA-3072,verify,574,0.274830
RSA-3072,verify,575,0.274885
RSA-3072,verify,576,0.274829
RSA-3072,verify,577,0.274904
RSA-3072,verify,578,0.274849
RSA-3072,verify,579,0.274811
RSA-3072,verify,580,0.281515
RSA-3072,verify,581,0.275292
RSA-3072,verify,582,0.274849
RSA-3072,verify,583,0.274848
RSA-3072,verify,584,0.274793
RSA-3072,verify,585,0.274793
RSA-3072,verify,586,0.274830
RSA-3072,verify,587,0.274886
RSA-3072,verify,588,0.274867
RSA-3072,verify,589,0.274756
RSA-3072,verify,590,0.274756
RSA-3072,verify,591,0.274792
RSA-3072,verify,592,0.274830
RSA-3072,verify,593,0.274830
RSA-3072,verify,594,0.281441
RSA-3072,verify,595,0.275330
RSA-3072,verify,596,0.274830
RSA-3072,verify,597,0.274792
RSA-3072,verify,598,0.274775
RSA-3072,verify,599,0.274848
RSA-3072,verify,600,0.274922
RSA-3072,verify,601,0.274811
RSA-3072,verify,602,0.274849
RSA-3072,verify,603,0.274830
RSA-3072,verify,604,0.274829
RSA-3072,verify,605,0.274793
RSA-3072,verify,606,0.274866
RSA-3072,verify,607,0.274922
RSA-3072,verify,608,0.281552
RSA-3072,verify,609,0.275348
RSA-3072,verify,610,0.274867
RSA-3072,verify,611,0.274867
RSA-3072,verify,612,0.274904
RSA-3072,verify,613,0.274867
RSA-3072,verify,614,0.274811
RSA-3072,verify,615,0.274848
RSA-3072,verify,616,0.274849
RSA-3072,verify,617,0.274811
RSA-3072,verify,618,0.274792
RSA-3072,verify,619,0.274922
RSA-3072,verify,620,0.275108
RSA-3072,verify,621,0.274812
RSA-3072,verify,622,0.281478
RSA-3072,verify,623,0.275274
RSA-3072,verify,624,0.274756
RSA-3072,verify,625,0.274867
RSA-3072,verify,626,0.274829
RSA-3072,verify,627,0.274811
RSA-3072,verify,628,0.274811
RSA-3072,verify,629,0.274811
RSA-3072,verify,630,0.274756
RSA-3072,verify,631,0.274885
RSA-3072,verify,632,0.274849
RSA-3072,verify,633,0.274922
RSA-3072,verify,634,0.274811
RSA-3072,verify,635,0.274922
RSA-3072,verify,636,0.281515
RSA-3072,verify,637,0.275274
RSA-3072,verify,638,0.274737
RSA-3072,verify,639,0.274903
RSA-3072,verify,640,0.274867
RSA-3072,verify,641,0.274866
RSA-3072,verify,642,0.274867
RSA-3072,verify,643,0.274923
RSA-3072,verify,644,0.274792
RSA-3072,verify,645,0.274867
RSA-3072,verify,646,0.274756
RSA-3072,verify,647,0.274867
RSA-3072,verify,648,0.274811
RSA-3072,verify,649,0.274904
RSA-3072,verify,650,0.282478
RSA-3072,verify,651,0.275311
RSA-3072,verify,652,0.274830
RSA-3072,verify,653,0.274756
RSA-3072,verify,654,0.274812
RSA-3072,verify,655,0.274885
RSA-3072,verify,656,0.274848
RSA-3072,verify,657,0.274848
RSA-3072,verify,658,0.274793
RSA-3072,verify,659,0.274978
RSA-3072,verify,660,0.274830
RSA-3072,verify,661,0.274885
RSA-3072,verify,662,0.274867
RSA-3072,verify,663,0.274941
RSA-3072,verify,664,0.274830
RSA-3072,verify,665,0.281607
RSA-3072,verify,666,0.275237
RSA-3072,verify,667,0.275163
RSA-3072,verify,668,0.274830
RSA-3072,verify,669,0.274848
RSA-3072,verify,670,0.274774
RSA-3072,verify,671,0.274849
RSA-3072,verify,672,0.274829
RSA-3072,verify,673,0.274867
RSA-3072,verify,674,0.274848
RSA-3072,verify,675,0.274848
RSA-3072,verify,676,0.274867
RSA-3072,verify,677,0.274849
RSA-3072,verify,678,0.274811
RSA-3072,verify,679,0.281682
RSA-3072,verify,680,0.275329
RSA-3072,verify,681,0.274811
RSA-3072,verify,682,0.274848
RSA-3072,verify,683,0.274978
RSA-3072,verify,684,0.274904
RSA-3072,verify,685,0.274811
RSA-3072,verify,686,0.274830
RSA-3072,verify,687,0.275182
RSA-3072,verify,688,0.274811
RSA-3072,verify,689,0.274849
RSA-3072,verify,690,0.274811
RSA-3072,verify,691,0.274886
RSA-3072,verify,692,0.275182
RSA-3072,verify,693,0.281608
RSA-3072,verify,694,0.275274
RSA-3072,verify,695,0.274885
RSA-3072,verify,696,0.274848
RSA-3072,verify,697,0.274793
RSA-3072,verify,698,0.274793
RSA-3072,verify,699,0.274849
RSA-3072,verify,700,0.274867
RSA-3072,verify,701,0.274812
RSA-3072,verify,702,0.274849
RSA-3072,verify,703,0.274829
RSA-3072,verify,704,0.274849
RSA-3072,verify,705,0.274829
RSA-3072,verify,706,0.274793
RSA-3072,verify,707,0.281570
RSA-3072,verify,708,0.275386
RSA-3072,verify,709,0.274811
RSA-3072,verify,710,0.274848
RSA-3072,verify,711,0.274885
RSA-3072,verify,712,0.275126
RSA-3072,verify,713,0.274848
RSA-3072,verify,714,0.274756
RSA-3072,verify,715,0.274904
RSA-3072,verify,716,0.274848
RSA-3072,verify,717,0.274792
RSA-3072,verify,718,0.274793
RSA-3072,verify,719,0.274904
RSA-3072,verify,720,0.274811
RSA-3072,verify,721,0.281552
RSA-3072,verify,722,0.275292
RSA-3072,verify,723,0.274866
RSA-3072,verify,724,0.274774
RSA-3072,verify,725,0.274848
RSA-3072,verify,726,0.274829
RSA-3072,verify,727,0.274830
RSA-3072,verify,728,0.274812
RSA-3072,verify,729,0.274885
RSA-3072,verify,730,0.274830
RSA-3072,verify,731,0.274922
RSA-3072,verify,732,0.274848
RSA-3072,verify,733,0.274867
RSA-3072,verify,734,0.274793
RSA-3072,verify,735,0.282589
RSA-3072,verify,736,0.275292
RSA-3072,verify,737,0.274848
RSA-3072,verify,738,0.274811
RSA-3072,verify,739,0.274867
RSA-3072,verify,740,0.274811
RSA-3072,verify,741,0.274867
RSA-3072,verify,742,0.274830
RSA-3072,verify,743,0.274941
RSA-3072,verify,744,0.274885
RSA-3072,verify,745,0.274849
RSA-3072,verify,746,0.274829
RSA-3072,verify,747,0.275200
RSA-3072,verify,748,0.274830
RSA-3072,verify,749,0.281515
RSA-3072,verify,750,0.275200
RSA-3072,verify,751,0.274793
RSA-3072,verify,752,0.274886
RSA-3072,verify,753,0.274904
RSA-3072,verify,754,0.274812
RSA-3072,verify,755,0.274904
RSA-3072,verify,756,0.274866
RSA-3072,verify,757,0.274811
RSA-3072,verify,758,0.274867
RSA-3072,verify,759,0.274960
RSA-3072,verify,760,0.274829
RSA-3072,verify,761,0.274867
RSA-3072,verify,762,0.274830
RSA-3072,verify,763,0.281552
RSA-3072,verify,764,0.275311
RSA-3072,verify,765,0.274922
RSA-3072,verify,766,0.274811
RSA-3072,verify,767,0.274867
RSA-3072,verify,768,0.274904
RSA-3072,verify,769,0.274848
RSA-3072,verify,770,0.274811
RSA-3072,verify,771,0.274940
RSA-3072,verify,772,0.274849
RSA-3072,verify,773,0.274829
RSA-3072,verify,774,0.274812
RSA-3072,verify,775,0.274848
RSA-3072,verify,776,0.274792
RSA-3072,verify,777,0.281478
RSA-3072,verify,778,0.275292
RSA-3072,verify,779,0.274885
RSA-3072,verify,780,0.274848
RSA-3072,verify,781,0.275108
RSA-3072,verify,782,0.274867
RSA-3072,verify,783,0.274940
RSA-3072,verify,784,0.274867
RSA-3072,verify,785,0.274886
RSA-3072,verify,786,0.274811
RSA-3072,verify,787,0.274904
RSA-3072,verify,788,0.274867
RSA-3072,verify,789,0.274793
RSA-3072,verify,790,0.274829
RSA-3072,verify,791,0.274885
RSA-3072,verify,792,0.275792
RSA-3072,verify,793,0.274885
RSA-3072,verify,794,0.275089
RSA-3072,verify,795,0.275219
RSA-3072,verify,796,0.274793
RSA-3072,verify,797,0.274829
RSA-3072,verify,798,0.274904
RSA-3072,verify,799,0.274922
RSA-3072,verify,800,0.274848
RSA-3072,verify,801,0.274830
RSA-3072,verify,802,0.274830
RSA-3072,verify,803,0.274922
RSA-3072,verify,804,0.274774
RSA-3072,verify,805,0.274848
RSA-3072,verify,806,0.281422
RSA-3072,verify,807,0.275292
RSA-3072,verify,808,0.274885
RSA-3072,verify,809,0.274811
RSA-3072,verify,810,0.274793
RSA-3072,verify,811,0.275200
RSA-3072,verify,812,0.274848
RSA-3072,verify,813,0.274830
RSA-3072,verify,814,0.274774
RSA-3072,verify,815,0.274829
RSA-3072,verify,816,0.274793
RSA-3072,verify,817,0.274867
RSA-3072,verify,818,0.274867
RSA-3072,verify,819,0.274848
RSA-3072,verify,820,0.281477
RSA-3072,verify,821,0.275218
RSA-3072,verify,822,0.274941
RSA-3072,verify,823,0.274867
RSA-3072,verify,824,0.274867
RSA-3072,verify,825,0.274775
RSA-3072,verify,826,0.274848
RSA-3072,verify,827,0.274922
RSA-3072,verify,828,0.274774
RSA-3072,verify,829,0.274830
RSA-3072,verify,830,0.274866
RSA-3072,verify,831,0.274941
RSA-3072,verify,832,0.274829
RSA-3072,verify,833,0.274848
RSA-3072,verify,834,0.281533
RSA-3072,verify,835,0.275367
RSA-3072,verify,836,0.274811
RSA-3072,verify,837,0.274904
RSA-3072,verify,838,0.274848
RSA-3072,verify,839,0.274886
RSA-3072,verify,840,0.274774
RSA-3072,verify,841,0.274886
RSA-3072,verify,842,0.274811
RSA-3072,verify,843,0.274867
RSA-3072,verify,844,0.274848
RSA-3072,verify,845,0.274848
RSA-3072,verify,846,0.274885
RSA-3072,verify,847,0.274941
RSA-3072,verify,848,0.284348
RSA-3072,verify,849,0.275459
RSA-3072,verify,850,0.274737
RSA-3072,verify,851,0.274904
RSA-3072,verify,852,0.274849
RSA-3072,verify,853,0.274848
RSA-3072,verify,854,0.274886
RSA-3072,verify,855,0.274904
RSA-3072,verify,856,0.274867
RSA-3072,verify,857,0.274793
RSA-3072,verify,858,0.275089
RSA-3072,verify,859,0.274904
RSA-3072,verify,860,0.274885
RSA-3072,verify,861,0.274811
RSA-3072,verify,862,0.281663
RSA-3072,verify,863,0.275422
RSA-3072,verify,864,0.274960
RSA-3072,verify,865,0.274886
RSA-3072,verify,866,0.274922
RSA-3072,verify,867,0.274830
RSA-3072,verify,868,0.274774
RSA-3072,verify,869,0.274811
RSA-3072,verify,870,0.274811
RSA-3072,verify,871,0.274904
RSA-3072,verify,872,0.274774
RSA-3072,verify,873,0.274829
RSA-3072,verify,874,0.274848
RSA-3072,verify,875,0.274886
RSA-3072,verify,876,0.281496
RSA-3072,verify,877,0.275348
RSA-3072,verify,878,0.275108
RSA-3072,verify,879,0.274885
RSA-3072,verify,880,0.275163
RSA-3072,verify,881,0.274848
RSA-3072,verify,882,0.274811
RSA-3072,verify,883,0.274886
RSA-3072,verify,884,0.274904
RSA-3072,verify,885,0.274812
RSA-3072,verify,886,0.274867
RSA-3072,verify,887,0.274904
RSA-3072,verify,888,0.274885
RSA-3072,verify,889,0.274867
RSA-3072,verify,890,0.282367
RSA-3072,verify,891,0.275386
RSA-3072,verify,892,0.275126
RSA-3072,verify,893,0.274866
RSA-3072,verify,894,0.274904
RSA-3072,verify,895,0.275163
RSA-3072,verify,896,0.274885
RSA-3072,verify,897,0.274885
RSA-3072,verify,898,0.274885
RSA-3072,verify,899,0.274885
RSA-3072,verify,900,0.274793
RSA-3072,verify,901,0.274848
RSA-3072,verify,902,0.274867
RSA-3072,verify,903,0.275218
RSA-3072,verify,904,0.281922
RSA-3072,verify,905,0.275330
RSA-3072,verify,906,0.274829
RSA-3072,verify,907,0.275182
RSA-3072,verify,908,0.274849
RSA-3072,verify,909,0.274774
RSA-3072,verify,910,0.274811
RSA-3072,verify,911,0.274959
RSA-3072,verify,912,0.274793
RSA-3072,verify,913,0.274830
RSA-3072,verify,914,0.274867
RSA-3072,verify,915,0.274885
RSA-3072,verify,916,0.274830
RSA-3072,verify,917,0.275163
RSA-3072,verify,918,0.282089
RSA-3072,verify,919,0.275496
RSA-3072,verify,920,0.274755
RSA-3072,verify,921,0.274830
RSA-3072,verify,922,0.274830
RSA-3072,verify,923,0.274922
RSA-3072,verify,924,0.274774
RSA-3072,verify,925,0.274867
RSA-3072,verify,926,0.274756
RSA-3072,verify,927,0.275145
RSA-3072,verify,928,0.274867
RSA-3072,verify,929,0.274793
RSA-3072,verify,930,0.274830
RSA-3072,verify,931,0.274941
RSA-3072,verify,932,0.274830
RSA-3072,verify,933,0.281477
RSA-3072,verify,934,0.275311
RSA-3072,verify,935,0.274885
RSA-3072,verify,936,0.274903
RSA-3072,verify,937,0.274904
RSA-3072,verify,938,0.274867
RSA-3072,verify,939,0.274904
RSA-3072,verify,940,0.274866
RSA-3072,verify,941,0.274793
RSA-3072,verify,942,0.274867
RSA-3072,verify,943,0.274904
RSA-3072,verify,944,0.274811
RSA-3072,verify,945,0.274811
RSA-3072,verify,946,0.275145
RSA-3072,verify,947,0.281570
RSA-3072,verify,948,0.275275
RSA-3072,verify,949,0.274867
RSA-3072,verify,950,0.274848
RSA-3072,verify,951,0.274866
RSA-3072,verify,952,0.274923
RSA-3072,verify,953,0.275089
RSA-3072,verify,954,0.274903
RSA-3072,verify,955,0.274904
RSA-3072,verify,956,0.274812
RSA-3072,verify,957,0.275182
RSA-3072,verify,958,0.274792
RSA-3072,verify,959,0.274867
RSA-3072,verify,960,0.274812
RSA-3072,verify,961,0.281515
RSA-3072,verify,962,0.275385
RSA-3072,verify,963,0.274885
RSA-3072,verify,964,0.274737
RSA-3072,verify,965,0.274811
RSA-3072,verify,966,0.274811
RSA-3072,verify,967,0.274848
RSA-3072,verify,968,0.274812
RSA-3072,verify,969,0.274885
RSA-3072,verify,970,0.274885
RSA-3072,verify,971,0.274885
RSA-3072,verify,972,0.274885
RSA-3072,verify,973,0.274811
RSA-3072,verify,974,0.274812
RSA-3072,verify,975,0.281477
RSA-3072,verify,976,0.275330
RSA-3072,verify,977,0.274904
RSA-3072,verify,978,0.274756
RSA-3072,verify,979,0.274866
RSA-3072,verify,980,0.274867
RSA-3072,verify,981,0.274885
RSA-3072,verify,982,0.274830
RSA-3072,verify,983,0.274867
RSA-3072,verify,984,0.274848
RSA-3072,verify,985,0.274811
RSA-3072,verify,986,0.274885
RSA-3072,verify,987,0.275163
RSA-3072,verify,988,0.274793
RSA-3072,verify,989,0.281459
RSA-3072,verify,990,0.275385
RSA-3072,verify,991,0.274867
RSA-3072,verify,992,0.274848
RSA-3072,verify,993,0.274848
RSA-3072,verify,994,0.274774
RSA-3072,verify,995,0.274941
RSA-3072,verify,996,0.274867
RSA-3072,verify,997,0.274885
RSA-3072,verify,998,0.275349
RSA-3072,verify,999,0.274885
ECDSA-P256,keygen,0,0.113480
ECDSA-P256,keygen,1,0.078295
ECDSA-P256,keygen,2,0.075092
ECDSA-P256,keygen,3,0.074962
ECDSA-P256,keygen,4,0.074443
ECDSA-P256,keygen,5,0.075036
ECDSA-P256,keygen,6,0.074499
ECDSA-P256,keygen,7,0.074610
ECDSA-P256,keygen,8,0.074499
ECDSA-P256,keygen,9,0.074480
ECDSA-P256,keygen,10,0.074351
ECDSA-P256,keygen,11,0.074554
ECDSA-P256,keygen,12,0.074722
ECDSA-P256,keygen,13,0.074481
ECDSA-P256,keygen,14,0.074443
ECDSA-P256,keygen,15,0.074628
ECDSA-P256,keygen,16,0.074703
ECDSA-P256,keygen,17,0.074351
ECDSA-P256,keygen,18,0.074592
ECDSA-P256,keygen,19,0.074647
ECDSA-P256,keygen,20,0.074499
ECDSA-P256,keygen,21,0.074592
ECDSA-P256,keygen,22,0.074351
ECDSA-P256,keygen,23,0.074592
ECDSA-P256,keygen,24,0.074518
ECDSA-P256,keygen,25,0.074888
ECDSA-P256,keygen,26,0.074647
ECDSA-P256,keygen,27,0.074425
ECDSA-P256,keygen,28,0.074536
ECDSA-P256,keygen,29,0.074406
ECDSA-P256,keygen,30,0.074628
ECDSA-P256,keygen,31,0.074370
ECDSA-P256,keygen,32,0.074240
ECDSA-P256,keygen,33,0.074554
ECDSA-P256,keygen,34,0.074740
ECDSA-P256,keygen,35,0.074499
ECDSA-P256,keygen,36,0.074388
ECDSA-P256,keygen,37,0.074239
ECDSA-P256,keygen,38,0.074517
ECDSA-P256,keygen,39,0.074313
ECDSA-P256,keygen,40,0.074406
ECDSA-P256,keygen,41,0.074351
ECDSA-P256,keygen,42,0.074610
ECDSA-P256,keygen,43,0.096776
ECDSA-P256,keygen,44,0.074888
ECDSA-P256,keygen,45,0.074444
ECDSA-P256,keygen,46,0.074388
ECDSA-P256,keygen,47,0.074573
ECDSA-P256,keygen,48,0.074499
ECDSA-P256,keygen,49,0.074407
ECDSA-P256,keygen,50,0.074406
ECDSA-P256,keygen,51,0.074370
ECDSA-P256,keygen,52,0.074555
ECDSA-P256,keygen,53,0.074296
ECDSA-P256,keygen,54,0.074647
ECDSA-P256,keygen,55,0.074240
ECDSA-P256,keygen,56,0.074517
ECDSA-P256,keygen,57,0.074387
ECDSA-P256,keygen,58,0.074406
ECDSA-P256,keygen,59,0.074629
ECDSA-P256,keygen,60,0.074591
ECDSA-P256,keygen,61,0.074425
ECDSA-P256,keygen,62,0.074370
ECDSA-P256,keygen,63,0.074370
ECDSA-P256,keygen,64,0.074666
ECDSA-P256,keygen,65,0.074462
ECDSA-P256,keygen,66,0.074499
ECDSA-P256,keygen,67,0.074499
ECDSA-P256,keygen,68,0.074481
ECDSA-P256,keygen,69,0.074591
ECDSA-P256,keygen,70,0.074648
ECDSA-P256,keygen,71,0.074351
ECDSA-P256,keygen,72,0.074425
ECDSA-P256,keygen,73,0.075462
ECDSA-P256,keygen,74,0.077888
ECDSA-P256,keygen,75,0.075573
ECDSA-P256,keygen,76,0.074610
ECDSA-P256,keygen,77,0.074387
ECDSA-P256,keygen,78,0.074610
ECDSA-P256,keygen,79,0.074573
ECDSA-P256,keygen,80,0.074684
ECDSA-P256,keygen,81,0.074611
ECDSA-P256,keygen,82,0.074351
ECDSA-P256,keygen,83,0.074295
ECDSA-P256,keygen,84,0.074351
ECDSA-P256,keygen,85,0.074314
ECDSA-P256,keygen,86,0.074425
ECDSA-P256,keygen,87,0.074462
ECDSA-P256,keygen,88,0.074388
ECDSA-P256,keygen,89,0.074221
ECDSA-P256,keygen,90,0.074629
ECDSA-P256,keygen,91,0.078369
ECDSA-P256,keygen,92,0.074462
ECDSA-P256,keygen,93,0.074554
ECDSA-P256,keygen,94,0.074480
ECDSA-P256,keygen,95,0.074611
ECDSA-P256,keygen,96,0.074222
ECDSA-P256,keygen,97,0.074628
ECDSA-P256,keygen,98,0.074443
ECDSA-P256,keygen,99,0.074481
ECDSA-P256,keygen,100,0.074536
ECDSA-P256,keygen,101,0.074333
ECDSA-P256,keygen,102,0.074369
ECDSA-P256,keygen,103,0.074647
ECDSA-P256,keygen,104,0.074518
ECDSA-P256,keygen,105,0.074499
ECDSA-P256,keygen,106,0.074555
ECDSA-P256,keygen,107,0.074425
ECDSA-P256,keygen,108,0.074443
ECDSA-P256,keygen,109,0.074721
ECDSA-P256,keygen,110,0.074406
ECDSA-P256,keygen,111,0.074314
ECDSA-P256,keygen,112,0.074407
ECDSA-P256,keygen,113,0.074332
ECDSA-P256,keygen,114,0.074554
ECDSA-P256,keygen,115,0.074480
ECDSA-P256,keygen,116,0.074536
ECDSA-P256,keygen,117,0.074481
ECDSA-P256,keygen,118,0.074443
ECDSA-P256,keygen,119,0.074314
ECDSA-P256,keygen,120,0.074203
ECDSA-P256,keygen,121,0.074369
ECDSA-P256,keygen,122,0.074388
ECDSA-P256,keygen,123,0.074239
ECDSA-P256,keygen,124,0.074388
ECDSA-P256,keygen,125,0.074351
ECDSA-P256,keygen,126,0.074462
ECDSA-P256,keygen,127,0.074740
ECDSA-P256,keygen,128,0.074351
ECDSA-P256,keygen,129,0.074425
ECDSA-P256,keygen,130,0.074462
ECDSA-P256,keygen,131,0.074295
ECDSA-P256,keygen,132,0.074628
ECDSA-P256,keygen,133,0.074277
ECDSA-P256,keygen,134,0.074536
ECDSA-P256,keygen,135,0.074333
ECDSA-P256,keygen,136,0.074443
ECDSA-P256,keygen,137,0.074425
ECDSA-P256,keygen,138,0.074443
ECDSA-P256,keygen,139,0.076739
ECDSA-P256,keygen,140,0.074573
ECDSA-P256,keygen,141,0.074536
ECDSA-P256,keygen,142,0.074424
ECDSA-P256,keygen,143,0.074573
ECDSA-P256,keygen,144,0.074462
ECDSA-P256,keygen,145,0.074406
ECDSA-P256,keygen,146,0.074444
ECDSA-P256,keygen,147,0.074554
ECDSA-P256,keygen,148,0.074351
ECDSA-P256,keygen,149,0.074499
ECDSA-P256,keygen,150,0.074462
ECDSA-P256,keygen,151,0.074202
ECDSA-P256,keygen,152,0.074573
ECDSA-P256,keygen,153,0.074369
ECDSA-P256,keygen,154,0.074462
ECDSA-P256,keygen,155,0.074499
ECDSA-P256,keygen,156,0.074443
ECDSA-P256,keygen,157,0.074536
ECDSA-P256,keygen,158,0.074610
ECDSA-P256,keygen,159,0.074444
ECDSA-P256,keygen,160,0.074351
ECDSA-P256,keygen,161,0.074462
ECDSA-P256,keygen,162,0.074555
ECDSA-P256,keygen,163,0.074499
ECDSA-P256,keygen,164,0.074591
ECDSA-P256,keygen,165,0.074554
ECDSA-P256,keygen,166,0.074388
ECDSA-P256,keygen,167,0.074796
ECDSA-P256,keygen,168,0.074462
ECDSA-P256,keygen,169,0.074462
ECDSA-P256,keygen,170,0.074592
ECDSA-P256,keygen,171,0.074573
ECDSA-P256,keygen,172,0.074481
ECDSA-P256,keygen,173,0.074185
ECDSA-P256,keygen,174,0.074444
ECDSA-P256,keygen,175,0.074537
ECDSA-P256,keygen,176,0.074573
ECDSA-P256,keygen,177,0.074481
ECDSA-P256,keygen,178,0.074276
ECDSA-P256,keygen,179,0.074351
ECDSA-P256,keygen,180,0.074443
ECDSA-P256,keygen,181,0.074518
ECDSA-P256,keygen,182,0.074425
ECDSA-P256,keygen,183,0.074444
ECDSA-P256,keygen,184,0.074573
ECDSA-P256,keygen,185,0.074314
ECDSA-P256,keygen,186,0.074277
ECDSA-P256,keygen,187,0.083054
ECDSA-P256,keygen,188,0.074776
ECDSA-P256,keygen,189,0.074444
ECDSA-P256,keygen,190,0.074406
ECDSA-P256,keygen,191,0.074462
ECDSA-P256,keygen,192,0.074536
ECDSA-P256,keygen,193,0.074239
ECDSA-P256,keygen,194,0.074702
ECDSA-P256,keygen,195,0.074685
ECDSA-P256,keygen,196,0.074907
ECDSA-P256,keygen,197,0.074573
ECDSA-P256,keygen,198,0.074536
ECDSA-P256,keygen,199,0.074684
ECDSA-P256,keygen,200,0.074628
ECDSA-P256,keygen,201,0.074481
ECDSA-P256,keygen,202,0.074499
ECDSA-P256,keygen,203,0.074332
ECDSA-P256,keygen,204,0.074481
ECDSA-P256,keygen,205,0.074740
ECDSA-P256,keygen,206,0.074295
ECDSA-P256,keygen,207,0.074517
ECDSA-P256,keygen,208,0.074332
ECDSA-P256,keygen,209,0.074536
ECDSA-P256,keygen,210,0.074444
ECDSA-P256,keygen,211,0.074481
ECDSA-P256,keygen,212,0.074518
ECDSA-P256,keygen,213,0.074425
ECDSA-P256,keygen,214,0.074721
ECDSA-P256,keygen,215,0.074351
ECDSA-P256,keygen,216,0.074462
ECDSA-P256,keygen,217,0.074555
ECDSA-P256,keygen,218,0.074611
ECDSA-P256,keygen,219,0.074851
ECDSA-P256,keygen,220,0.074554
ECDSA-P256,keygen,221,0.074462
ECDSA-P256,keygen,222,0.074591
ECDSA-P256,keygen,223,0.074499
ECDSA-P256,keygen,224,0.074518
ECDSA-P256,keygen,225,0.074222
ECDSA-P256,keygen,226,0.074517
ECDSA-P256,keygen,227,0.074517
ECDSA-P256,keygen,228,0.074591
ECDSA-P256,keygen,229,0.074407
ECDSA-P256,keygen,230,0.074314
ECDSA-P256,keygen,231,0.074592
ECDSA-P256,keygen,232,0.074277
ECDSA-P256,keygen,233,0.074537
ECDSA-P256,keygen,234,0.074591
ECDSA-P256,keygen,235,0.084147
ECDSA-P256,keygen,236,0.074592
ECDSA-P256,keygen,237,0.074481
ECDSA-P256,keygen,238,0.074536
ECDSA-P256,keygen,239,0.074147
ECDSA-P256,keygen,240,0.074555
ECDSA-P256,keygen,241,0.074499
ECDSA-P256,keygen,242,0.074480
ECDSA-P256,keygen,243,0.074407
ECDSA-P256,keygen,244,0.074740
ECDSA-P256,keygen,245,0.074314
ECDSA-P256,keygen,246,0.074480
ECDSA-P256,keygen,247,0.074388
ECDSA-P256,keygen,248,0.074425
ECDSA-P256,keygen,249,0.074684
ECDSA-P256,keygen,250,0.074555
ECDSA-P256,keygen,251,0.074517
ECDSA-P256,keygen,252,0.074499
ECDSA-P256,keygen,253,0.074536
ECDSA-P256,keygen,254,0.074574
ECDSA-P256,keygen,255,0.074685
ECDSA-P256,keygen,256,0.074610
ECDSA-P256,keygen,257,0.074351
ECDSA-P256,keygen,258,0.074425
ECDSA-P256,keygen,259,0.074591
ECDSA-P256,keygen,260,0.074518
ECDSA-P256,keygen,261,0.074555
ECDSA-P256,keygen,262,0.074629
ECDSA-P256,keygen,263,0.074388
ECDSA-P256,keygen,264,0.074407
ECDSA-P256,keygen,265,0.074518
ECDSA-P256,keygen,266,0.074407
ECDSA-P256,keygen,267,0.074425
ECDSA-P256,keygen,268,0.074351
ECDSA-P256,keygen,269,0.074629
ECDSA-P256,keygen,270,0.074351
ECDSA-P256,keygen,271,0.074425
ECDSA-P256,keygen,272,0.074073
ECDSA-P256,keygen,273,0.074776
ECDSA-P256,keygen,274,0.074499
ECDSA-P256,keygen,275,0.074481
ECDSA-P256,keygen,276,0.074221
ECDSA-P256,keygen,277,0.074536
ECDSA-P256,keygen,278,0.074610
ECDSA-P256,keygen,279,0.074629
ECDSA-P256,keygen,280,0.074369
ECDSA-P256,keygen,281,0.074425
ECDSA-P256,keygen,282,0.074591
ECDSA-P256,keygen,283,0.085351
ECDSA-P256,keygen,284,0.076666
ECDSA-P256,keygen,285,0.077351
ECDSA-P256,keygen,286,0.077944
ECDSA-P256,keygen,287,0.078647
ECDSA-P256,keygen,288,0.076740
ECDSA-P256,keygen,289,0.075443
ECDSA-P256,keygen,290,0.076555
ECDSA-P256,keygen,291,0.077555
ECDSA-P256,keygen,292,0.077073
ECDSA-P256,keygen,293,0.074610
ECDSA-P256,keygen,294,0.074851
ECDSA-P256,keygen,295,0.075018
ECDSA-P256,keygen,296,0.076369
ECDSA-P256,keygen,297,0.076333
ECDSA-P256,keygen,298,0.078554
ECDSA-P256,keygen,299,0.075666
ECDSA-P256,keygen,300,0.074555
ECDSA-P256,keygen,301,0.075054
ECDSA-P256,keygen,302,0.075258
ECDSA-P256,keygen,303,0.076091
ECDSA-P256,keygen,304,0.076351
ECDSA-P256,keygen,305,0.074555
ECDSA-P256,keygen,306,0.074665
ECDSA-P256,keygen,307,0.074776
ECDSA-P256,keygen,308,0.074499
ECDSA-P256,keygen,309,0.074554
ECDSA-P256,keygen,310,0.074610
ECDSA-P256,keygen,311,0.074388
ECDSA-P256,keygen,312,0.074629
ECDSA-P256,keygen,313,0.074591
ECDSA-P256,keygen,314,0.074685
ECDSA-P256,keygen,315,0.074443
ECDSA-P256,keygen,316,0.074536
ECDSA-P256,keygen,317,0.074518
ECDSA-P256,keygen,318,0.074536
ECDSA-P256,keygen,319,0.074406
ECDSA-P256,keygen,320,0.074517
ECDSA-P256,keygen,321,0.074499
ECDSA-P256,keygen,322,0.074462
ECDSA-P256,keygen,323,0.074629
ECDSA-P256,keygen,324,0.074648
ECDSA-P256,keygen,325,0.074388
ECDSA-P256,keygen,326,0.074444
ECDSA-P256,keygen,327,0.074795
ECDSA-P256,keygen,328,0.074314
ECDSA-P256,keygen,329,0.074592
ECDSA-P256,keygen,330,0.092443
ECDSA-P256,keygen,331,0.077351
ECDSA-P256,keygen,332,0.074722
ECDSA-P256,keygen,333,0.074406
ECDSA-P256,keygen,334,0.074369
ECDSA-P256,keygen,335,0.074647
ECDSA-P256,keygen,336,0.074296
ECDSA-P256,keygen,337,0.074517
ECDSA-P256,keygen,338,0.074499
ECDSA-P256,keygen,339,0.074407
ECDSA-P256,keygen,340,0.074444
ECDSA-P256,keygen,341,0.074333
ECDSA-P256,keygen,342,0.074722
ECDSA-P256,keygen,343,0.074629
ECDSA-P256,keygen,344,0.074536
ECDSA-P256,keygen,345,0.074517
ECDSA-P256,keygen,346,0.074536
ECDSA-P256,keygen,347,0.074462
ECDSA-P256,keygen,348,0.074536
ECDSA-P256,keygen,349,0.074351
ECDSA-P256,keygen,350,0.074610
ECDSA-P256,keygen,351,0.074388
ECDSA-P256,keygen,352,0.074592
ECDSA-P256,keygen,353,0.074536
ECDSA-P256,keygen,354,0.074407
ECDSA-P256,keygen,355,0.074537
ECDSA-P256,keygen,356,0.074388
ECDSA-P256,keygen,357,0.074796
ECDSA-P256,keygen,358,0.074424
ECDSA-P256,keygen,359,0.074499
ECDSA-P256,keygen,360,0.074499
ECDSA-P256,keygen,361,0.074703
ECDSA-P256,keygen,362,0.074573
ECDSA-P256,keygen,363,0.074518
ECDSA-P256,keygen,364,0.074666
ECDSA-P256,keygen,365,0.074666
ECDSA-P256,keygen,366,0.074314
ECDSA-P256,keygen,367,0.074573
ECDSA-P256,keygen,368,0.074629
ECDSA-P256,keygen,369,0.074443
ECDSA-P256,keygen,370,0.074443
ECDSA-P256,keygen,371,0.074554
ECDSA-P256,keygen,372,0.074684
ECDSA-P256,keygen,373,0.074277
ECDSA-P256,keygen,374,0.074296
ECDSA-P256,keygen,375,0.074610
ECDSA-P256,keygen,376,0.074666
ECDSA-P256,keygen,377,0.074499
ECDSA-P256,keygen,378,0.084296
ECDSA-P256,keygen,379,0.079536
ECDSA-P256,keygen,380,0.074832
ECDSA-P256,keygen,381,0.074721
ECDSA-P256,keygen,382,0.074425
ECDSA-P256,keygen,383,0.074480
ECDSA-P256,keygen,384,0.074369
ECDSA-P256,keygen,385,0.074425
ECDSA-P256,keygen,386,0.074499
ECDSA-P256,keygen,387,0.074573
ECDSA-P256,keygen,388,0.074647
ECDSA-P256,keygen,389,0.074462
ECDSA-P256,keygen,390,0.074517
ECDSA-P256,keygen,391,0.074314
ECDSA-P256,keygen,392,0.074648
ECDSA-P256,keygen,393,0.074499
ECDSA-P256,keygen,394,0.074517
ECDSA-P256,keygen,395,0.074758
ECDSA-P256,keygen,396,0.074517
ECDSA-P256,keygen,397,0.074387
ECDSA-P256,keygen,398,0.074499
ECDSA-P256,keygen,399,0.074573
ECDSA-P256,keygen,400,0.074369
ECDSA-P256,keygen,401,0.074517
ECDSA-P256,keygen,402,0.074499
ECDSA-P256,keygen,403,0.074722
ECDSA-P256,keygen,404,0.074499
ECDSA-P256,keygen,405,0.074518
ECDSA-P256,keygen,406,0.074611
ECDSA-P256,keygen,407,0.074481
ECDSA-P256,keygen,408,0.074443
ECDSA-P256,keygen,409,0.074388
ECDSA-P256,keygen,410,0.074481
ECDSA-P256,keygen,411,0.074666
ECDSA-P256,keygen,412,0.074406
ECDSA-P256,keygen,413,0.074517
ECDSA-P256,keygen,414,0.074443
ECDSA-P256,keygen,415,0.074314
ECDSA-P256,keygen,416,0.074425
ECDSA-P256,keygen,417,0.074480
ECDSA-P256,keygen,418,0.074407
ECDSA-P256,keygen,419,0.074554
ECDSA-P256,keygen,420,0.074499
ECDSA-P256,keygen,421,0.074350
ECDSA-P256,keygen,422,0.074388
ECDSA-P256,keygen,423,0.074443
ECDSA-P256,keygen,424,0.074425
ECDSA-P256,keygen,425,0.074332
ECDSA-P256,keygen,426,0.082314
ECDSA-P256,keygen,427,0.075388
ECDSA-P256,keygen,428,0.074611
ECDSA-P256,keygen,429,0.074481
ECDSA-P256,keygen,430,0.074425
ECDSA-P256,keygen,431,0.074333
ECDSA-P256,keygen,432,0.074443
ECDSA-P256,keygen,433,0.074222
ECDSA-P256,keygen,434,0.074480
ECDSA-P256,keygen,435,0.074425
ECDSA-P256,keygen,436,0.074443
ECDSA-P256,keygen,437,0.074388
ECDSA-P256,keygen,438,0.074499
ECDSA-P256,keygen,439,0.074499
ECDSA-P256,keygen,440,0.074536
ECDSA-P256,keygen,441,0.074424
ECDSA-P256,keygen,442,0.074425
ECDSA-P256,keygen,443,0.074425
ECDSA-P256,keygen,444,0.074518
ECDSA-P256,keygen,445,0.074240
ECDSA-P256,keygen,446,0.074555
ECDSA-P256,keygen,447,0.074499
ECDSA-P256,keygen,448,0.074555
ECDSA-P256,keygen,449,0.074332
ECDSA-P256,keygen,450,0.074721
ECDSA-P256,keygen,451,0.074165
ECDSA-P256,keygen,452,0.074444
ECDSA-P256,keygen,453,0.074536
ECDSA-P256,keygen,454,0.074499
ECDSA-P256,keygen,455,0.074425
ECDSA-P256,keygen,456,0.074480
ECDSA-P256,keygen,457,0.074537
ECDSA-P256,keygen,458,0.074629
ECDSA-P256,keygen,459,0.074536
ECDSA-P256,keygen,460,0.074536
ECDSA-P256,keygen,461,0.074314
ECDSA-P256,keygen,462,0.074332
ECDSA-P256,keygen,463,0.074443
ECDSA-P256,keygen,464,0.074387
ECDSA-P256,keygen,465,0.074555
ECDSA-P256,keygen,466,0.074518
ECDSA-P256,keygen,467,0.074351
ECDSA-P256,keygen,468,0.074554
ECDSA-P256,keygen,469,0.074684
ECDSA-P256,keygen,470,0.074313
ECDSA-P256,keygen,471,0.074666
ECDSA-P256,keygen,472,0.074370
ECDSA-P256,keygen,473,0.074425
ECDSA-P256,keygen,474,0.091499
ECDSA-P256,keygen,475,0.077332
ECDSA-P256,keygen,476,0.074869
ECDSA-P256,keygen,477,0.074980
ECDSA-P256,keygen,478,0.074980
ECDSA-P256,keygen,479,0.074999
ECDSA-P256,keygen,480,0.074814
ECDSA-P256,keygen,481,0.074610
ECDSA-P256,keygen,482,0.074685
ECDSA-P256,keygen,483,0.074684
ECDSA-P256,keygen,484,0.074980
ECDSA-P256,keygen,485,0.074703
ECDSA-P256,keygen,486,0.074795
ECDSA-P256,keygen,487,0.074777
ECDSA-P256,keygen,488,0.074776
ECDSA-P256,keygen,489,0.074814
ECDSA-P256,keygen,490,0.074536
ECDSA-P256,keygen,491,0.074666
ECDSA-P256,keygen,492,0.074777
ECDSA-P256,keygen,493,0.074702
ECDSA-P256,keygen,494,0.074703
ECDSA-P256,keygen,495,0.074814
ECDSA-P256,keygen,496,0.078461
ECDSA-P256,keygen,497,0.074721
ECDSA-P256,keygen,498,0.074851
ECDSA-P256,keygen,499,0.074647
ECDSA-P256,keygen,500,0.074703
ECDSA-P256,keygen,501,0.074795
ECDSA-P256,keygen,502,0.074721
ECDSA-P256,keygen,503,0.074666
ECDSA-P256,keygen,504,0.075036
ECDSA-P256,keygen,505,0.074869
ECDSA-P256,keygen,506,0.074832
ECDSA-P256,keygen,507,0.074832
ECDSA-P256,keygen,508,0.074851
ECDSA-P256,keygen,509,0.074851
ECDSA-P256,keygen,510,0.075110
ECDSA-P256,keygen,511,0.074703
ECDSA-P256,keygen,512,0.074703
ECDSA-P256,keygen,513,0.074870
ECDSA-P256,keygen,514,0.074610
ECDSA-P256,keygen,515,0.074925
ECDSA-P256,keygen,516,0.074685
ECDSA-P256,keygen,517,0.074703
ECDSA-P256,keygen,518,0.074721
ECDSA-P256,keygen,519,0.074925
ECDSA-P256,keygen,520,0.074647
ECDSA-P256,keygen,521,0.074777
ECDSA-P256,keygen,522,0.082981
ECDSA-P256,keygen,523,0.075758
ECDSA-P256,keygen,524,0.074944
ECDSA-P256,keygen,525,0.074925
ECDSA-P256,keygen,526,0.074851
ECDSA-P256,keygen,527,0.074925
ECDSA-P256,keygen,528,0.074833
ECDSA-P256,keygen,529,0.074758
ECDSA-P256,keygen,530,0.074721
ECDSA-P256,keygen,531,0.074907
ECDSA-P256,keygen,532,0.074999
ECDSA-P256,keygen,533,0.074592
ECDSA-P256,keygen,534,0.074591
ECDSA-P256,keygen,535,0.074518
ECDSA-P256,keygen,536,0.074740
ECDSA-P256,keygen,537,0.074648
ECDSA-P256,keygen,538,0.074648
ECDSA-P256,keygen,539,0.074833
ECDSA-P256,keygen,540,0.074888
ECDSA-P256,keygen,541,0.074796
ECDSA-P256,keygen,542,0.074591
ECDSA-P256,keygen,543,0.074610
ECDSA-P256,keygen,544,0.074739
ECDSA-P256,keygen,545,0.074851
ECDSA-P256,keygen,546,0.074758
ECDSA-P256,keygen,547,0.074647
ECDSA-P256,keygen,548,0.074703
ECDSA-P256,keygen,549,0.074906
ECDSA-P256,keygen,550,0.074536
ECDSA-P256,keygen,551,0.074666
ECDSA-P256,keygen,552,0.074647
ECDSA-P256,keygen,553,0.074647
ECDSA-P256,keygen,554,0.074684
ECDSA-P256,keygen,555,0.076036
ECDSA-P256,keygen,556,0.074629
ECDSA-P256,keygen,557,0.074721
ECDSA-P256,keygen,558,0.074573
ECDSA-P256,keygen,559,0.074647
ECDSA-P256,keygen,560,0.074888
ECDSA-P256,keygen,561,0.074758
ECDSA-P256,keygen,562,0.074592
ECDSA-P256,keygen,563,0.074702
ECDSA-P256,keygen,564,0.074814
ECDSA-P256,keygen,565,0.074851
ECDSA-P256,keygen,566,0.074758
ECDSA-P256,keygen,567,0.074944
ECDSA-P256,keygen,568,0.074795
ECDSA-P256,keygen,569,0.074869
ECDSA-P256,keygen,570,0.082406
ECDSA-P256,keygen,571,0.075591
ECDSA-P256,keygen,572,0.074795
ECDSA-P256,keygen,573,0.074665
ECDSA-P256,keygen,574,0.074499
ECDSA-P256,keygen,575,0.074647
ECDSA-P256,keygen,576,0.074536
ECDSA-P256,keygen,577,0.074833
ECDSA-P256,keygen,578,0.074759
ECDSA-P256,keygen,579,0.074777
ECDSA-P256,keygen,580,0.074907
ECDSA-P256,keygen,581,0.074795
ECDSA-P256,keygen,582,0.074870
ECDSA-P256,keygen,583,0.074777
ECDSA-P256,keygen,584,0.074554
ECDSA-P256,keygen,585,0.074758
ECDSA-P256,keygen,586,0.074740
ECDSA-P256,keygen,587,0.074906
ECDSA-P256,keygen,588,0.074629
ECDSA-P256,keygen,589,0.074776
ECDSA-P256,keygen,590,0.074666
ECDSA-P256,keygen,591,0.074666
ECDSA-P256,keygen,592,0.074648
ECDSA-P256,keygen,593,0.074610
ECDSA-P256,keygen,594,0.074628
ECDSA-P256,keygen,595,0.074554
ECDSA-P256,keygen,596,0.074666
ECDSA-P256,keygen,597,0.074851
ECDSA-P256,keygen,598,0.074722
ECDSA-P256,keygen,599,0.074906
ECDSA-P256,keygen,600,0.074795
ECDSA-P256,keygen,601,0.074832
ECDSA-P256,keygen,602,0.074684
ECDSA-P256,keygen,603,0.074684
ECDSA-P256,keygen,604,0.074739
ECDSA-P256,keygen,605,0.074666
ECDSA-P256,keygen,606,0.074740
ECDSA-P256,keygen,607,0.075073
ECDSA-P256,keygen,608,0.074777
ECDSA-P256,keygen,609,0.074925
ECDSA-P256,keygen,610,0.074740
ECDSA-P256,keygen,611,0.074684
ECDSA-P256,keygen,612,0.074740
ECDSA-P256,keygen,613,0.074739
ECDSA-P256,keygen,614,0.075518
ECDSA-P256,keygen,615,0.074833
ECDSA-P256,keygen,616,0.074739
ECDSA-P256,keygen,617,0.074925
ECDSA-P256,keygen,618,0.082517
ECDSA-P256,keygen,619,0.075573
ECDSA-P256,keygen,620,0.074943
ECDSA-P256,keygen,621,0.074499
ECDSA-P256,keygen,622,0.075055
ECDSA-P256,keygen,623,0.074851
ECDSA-P256,keygen,624,0.075036
ECDSA-P256,keygen,625,0.074647
ECDSA-P256,keygen,626,0.074980
ECDSA-P256,keygen,627,0.074925
ECDSA-P256,keygen,628,0.074721
ECDSA-P256,keygen,629,0.074814
ECDSA-P256,keygen,630,0.074906
ECDSA-P256,keygen,631,0.074740
ECDSA-P256,keygen,632,0.074758
ECDSA-P256,keygen,633,0.074980
ECDSA-P256,keygen,634,0.074906
ECDSA-P256,keygen,635,0.074851
ECDSA-P256,keygen,636,0.074777
ECDSA-P256,keygen,637,0.074703
ECDSA-P256,keygen,638,0.074666
ECDSA-P256,keygen,639,0.074573
ECDSA-P256,keygen,640,0.074925
ECDSA-P256,keygen,641,0.074592
ECDSA-P256,keygen,642,0.074907
ECDSA-P256,keygen,643,0.074573
ECDSA-P256,keygen,644,0.074555
ECDSA-P256,keygen,645,0.074813
ECDSA-P256,keygen,646,0.074888
ECDSA-P256,keygen,647,0.074758
ECDSA-P256,keygen,648,0.074721
ECDSA-P256,keygen,649,0.074925
ECDSA-P256,keygen,650,0.074647
ECDSA-P256,keygen,651,0.074906
ECDSA-P256,keygen,652,0.074629
ECDSA-P256,keygen,653,0.074721
ECDSA-P256,keygen,654,0.075148
ECDSA-P256,keygen,655,0.074703
ECDSA-P256,keygen,656,0.074666
ECDSA-P256,keygen,657,0.074795
ECDSA-P256,keygen,658,0.074684
ECDSA-P256,keygen,659,0.074851
ECDSA-P256,keygen,660,0.074870
ECDSA-P256,keygen,661,0.074758
ECDSA-P256,keygen,662,0.074758
ECDSA-P256,keygen,663,0.074628
ECDSA-P256,keygen,664,0.074573
ECDSA-P256,keygen,665,0.074795
ECDSA-P256,keygen,666,0.087999
ECDSA-P256,keygen,667,0.076166
ECDSA-P256,keygen,668,0.075018
ECDSA-P256,keygen,669,0.075036
ECDSA-P256,keygen,670,0.074740
ECDSA-P256,keygen,671,0.074665
ECDSA-P256,keygen,672,0.079387
ECDSA-P256,keygen,673,0.074536
ECDSA-P256,keygen,674,0.074684
ECDSA-P256,keygen,675,0.074869
ECDSA-P256,keygen,676,0.074610
ECDSA-P256,keygen,677,0.074665
ECDSA-P256,keygen,678,0.074666
ECDSA-P256,keygen,679,0.074444
ECDSA-P256,keygen,680,0.074518
ECDSA-P256,keygen,681,0.074888
ECDSA-P256,keygen,682,0.074962
ECDSA-P256,keygen,683,0.074832
ECDSA-P256,keygen,684,0.074592
ECDSA-P256,keygen,685,0.075240
ECDSA-P256,keygen,686,0.074759
ECDSA-P256,keygen,687,0.074703
ECDSA-P256,keygen,688,0.074869
ECDSA-P256,keygen,689,0.074777
ECDSA-P256,keygen,690,0.074943
ECDSA-P256,keygen,691,0.074981
ECDSA-P256,keygen,692,0.074611
ECDSA-P256,keygen,693,0.074648
ECDSA-P256,keygen,694,0.074759
ECDSA-P256,keygen,695,0.074944
ECDSA-P256,keygen,696,0.074610
ECDSA-P256,keygen,697,0.074648
ECDSA-P256,keygen,698,0.074962
ECDSA-P256,keygen,699,0.074758
ECDSA-P256,keygen,700,0.074554
ECDSA-P256,keygen,701,0.074537
ECDSA-P256,keygen,702,0.074684
ECDSA-P256,keygen,703,0.074796
ECDSA-P256,keygen,704,0.074851
ECDSA-P256,keygen,705,0.074703
ECDSA-P256,keygen,706,0.074776
ECDSA-P256,keygen,707,0.074647
ECDSA-P256,keygen,708,0.074666
ECDSA-P256,keygen,709,0.074758
ECDSA-P256,keygen,710,0.075017
ECDSA-P256,keygen,711,0.074832
ECDSA-P256,keygen,712,0.074869
ECDSA-P256,keygen,713,0.074943
ECDSA-P256,keygen,714,0.083740
ECDSA-P256,keygen,715,0.074888
ECDSA-P256,keygen,716,0.074740
ECDSA-P256,keygen,717,0.074981
ECDSA-P256,keygen,718,0.074906
ECDSA-P256,keygen,719,0.074795
ECDSA-P256,keygen,720,0.074721
ECDSA-P256,keygen,721,0.074777
ECDSA-P256,keygen,722,0.074574
ECDSA-P256,keygen,723,0.074721
ECDSA-P256,keygen,724,0.074758
ECDSA-P256,keygen,725,0.074813
ECDSA-P256,keygen,726,0.074795
ECDSA-P256,keygen,727,0.074758
ECDSA-P256,keygen,728,0.074758
ECDSA-P256,keygen,729,0.074591
ECDSA-P256,keygen,730,0.075184
ECDSA-P256,keygen,731,0.075480
ECDSA-P256,keygen,732,0.074684
ECDSA-P256,keygen,733,0.074665
ECDSA-P256,keygen,734,0.074814
ECDSA-P256,keygen,735,0.074591
ECDSA-P256,keygen,736,0.074592
ECDSA-P256,keygen,737,0.074925
ECDSA-P256,keygen,738,0.074703
ECDSA-P256,keygen,739,0.074888
ECDSA-P256,keygen,740,0.074813
ECDSA-P256,keygen,741,0.074777
ECDSA-P256,keygen,742,0.074685
ECDSA-P256,keygen,743,0.074813
ECDSA-P256,keygen,744,0.074833
ECDSA-P256,keygen,745,0.074610
ECDSA-P256,keygen,746,0.074851
ECDSA-P256,keygen,747,0.074517
ECDSA-P256,keygen,748,0.074943
ECDSA-P256,keygen,749,0.074555
ECDSA-P256,keygen,750,0.074629
ECDSA-P256,keygen,751,0.075017
ECDSA-P256,keygen,752,0.074703
ECDSA-P256,keygen,753,0.074944
ECDSA-P256,keygen,754,0.074573
ECDSA-P256,keygen,755,0.074758
ECDSA-P256,keygen,756,0.074647
ECDSA-P256,keygen,757,0.074703
ECDSA-P256,keygen,758,0.074685
ECDSA-P256,keygen,759,0.074648
ECDSA-P256,keygen,760,0.074629
ECDSA-P256,keygen,761,0.074721
ECDSA-P256,keygen,762,0.083647
ECDSA-P256,keygen,763,0.075017
ECDSA-P256,keygen,764,0.074943
ECDSA-P256,keygen,765,0.074591
ECDSA-P256,keygen,766,0.074740
ECDSA-P256,keygen,767,0.074648
ECDSA-P256,keygen,768,0.074758
ECDSA-P256,keygen,769,0.074665
ECDSA-P256,keygen,770,0.074777
ECDSA-P256,keygen,771,0.074869
ECDSA-P256,keygen,772,0.074629
ECDSA-P256,keygen,773,0.074629
ECDSA-P256,keygen,774,0.074665
ECDSA-P256,keygen,775,0.075073
ECDSA-P256,keygen,776,0.074666
ECDSA-P256,keygen,777,0.074814
ECDSA-P256,keygen,778,0.074758
ECDSA-P256,keygen,779,0.074721
ECDSA-P256,keygen,780,0.074943
ECDSA-P256,keygen,781,0.074629
ECDSA-P256,keygen,782,0.074795
ECDSA-P256,keygen,783,0.074776
ECDSA-P256,keygen,784,0.074703
ECDSA-P256,keygen,785,0.074888
ECDSA-P256,keygen,786,0.074684
ECDSA-P256,keygen,787,0.074610
ECDSA-P256,keygen,788,0.074758
ECDSA-P256,keygen,789,0.075221
ECDSA-P256,keygen,790,0.074740
ECDSA-P256,keygen,791,0.074795
ECDSA-P256,keygen,792,0.074962
ECDSA-P256,keygen,793,0.074555
ECDSA-P256,keygen,794,0.074610
ECDSA-P256,keygen,795,0.074925
ECDSA-P256,keygen,796,0.074795
ECDSA-P256,keygen,797,0.074795
ECDSA-P256,keygen,798,0.074647
ECDSA-P256,keygen,799,0.074925
ECDSA-P256,keygen,800,0.074814
ECDSA-P256,keygen,801,0.074962
ECDSA-P256,keygen,802,0.074537
ECDSA-P256,keygen,803,0.074777
ECDSA-P256,keygen,804,0.074758
ECDSA-P256,keygen,805,0.074610
ECDSA-P256,keygen,806,0.074739
ECDSA-P256,keygen,807,0.074870
ECDSA-P256,keygen,808,0.074759
ECDSA-P256,keygen,809,0.074628
ECDSA-P256,keygen,810,0.084258
ECDSA-P256,keygen,811,0.074981
ECDSA-P256,keygen,812,0.074648
ECDSA-P256,keygen,813,0.074870
ECDSA-P256,keygen,814,0.074962
ECDSA-P256,keygen,815,0.074795
ECDSA-P256,keygen,816,0.074777
ECDSA-P256,keygen,817,0.074870
ECDSA-P256,keygen,818,0.074832
ECDSA-P256,keygen,819,0.075166
ECDSA-P256,keygen,820,0.074499
ECDSA-P256,keygen,821,0.074702
ECDSA-P256,keygen,822,0.074628
ECDSA-P256,keygen,823,0.074795
ECDSA-P256,keygen,824,0.074832
ECDSA-P256,keygen,825,0.074758
ECDSA-P256,keygen,826,0.074962
ECDSA-P256,keygen,827,0.074795
ECDSA-P256,keygen,828,0.074666
ECDSA-P256,keygen,829,0.074832
ECDSA-P256,keygen,830,0.074814
ECDSA-P256,keygen,831,0.074592
ECDSA-P256,keygen,832,0.074943
ECDSA-P256,keygen,833,0.074833
ECDSA-P256,keygen,834,0.074684
ECDSA-P256,keygen,835,0.074944
ECDSA-P256,keygen,836,0.074758
ECDSA-P256,keygen,837,0.074795
ECDSA-P256,keygen,838,0.074703
ECDSA-P256,keygen,839,0.074721
ECDSA-P256,keygen,840,0.074610
ECDSA-P256,keygen,841,0.074758
ECDSA-P256,keygen,842,0.074777
ECDSA-P256,keygen,843,0.074925
ECDSA-P256,keygen,844,0.074703
ECDSA-P256,keygen,845,0.074684
ECDSA-P256,keygen,846,0.074610
ECDSA-P256,keygen,847,0.074555
ECDSA-P256,keygen,848,0.080258
ECDSA-P256,keygen,849,0.074684
ECDSA-P256,keygen,850,0.074499
ECDSA-P256,keygen,851,0.074814
ECDSA-P256,keygen,852,0.074981
ECDSA-P256,keygen,853,0.074907
ECDSA-P256,keygen,854,0.074888
ECDSA-P256,keygen,855,0.074666
ECDSA-P256,keygen,856,0.074666
ECDSA-P256,keygen,857,0.082814
ECDSA-P256,keygen,858,0.076276
ECDSA-P256,keygen,859,0.074555
ECDSA-P256,keygen,860,0.074425
ECDSA-P256,keygen,861,0.074499
ECDSA-P256,keygen,862,0.074536
ECDSA-P256,keygen,863,0.074647
ECDSA-P256,keygen,864,0.074536
ECDSA-P256,keygen,865,0.074462
ECDSA-P256,keygen,866,0.074684
ECDSA-P256,keygen,867,0.074629
ECDSA-P256,keygen,868,0.074592
ECDSA-P256,keygen,869,0.074499
ECDSA-P256,keygen,870,0.074591
ECDSA-P256,keygen,871,0.074480
ECDSA-P256,keygen,872,0.074499
ECDSA-P256,keygen,873,0.074610
ECDSA-P256,keygen,874,0.074351
ECDSA-P256,keygen,875,0.074462
ECDSA-P256,keygen,876,0.074480
ECDSA-P256,keygen,877,0.074388
ECDSA-P256,keygen,878,0.074629
ECDSA-P256,keygen,879,0.074555
ECDSA-P256,keygen,880,0.074647
ECDSA-P256,keygen,881,0.074628
ECDSA-P256,keygen,882,0.074351
ECDSA-P256,keygen,883,0.074536
ECDSA-P256,keygen,884,0.074295
ECDSA-P256,keygen,885,0.074517
ECDSA-P256,keygen,886,0.074685
ECDSA-P256,keygen,887,0.074555
ECDSA-P256,keygen,888,0.074573
ECDSA-P256,keygen,889,0.074721
ECDSA-P256,keygen,890,0.074499
ECDSA-P256,keygen,891,0.074407
ECDSA-P256,keygen,892,0.074499
ECDSA-P256,keygen,893,0.074573
ECDSA-P256,keygen,894,0.074518
ECDSA-P256,keygen,895,0.074388
ECDSA-P256,keygen,896,0.074332
ECDSA-P256,keygen,897,0.074221
ECDSA-P256,keygen,898,0.074462
ECDSA-P256,keygen,899,0.074573
ECDSA-P256,keygen,900,0.074481
ECDSA-P256,keygen,901,0.074537
ECDSA-P256,keygen,902,0.074240
ECDSA-P256,keygen,903,0.074610
ECDSA-P256,keygen,904,0.074407
ECDSA-P256,keygen,905,0.074407
ECDSA-P256,keygen,906,0.077795
ECDSA-P256,keygen,907,0.074666
ECDSA-P256,keygen,908,0.074777
ECDSA-P256,keygen,909,0.074277
ECDSA-P256,keygen,910,0.074518
ECDSA-P256,keygen,911,0.074481
ECDSA-P256,keygen,912,0.074554
ECDSA-P256,keygen,913,0.074517
ECDSA-P256,keygen,914,0.074684
ECDSA-P256,keygen,915,0.074684
ECDSA-P256,keygen,916,0.074555
ECDSA-P256,keygen,917,0.074444
ECDSA-P256,keygen,918,0.074554
ECDSA-P256,keygen,919,0.074536
ECDSA-P256,keygen,920,0.074425
ECDSA-P256,keygen,921,0.074740
ECDSA-P256,keygen,922,0.074555
ECDSA-P256,keygen,923,0.074369
ECDSA-P256,keygen,924,0.074332
ECDSA-P256,keygen,925,0.074573
ECDSA-P256,keygen,926,0.074480
ECDSA-P256,keygen,927,0.074610
ECDSA-P256,keygen,928,0.074536
ECDSA-P256,keygen,929,0.074518
ECDSA-P256,keygen,930,0.074462
ECDSA-P256,keygen,931,0.074407
ECDSA-P256,keygen,932,0.074351
ECDSA-P256,keygen,933,0.074573
ECDSA-P256,keygen,934,0.074536
ECDSA-P256,keygen,935,0.074536
ECDSA-P256,keygen,936,0.074462
ECDSA-P256,keygen,937,0.074481
ECDSA-P256,keygen,938,0.074462
ECDSA-P256,keygen,939,0.074536
ECDSA-P256,keygen,940,0.074443
ECDSA-P256,keygen,941,0.074536
ECDSA-P256,keygen,942,0.074592
ECDSA-P256,keygen,943,0.074239
ECDSA-P256,keygen,944,0.074555
ECDSA-P256,keygen,945,0.074610
ECDSA-P256,keygen,946,0.074295
ECDSA-P256,keygen,947,0.074573
ECDSA-P256,keygen,948,0.074518
ECDSA-P256,keygen,949,0.074462
ECDSA-P256,keygen,950,0.074517
ECDSA-P256,keygen,951,0.074628
ECDSA-P256,keygen,952,0.074481
ECDSA-P256,keygen,953,0.074554
ECDSA-P256,keygen,954,0.075721
ECDSA-P256,keygen,955,0.074628
ECDSA-P256,keygen,956,0.074721
ECDSA-P256,keygen,957,0.074388
ECDSA-P256,keygen,958,0.074684
ECDSA-P256,keygen,959,0.074665
ECDSA-P256,keygen,960,0.074370
ECDSA-P256,keygen,961,0.074332
ECDSA-P256,keygen,962,0.074443
ECDSA-P256,keygen,963,0.074444
ECDSA-P256,keygen,964,0.074648
ECDSA-P256,keygen,965,0.074332
ECDSA-P256,keygen,966,0.074610
ECDSA-P256,keygen,967,0.074277
ECDSA-P256,keygen,968,0.074407
ECDSA-P256,keygen,969,0.074332
ECDSA-P256,keygen,970,0.074536
ECDSA-P256,keygen,971,0.074203
ECDSA-P256,keygen,972,0.074462
ECDSA-P256,keygen,973,0.074536
ECDSA-P256,keygen,974,0.074555
ECDSA-P256,keygen,975,0.074610
ECDSA-P256,keygen,976,0.074610
ECDSA-P256,keygen,977,0.074554
ECDSA-P256,keygen,978,0.074332
ECDSA-P256,keygen,979,0.074610
ECDSA-P256,keygen,980,0.074481
ECDSA-P256,keygen,981,0.074258
ECDSA-P256,keygen,982,0.074517
ECDSA-P256,keygen,983,0.074592
ECDSA-P256,keygen,984,0.074647
ECDSA-P256,keygen,985,0.074388
ECDSA-P256,keygen,986,0.074259
ECDSA-P256,keygen,987,0.074518
ECDSA-P256,keygen,988,0.074555
ECDSA-P256,keygen,989,0.074407
ECDSA-P256,keygen,990,0.074666
ECDSA-P256,keygen,991,0.074351
ECDSA-P256,keygen,992,0.074406
ECDSA-P256,keygen,993,0.074425
ECDSA-P256,keygen,994,0.074647
ECDSA-P256,keygen,995,0.074444
ECDSA-P256,keygen,996,0.074314
ECDSA-P256,keygen,997,0.074591
ECDSA-P256,keygen,998,0.074518
ECDSA-P256,keygen,999,0.074573
ECDSA-P256,sign,0,0.109350
ECDSA-P256,sign,1,0.104517
ECDSA-P256,sign,2,0.104221
ECDSA-P256,sign,3,0.104610
ECDSA-P256,sign,4,0.106110
ECDSA-P256,sign,5,0.104462
ECDSA-P256,sign,6,0.104035
ECDSA-P256,sign,7,0.104258
ECDSA-P256,sign,8,0.104313
ECDSA-P256,sign,9,0.104258
ECDSA-P256,sign,10,0.104128
ECDSA-P256,sign,11,0.104073
ECDSA-P256,sign,12,0.104388
ECDSA-P256,sign,13,0.104128
ECDSA-P256,sign,14,0.104092
ECDSA-P256,sign,15,0.104350
ECDSA-P256,sign,16,0.104091
ECDSA-P256,sign,17,0.104147
ECDSA-P256,sign,18,0.104276
ECDSA-P256,sign,19,0.104295
ECDSA-P256,sign,20,0.104369
ECDSA-P256,sign,21,0.104387
ECDSA-P256,sign,22,0.104166
ECDSA-P256,sign,23,0.104092
ECDSA-P256,sign,24,0.103980
ECDSA-P256,sign,25,0.104091
ECDSA-P256,sign,26,0.104017
ECDSA-P256,sign,27,0.104239
ECDSA-P256,sign,28,0.103999
ECDSA-P256,sign,29,0.104072
ECDSA-P256,sign,30,0.104332
ECDSA-P256,sign,31,0.104110
ECDSA-P256,sign,32,0.104036
ECDSA-P256,sign,33,0.104110
ECDSA-P256,sign,34,0.104258
ECDSA-P256,sign,35,0.104203
ECDSA-P256,sign,36,0.104017
ECDSA-P256,sign,37,0.104184
ECDSA-P256,sign,38,0.112146
ECDSA-P256,sign,39,0.105147
ECDSA-P256,sign,40,0.104425
ECDSA-P256,sign,41,0.104128
ECDSA-P256,sign,42,0.104258
ECDSA-P256,sign,43,0.104147
ECDSA-P256,sign,44,0.104128
ECDSA-P256,sign,45,0.104036
ECDSA-P256,sign,46,0.104184
ECDSA-P256,sign,47,0.104462
ECDSA-P256,sign,48,0.104202
ECDSA-P256,sign,49,0.104221
ECDSA-P256,sign,50,0.104054
ECDSA-P256,sign,51,0.104332
ECDSA-P256,sign,52,0.104276
ECDSA-P256,sign,53,0.104239
ECDSA-P256,sign,54,0.104202
ECDSA-P256,sign,55,0.104073
ECDSA-P256,sign,56,0.104258
ECDSA-P256,sign,57,0.104184
ECDSA-P256,sign,58,0.104109
ECDSA-P256,sign,59,0.104258
ECDSA-P256,sign,60,0.104110
ECDSA-P256,sign,61,0.104018
ECDSA-P256,sign,62,0.104147
ECDSA-P256,sign,63,0.104425
ECDSA-P256,sign,64,0.104258
ECDSA-P256,sign,65,0.104054
ECDSA-P256,sign,66,0.104165
ECDSA-P256,sign,67,0.104073
ECDSA-P256,sign,68,0.104258
ECDSA-P256,sign,69,0.104184
ECDSA-P256,sign,70,0.104165
ECDSA-P256,sign,71,0.104054
ECDSA-P256,sign,72,0.104221
ECDSA-P256,sign,73,0.116425
ECDSA-P256,sign,74,0.105443
ECDSA-P256,sign,75,0.104202
ECDSA-P256,sign,76,0.104351
ECDSA-P256,sign,77,0.104295
ECDSA-P256,sign,78,0.104165
ECDSA-P256,sign,79,0.104388
ECDSA-P256,sign,80,0.103925
ECDSA-P256,sign,81,0.104165
ECDSA-P256,sign,82,0.104129
ECDSA-P256,sign,83,0.104313
ECDSA-P256,sign,84,0.103980
ECDSA-P256,sign,85,0.103980
ECDSA-P256,sign,86,0.104295
ECDSA-P256,sign,87,0.104406
ECDSA-P256,sign,88,0.104240
ECDSA-P256,sign,89,0.104073
ECDSA-P256,sign,90,0.103998
ECDSA-P256,sign,91,0.104147
ECDSA-P256,sign,92,0.104221
ECDSA-P256,sign,93,0.104109
ECDSA-P256,sign,94,0.104165
ECDSA-P256,sign,95,0.104276
ECDSA-P256,sign,96,0.104258
ECDSA-P256,sign,97,0.104276
ECDSA-P256,sign,98,0.104332
ECDSA-P256,sign,99,0.104073
ECDSA-P256,sign,100,0.104258
ECDSA-P256,sign,101,0.104295
ECDSA-P256,sign,102,0.104277
ECDSA-P256,sign,103,0.104165
ECDSA-P256,sign,104,0.104239
ECDSA-P256,sign,105,0.104203
ECDSA-P256,sign,106,0.103999
ECDSA-P256,sign,107,0.104073
ECDSA-P256,sign,108,0.111777
ECDSA-P256,sign,109,0.104888
ECDSA-P256,sign,110,0.104036
ECDSA-P256,sign,111,0.104221
ECDSA-P256,sign,112,0.103962
ECDSA-P256,sign,113,0.103980
ECDSA-P256,sign,114,0.104388
ECDSA-P256,sign,115,0.104165
ECDSA-P256,sign,116,0.104277
ECDSA-P256,sign,117,0.104369
ECDSA-P256,sign,118,0.104258
ECDSA-P256,sign,119,0.104017
ECDSA-P256,sign,120,0.104239
ECDSA-P256,sign,121,0.104147
ECDSA-P256,sign,122,0.104221
ECDSA-P256,sign,123,0.104221
ECDSA-P256,sign,124,0.104220
ECDSA-P256,sign,125,0.103869
ECDSA-P256,sign,126,0.104110
ECDSA-P256,sign,127,0.104054
ECDSA-P256,sign,128,0.104314
ECDSA-P256,sign,129,0.104258
ECDSA-P256,sign,130,0.104480
ECDSA-P256,sign,131,0.104332
ECDSA-P256,sign,132,0.104035
ECDSA-P256,sign,133,0.104147
ECDSA-P256,sign,134,0.104239
ECDSA-P256,sign,135,0.104203
ECDSA-P256,sign,136,0.104239
ECDSA-P256,sign,137,0.104165
ECDSA-P256,sign,138,0.104276
ECDSA-P256,sign,139,0.104313
ECDSA-P256,sign,140,0.104073
ECDSA-P256,sign,141,0.104166
ECDSA-P256,sign,142,0.104258
ECDSA-P256,sign,143,0.113368
ECDSA-P256,sign,144,0.104888
ECDSA-P256,sign,145,0.104313
ECDSA-P256,sign,146,0.104258
ECDSA-P256,sign,147,0.104443
ECDSA-P256,sign,148,0.104091
ECDSA-P256,sign,149,0.104110
ECDSA-P256,sign,150,0.104240
ECDSA-P256,sign,151,0.104221
ECDSA-P256,sign,152,0.104183
ECDSA-P256,sign,153,0.104165
ECDSA-P256,sign,154,0.104091
ECDSA-P256,sign,155,0.103906
ECDSA-P256,sign,156,0.104128
ECDSA-P256,sign,157,0.104146
ECDSA-P256,sign,158,0.104332
ECDSA-P256,sign,159,0.104332
ECDSA-P256,sign,160,0.104054
ECDSA-P256,sign,161,0.104129
ECDSA-P256,sign,162,0.104035
ECDSA-P256,sign,163,0.104110
ECDSA-P256,sign,164,0.104276
ECDSA-P256,sign,165,0.104129
ECDSA-P256,sign,166,0.103999
ECDSA-P256,sign,167,0.104165
ECDSA-P256,sign,168,0.104332
ECDSA-P256,sign,169,0.104239
ECDSA-P256,sign,170,0.104110
ECDSA-P256,sign,171,0.104147
ECDSA-P256,sign,172,0.104202
ECDSA-P256,sign,173,0.104240
ECDSA-P256,sign,174,0.104258
ECDSA-P256,sign,175,0.104036
ECDSA-P256,sign,176,0.104443
ECDSA-P256,sign,177,0.104054
ECDSA-P256,sign,178,0.111851
ECDSA-P256,sign,179,0.104814
ECDSA-P256,sign,180,0.104313
ECDSA-P256,sign,181,0.104036
ECDSA-P256,sign,182,0.104202
ECDSA-P256,sign,183,0.104073
ECDSA-P256,sign,184,0.104184
ECDSA-P256,sign,185,0.103999
ECDSA-P256,sign,186,0.104258
ECDSA-P256,sign,187,0.104146
ECDSA-P256,sign,188,0.104313
ECDSA-P256,sign,189,0.104332
ECDSA-P256,sign,190,0.104258
ECDSA-P256,sign,191,0.104258
ECDSA-P256,sign,192,0.104202
ECDSA-P256,sign,193,0.104203
ECDSA-P256,sign,194,0.104184
ECDSA-P256,sign,195,0.103999
ECDSA-P256,sign,196,0.103943
ECDSA-P256,sign,197,0.104277
ECDSA-P256,sign,198,0.104128
ECDSA-P256,sign,199,0.104054
ECDSA-P256,sign,200,0.103906
ECDSA-P256,sign,201,0.104239
ECDSA-P256,sign,202,0.104091
ECDSA-P256,sign,203,0.103962
ECDSA-P256,sign,204,0.104480
ECDSA-P256,sign,205,0.104220
ECDSA-P256,sign,206,0.104314
ECDSA-P256,sign,207,0.103832
ECDSA-P256,sign,208,0.104369
ECDSA-P256,sign,209,0.104221
ECDSA-P256,sign,210,0.104258
ECDSA-P256,sign,211,0.104332
ECDSA-P256,sign,212,0.104166
ECDSA-P256,sign,213,0.111702
ECDSA-P256,sign,214,0.104777
ECDSA-P256,sign,215,0.104221
ECDSA-P256,sign,216,0.104239
ECDSA-P256,sign,217,0.104165
ECDSA-P256,sign,218,0.104203
ECDSA-P256,sign,219,0.104221
ECDSA-P256,sign,220,0.104165
ECDSA-P256,sign,221,0.104202
ECDSA-P256,sign,222,0.104166
ECDSA-P256,sign,223,0.103980
ECDSA-P256,sign,224,0.104128
ECDSA-P256,sign,225,0.103998
ECDSA-P256,sign,226,0.104220
ECDSA-P256,sign,227,0.104184
ECDSA-P256,sign,228,0.104332
ECDSA-P256,sign,229,0.104035
ECDSA-P256,sign,230,0.104221
ECDSA-P256,sign,231,0.104425
ECDSA-P256,sign,232,0.104313
ECDSA-P256,sign,233,0.104036
ECDSA-P256,sign,234,0.104221
ECDSA-P256,sign,235,0.104165
ECDSA-P256,sign,236,0.104276
ECDSA-P256,sign,237,0.104129
ECDSA-P256,sign,238,0.104258
ECDSA-P256,sign,239,0.104350
ECDSA-P256,sign,240,0.103924
ECDSA-P256,sign,241,0.104110
ECDSA-P256,sign,242,0.104128
ECDSA-P256,sign,243,0.104091
ECDSA-P256,sign,244,0.104258
ECDSA-P256,sign,245,0.104221
ECDSA-P256,sign,246,0.104073
ECDSA-P256,sign,247,0.104221
ECDSA-P256,sign,248,0.111906
ECDSA-P256,sign,249,0.104795
ECDSA-P256,sign,250,0.104035
ECDSA-P256,sign,251,0.104091
ECDSA-P256,sign,252,0.104350
ECDSA-P256,sign,253,0.104295
ECDSA-P256,sign,254,0.104183
ECDSA-P256,sign,255,0.104221
ECDSA-P256,sign,256,0.104295
ECDSA-P256,sign,257,0.104018
ECDSA-P256,sign,258,0.104295
ECDSA-P256,sign,259,0.104165
ECDSA-P256,sign,260,0.104017
ECDSA-P256,sign,261,0.104351
ECDSA-P256,sign,262,0.104184
ECDSA-P256,sign,263,0.104387
ECDSA-P256,sign,264,0.104294
ECDSA-P256,sign,265,0.104295
ECDSA-P256,sign,266,0.104276
ECDSA-P256,sign,267,0.104036
ECDSA-P256,sign,268,0.104054
ECDSA-P256,sign,269,0.104276
ECDSA-P256,sign,270,0.104147
ECDSA-P256,sign,271,0.104221
ECDSA-P256,sign,272,0.104128
ECDSA-P256,sign,273,0.104406
ECDSA-P256,sign,274,0.104110
ECDSA-P256,sign,275,0.104091
ECDSA-P256,sign,276,0.104202
ECDSA-P256,sign,277,0.104147
ECDSA-P256,sign,278,0.104203
ECDSA-P256,sign,279,0.104332
ECDSA-P256,sign,280,0.104350
ECDSA-P256,sign,281,0.104165
ECDSA-P256,sign,282,0.104147
ECDSA-P256,sign,283,0.111628
ECDSA-P256,sign,284,0.108998
ECDSA-P256,sign,285,0.103980
ECDSA-P256,sign,286,0.104202
ECDSA-P256,sign,287,0.104202
ECDSA-P256,sign,288,0.104129
ECDSA-P256,sign,289,0.104128
ECDSA-P256,sign,290,0.104221
ECDSA-P256,sign,291,0.104184
ECDSA-P256,sign,292,0.104072
ECDSA-P256,sign,293,0.104165
ECDSA-P256,sign,294,0.103924
ECDSA-P256,sign,295,0.104147
ECDSA-P256,sign,296,0.104295
ECDSA-P256,sign,297,0.104276
ECDSA-P256,sign,298,0.104350
ECDSA-P256,sign,299,0.104239
ECDSA-P256,sign,300,0.104221
ECDSA-P256,sign,301,0.104110
ECDSA-P256,sign,302,0.104203
ECDSA-P256,sign,303,0.104257
ECDSA-P256,sign,304,0.104350
ECDSA-P256,sign,305,0.103961
ECDSA-P256,sign,306,0.104221
ECDSA-P256,sign,307,0.104388
ECDSA-P256,sign,308,0.104110
ECDSA-P256,sign,309,0.104203
ECDSA-P256,sign,310,0.104054
ECDSA-P256,sign,311,0.104258
ECDSA-P256,sign,312,0.104240
ECDSA-P256,sign,313,0.104072
ECDSA-P256,sign,314,0.104166
ECDSA-P256,sign,315,0.104294
ECDSA-P256,sign,316,0.103869
ECDSA-P256,sign,317,0.104128
ECDSA-P256,sign,318,0.111851
ECDSA-P256,sign,319,0.104555
ECDSA-P256,sign,320,0.104221
ECDSA-P256,sign,321,0.103980
ECDSA-P256,sign,322,0.104258
ECDSA-P256,sign,323,0.104110
ECDSA-P256,sign,324,0.104110
ECDSA-P256,sign,325,0.104183
ECDSA-P256,sign,326,0.119480
ECDSA-P256,sign,327,0.104999
ECDSA-P256,sign,328,0.104388
ECDSA-P256,sign,329,0.104110
ECDSA-P256,sign,330,0.104202
ECDSA-P256,sign,331,0.104073
ECDSA-P256,sign,332,0.104276
ECDSA-P256,sign,333,0.104258
ECDSA-P256,sign,334,0.103924
ECDSA-P256,sign,335,0.104313
ECDSA-P256,sign,336,0.104110
ECDSA-P256,sign,337,0.104128
ECDSA-P256,sign,338,0.104221
ECDSA-P256,sign,339,0.103943
ECDSA-P256,sign,340,0.104147
ECDSA-P256,sign,341,0.104036
ECDSA-P256,sign,342,0.103980
ECDSA-P256,sign,343,0.104128
ECDSA-P256,sign,344,0.104202
ECDSA-P256,sign,345,0.104072
ECDSA-P256,sign,346,0.104165
ECDSA-P256,sign,347,0.104314
ECDSA-P256,sign,348,0.104277
ECDSA-P256,sign,349,0.104351
ECDSA-P256,sign,350,0.104165
ECDSA-P256,sign,351,0.103998
ECDSA-P256,sign,352,0.114869
ECDSA-P256,sign,353,0.105072
ECDSA-P256,sign,354,0.104202
ECDSA-P256,sign,355,0.103999
ECDSA-P256,sign,356,0.104128
ECDSA-P256,sign,357,0.104147
ECDSA-P256,sign,358,0.104276
ECDSA-P256,sign,359,0.104258
ECDSA-P256,sign,360,0.103943
ECDSA-P256,sign,361,0.104091
ECDSA-P256,sign,362,0.104184
ECDSA-P256,sign,363,0.104313
ECDSA-P256,sign,364,0.104147
ECDSA-P256,sign,365,0.104091
ECDSA-P256,sign,366,0.104184
ECDSA-P256,sign,367,0.104202
ECDSA-P256,sign,368,0.104183
ECDSA-P256,sign,369,0.104055
ECDSA-P256,sign,370,0.104239
ECDSA-P256,sign,371,0.104295
ECDSA-P256,sign,372,0.104054
ECDSA-P256,sign,373,0.104092
ECDSA-P256,sign,374,0.104072
ECDSA-P256,sign,375,0.104091
ECDSA-P256,sign,376,0.104054
ECDSA-P256,sign,377,0.104110
ECDSA-P256,sign,378,0.104110
ECDSA-P256,sign,379,0.104184
ECDSA-P256,sign,380,0.104183
ECDSA-P256,sign,381,0.104295
ECDSA-P256,sign,382,0.104128
ECDSA-P256,sign,383,0.104128
ECDSA-P256,sign,384,0.104424
ECDSA-P256,sign,385,0.104388
ECDSA-P256,sign,386,0.104054
ECDSA-P256,sign,387,0.111665
ECDSA-P256,sign,388,0.105018
ECDSA-P256,sign,389,0.104258
ECDSA-P256,sign,390,0.104017
ECDSA-P256,sign,391,0.104387
ECDSA-P256,sign,392,0.104036
ECDSA-P256,sign,393,0.104277
ECDSA-P256,sign,394,0.104147
ECDSA-P256,sign,395,0.104369
ECDSA-P256,sign,396,0.104054
ECDSA-P256,sign,397,0.104202
ECDSA-P256,sign,398,0.104369
ECDSA-P256,sign,399,0.104147
ECDSA-P256,sign,400,0.104109
ECDSA-P256,sign,401,0.104054
ECDSA-P256,sign,402,0.104017
ECDSA-P256,sign,403,0.104184
ECDSA-P256,sign,404,0.104258
ECDSA-P256,sign,405,0.103962
ECDSA-P256,sign,406,0.104258
ECDSA-P256,sign,407,0.104184
ECDSA-P256,sign,408,0.104240
ECDSA-P256,sign,409,0.104276
ECDSA-P256,sign,410,0.103962
ECDSA-P256,sign,411,0.104203
ECDSA-P256,sign,412,0.104276
ECDSA-P256,sign,413,0.104277
ECDSA-P256,sign,414,0.104128
ECDSA-P256,sign,415,0.104110
ECDSA-P256,sign,416,0.104109
ECDSA-P256,sign,417,0.104128
ECDSA-P256,sign,418,0.104258
ECDSA-P256,sign,419,0.104109
ECDSA-P256,sign,420,0.104221
ECDSA-P256,sign,421,0.104017
ECDSA-P256,sign,422,0.111591
ECDSA-P256,sign,423,0.104850
ECDSA-P256,sign,424,0.104276
ECDSA-P256,sign,425,0.104146
ECDSA-P256,sign,426,0.103998
ECDSA-P256,sign,427,0.104184
ECDSA-P256,sign,428,0.104276
ECDSA-P256,sign,429,0.104203
ECDSA-P256,sign,430,0.103906
ECDSA-P256,sign,431,0.104129
ECDSA-P256,sign,432,0.103943
ECDSA-P256,sign,433,0.104165
ECDSA-P256,sign,434,0.104277
ECDSA-P256,sign,435,0.104091
ECDSA-P256,sign,436,0.104258
ECDSA-P256,sign,437,0.104314
ECDSA-P256,sign,438,0.104369
ECDSA-P256,sign,439,0.104480
ECDSA-P256,sign,440,0.104128
ECDSA-P256,sign,441,0.104240
ECDSA-P256,sign,442,0.104128
ECDSA-P256,sign,443,0.103980
ECDSA-P256,sign,444,0.104129
ECDSA-P256,sign,445,0.104239
ECDSA-P256,sign,446,0.104350
ECDSA-P256,sign,447,0.104295
ECDSA-P256,sign,448,0.104202
ECDSA-P256,sign,449,0.104092
ECDSA-P256,sign,450,0.104054
ECDSA-P256,sign,451,0.104276
ECDSA-P256,sign,452,0.104128
ECDSA-P256,sign,453,0.104165
ECDSA-P256,sign,454,0.104332
ECDSA-P256,sign,455,0.104073
ECDSA-P256,sign,456,0.104276
ECDSA-P256,sign,457,0.112462
ECDSA-P256,sign,458,0.104906
ECDSA-P256,sign,459,0.104165
ECDSA-P256,sign,460,0.104203
ECDSA-P256,sign,461,0.104017
ECDSA-P256,sign,462,0.104073
ECDSA-P256,sign,463,0.104165
ECDSA-P256,sign,464,0.104165
ECDSA-P256,sign,465,0.104258
ECDSA-P256,sign,466,0.104221
ECDSA-P256,sign,467,0.104184
ECDSA-P256,sign,468,0.104054
ECDSA-P256,sign,469,0.104258
ECDSA-P256,sign,470,0.104109
ECDSA-P256,sign,471,0.104258
ECDSA-P256,sign,472,0.104110
ECDSA-P256,sign,473,0.104165
ECDSA-P256,sign,474,0.103906
ECDSA-P256,sign,475,0.104147
ECDSA-P256,sign,476,0.104239
ECDSA-P256,sign,477,0.104147
ECDSA-P256,sign,478,0.104277
ECDSA-P256,sign,479,0.104147
ECDSA-P256,sign,480,0.104202
ECDSA-P256,sign,481,0.104184
ECDSA-P256,sign,482,0.104017
ECDSA-P256,sign,483,0.104314
ECDSA-P256,sign,484,0.104054
ECDSA-P256,sign,485,0.104258
ECDSA-P256,sign,486,0.104221
ECDSA-P256,sign,487,0.104313
ECDSA-P256,sign,488,0.104351
ECDSA-P256,sign,489,0.104146
ECDSA-P256,sign,490,0.104276
ECDSA-P256,sign,491,0.104184
ECDSA-P256,sign,492,0.111869
ECDSA-P256,sign,493,0.104831
ECDSA-P256,sign,494,0.104462
ECDSA-P256,sign,495,0.104239
ECDSA-P256,sign,496,0.104035
ECDSA-P256,sign,497,0.103869
ECDSA-P256,sign,498,0.104054
ECDSA-P256,sign,499,0.104388
ECDSA-P256,sign,500,0.104314
ECDSA-P256,sign,501,0.104258
ECDSA-P256,sign,502,0.103906
ECDSA-P256,sign,503,0.104221
ECDSA-P256,sign,504,0.104054
ECDSA-P256,sign,505,0.104258
ECDSA-P256,sign,506,0.104332
ECDSA-P256,sign,507,0.103980
ECDSA-P256,sign,508,0.104184
ECDSA-P256,sign,509,0.104110
ECDSA-P256,sign,510,0.104258
ECDSA-P256,sign,511,0.104314
ECDSA-P256,sign,512,0.104128
ECDSA-P256,sign,513,0.104239
ECDSA-P256,sign,514,0.104221
ECDSA-P256,sign,515,0.104147
ECDSA-P256,sign,516,0.104147
ECDSA-P256,sign,517,0.104110
ECDSA-P256,sign,518,0.104109
ECDSA-P256,sign,519,0.104092
ECDSA-P256,sign,520,0.104184
ECDSA-P256,sign,521,0.104091
ECDSA-P256,sign,522,0.104313
ECDSA-P256,sign,523,0.104054
ECDSA-P256,sign,524,0.104257
ECDSA-P256,sign,525,0.104184
ECDSA-P256,sign,526,0.104239
ECDSA-P256,sign,527,0.111480
ECDSA-P256,sign,528,0.104758
ECDSA-P256,sign,529,0.104295
ECDSA-P256,sign,530,0.104313
ECDSA-P256,sign,531,0.104221
ECDSA-P256,sign,532,0.104240
ECDSA-P256,sign,533,0.104295
ECDSA-P256,sign,534,0.103869
ECDSA-P256,sign,535,0.104221
ECDSA-P256,sign,536,0.104239
ECDSA-P256,sign,537,0.104055
ECDSA-P256,sign,538,0.104239
ECDSA-P256,sign,539,0.104110
ECDSA-P256,sign,540,0.104091
ECDSA-P256,sign,541,0.104313
ECDSA-P256,sign,542,0.104202
ECDSA-P256,sign,543,0.104072
ECDSA-P256,sign,544,0.104221
ECDSA-P256,sign,545,0.103999
ECDSA-P256,sign,546,0.104128
ECDSA-P256,sign,547,0.104202
ECDSA-P256,sign,548,0.104220
ECDSA-P256,sign,549,0.104276
ECDSA-P256,sign,550,0.104332
ECDSA-P256,sign,551,0.104332
ECDSA-P256,sign,552,0.104035
ECDSA-P256,sign,553,0.104240
ECDSA-P256,sign,554,0.104073
ECDSA-P256,sign,555,0.104277
ECDSA-P256,sign,556,0.104072
ECDSA-P256,sign,557,0.104258
ECDSA-P256,sign,558,0.104110
ECDSA-P256,sign,559,0.104184
ECDSA-P256,sign,560,0.104128
ECDSA-P256,sign,561,0.104295
ECDSA-P256,sign,562,0.111683
ECDSA-P256,sign,563,0.104647
ECDSA-P256,sign,564,0.104054
ECDSA-P256,sign,565,0.104221
ECDSA-P256,sign,566,0.104202
ECDSA-P256,sign,567,0.104184
ECDSA-P256,sign,568,0.103980
ECDSA-P256,sign,569,0.104221
ECDSA-P256,sign,570,0.104221
ECDSA-P256,sign,571,0.104166
ECDSA-P256,sign,572,0.104295
ECDSA-P256,sign,573,0.104239
ECDSA-P256,sign,574,0.104165
ECDSA-P256,sign,575,0.104166
ECDSA-P256,sign,576,0.104387
ECDSA-P256,sign,577,0.104165
ECDSA-P256,sign,578,0.104277
ECDSA-P256,sign,579,0.104221
ECDSA-P256,sign,580,0.104166
ECDSA-P256,sign,581,0.104183
ECDSA-P256,sign,582,0.104203
ECDSA-P256,sign,583,0.104072
ECDSA-P256,sign,584,0.104184
ECDSA-P256,sign,585,0.103980
ECDSA-P256,sign,586,0.104276
ECDSA-P256,sign,587,0.104332
ECDSA-P256,sign,588,0.104184
ECDSA-P256,sign,589,0.104443
ECDSA-P256,sign,590,0.104203
ECDSA-P256,sign,591,0.104184
ECDSA-P256,sign,592,0.104221
ECDSA-P256,sign,593,0.104387
ECDSA-P256,sign,594,0.104128
ECDSA-P256,sign,595,0.104369
ECDSA-P256,sign,596,0.104258
ECDSA-P256,sign,597,0.111702
ECDSA-P256,sign,598,0.105072
ECDSA-P256,sign,599,0.104128
ECDSA-P256,sign,600,0.104388
ECDSA-P256,sign,601,0.104091
ECDSA-P256,sign,602,0.104202
ECDSA-P256,sign,603,0.104184
ECDSA-P256,sign,604,0.104258
ECDSA-P256,sign,605,0.104092
ECDSA-P256,sign,606,0.104147
ECDSA-P256,sign,607,0.104295
ECDSA-P256,sign,608,0.104054
ECDSA-P256,sign,609,0.104129
ECDSA-P256,sign,610,0.104258
ECDSA-P256,sign,611,0.103962
ECDSA-P256,sign,612,0.104295
ECDSA-P256,sign,613,0.104258
ECDSA-P256,sign,614,0.104202
ECDSA-P256,sign,615,0.104202
ECDSA-P256,sign,616,0.104221
ECDSA-P256,sign,617,0.104276
ECDSA-P256,sign,618,0.103925
ECDSA-P256,sign,619,0.104147
ECDSA-P256,sign,620,0.104276
ECDSA-P256,sign,621,0.104295
ECDSA-P256,sign,622,0.104313
ECDSA-P256,sign,623,0.104129
ECDSA-P256,sign,624,0.104351
ECDSA-P256,sign,625,0.104332
ECDSA-P256,sign,626,0.104165
ECDSA-P256,sign,627,0.104128
ECDSA-P256,sign,628,0.104221
ECDSA-P256,sign,629,0.104166
ECDSA-P256,sign,630,0.104036
ECDSA-P256,sign,631,0.104129
ECDSA-P256,sign,632,0.111869
ECDSA-P256,sign,633,0.104702
ECDSA-P256,sign,634,0.104221
ECDSA-P256,sign,635,0.104276
ECDSA-P256,sign,636,0.104221
ECDSA-P256,sign,637,0.104239
ECDSA-P256,sign,638,0.104276
ECDSA-P256,sign,639,0.104314
ECDSA-P256,sign,640,0.104480
ECDSA-P256,sign,641,0.104054
ECDSA-P256,sign,642,0.104128
ECDSA-P256,sign,643,0.104054
ECDSA-P256,sign,644,0.104277
ECDSA-P256,sign,645,0.104017
ECDSA-P256,sign,646,0.104369
ECDSA-P256,sign,647,0.104036
ECDSA-P256,sign,648,0.104221
ECDSA-P256,sign,649,0.104221
ECDSA-P256,sign,650,0.104091
ECDSA-P256,sign,651,0.104424
ECDSA-P256,sign,652,0.104295
ECDSA-P256,sign,653,0.104202
ECDSA-P256,sign,654,0.103906
ECDSA-P256,sign,655,0.104277
ECDSA-P256,sign,656,0.104036
ECDSA-P256,sign,657,0.104147
ECDSA-P256,sign,658,0.104165
ECDSA-P256,sign,659,0.104202
ECDSA-P256,sign,660,0.104165
ECDSA-P256,sign,661,0.104017
ECDSA-P256,sign,662,0.103980
ECDSA-P256,sign,663,0.104332
ECDSA-P256,sign,664,0.104369
ECDSA-P256,sign,665,0.104165
ECDSA-P256,sign,666,0.104054
ECDSA-P256,sign,667,0.112517
ECDSA-P256,sign,668,0.104277
ECDSA-P256,sign,669,0.104184
ECDSA-P256,sign,670,0.104480
ECDSA-P256,sign,671,0.104165
ECDSA-P256,sign,672,0.104387
ECDSA-P256,sign,673,0.104239
ECDSA-P256,sign,674,0.104073
ECDSA-P256,sign,675,0.104072
ECDSA-P256,sign,676,0.104147
ECDSA-P256,sign,677,0.104202
ECDSA-P256,sign,678,0.104276
ECDSA-P256,sign,679,0.104258
ECDSA-P256,sign,680,0.104147
ECDSA-P256,sign,681,0.104240
ECDSA-P256,sign,682,0.104369
ECDSA-P256,sign,683,0.104110
ECDSA-P256,sign,684,0.104314
ECDSA-P256,sign,685,0.103998
ECDSA-P256,sign,686,0.104592
ECDSA-P256,sign,687,0.104129
ECDSA-P256,sign,688,0.104146
ECDSA-P256,sign,689,0.104165
ECDSA-P256,sign,690,0.104221
ECDSA-P256,sign,691,0.104221
ECDSA-P256,sign,692,0.104239
ECDSA-P256,sign,693,0.104202
ECDSA-P256,sign,694,0.104036
ECDSA-P256,sign,695,0.104276
ECDSA-P256,sign,696,0.104202
ECDSA-P256,sign,697,0.104128
ECDSA-P256,sign,698,0.104203
ECDSA-P256,sign,699,0.104220
ECDSA-P256,sign,700,0.104073
ECDSA-P256,sign,701,0.104147
ECDSA-P256,sign,702,0.105350
ECDSA-P256,sign,703,0.104480
ECDSA-P256,sign,704,0.104017
ECDSA-P256,sign,705,0.104091
ECDSA-P256,sign,706,0.104240
ECDSA-P256,sign,707,0.104239
ECDSA-P256,sign,708,0.104184
ECDSA-P256,sign,709,0.104332
ECDSA-P256,sign,710,0.104239
ECDSA-P256,sign,711,0.104462
ECDSA-P256,sign,712,0.104054
ECDSA-P256,sign,713,0.104221
ECDSA-P256,sign,714,0.103925
ECDSA-P256,sign,715,0.104166
ECDSA-P256,sign,716,0.104036
ECDSA-P256,sign,717,0.104165
ECDSA-P256,sign,718,0.104128
ECDSA-P256,sign,719,0.104239
ECDSA-P256,sign,720,0.104129
ECDSA-P256,sign,721,0.104092
ECDSA-P256,sign,722,0.104036
ECDSA-P256,sign,723,0.104165
ECDSA-P256,sign,724,0.104184
ECDSA-P256,sign,725,0.104128
ECDSA-P256,sign,726,0.104184
ECDSA-P256,sign,727,0.104091
ECDSA-P256,sign,728,0.104221
ECDSA-P256,sign,729,0.104239
ECDSA-P256,sign,730,0.104387
ECDSA-P256,sign,731,0.104314
ECDSA-P256,sign,732,0.104054
ECDSA-P256,sign,733,0.104258
ECDSA-P256,sign,734,0.104258
ECDSA-P256,sign,735,0.104091
ECDSA-P256,sign,736,0.111221
ECDSA-P256,sign,737,0.104961
ECDSA-P256,sign,738,0.104276
ECDSA-P256,sign,739,0.104073
ECDSA-P256,sign,740,0.104332
ECDSA-P256,sign,741,0.104109
ECDSA-P256,sign,742,0.104350
ECDSA-P256,sign,743,0.104036
ECDSA-P256,sign,744,0.104239
ECDSA-P256,sign,745,0.104332
ECDSA-P256,sign,746,0.103870
ECDSA-P256,sign,747,0.104388
ECDSA-P256,sign,748,0.104480
ECDSA-P256,sign,749,0.104073
ECDSA-P256,sign,750,0.104129
ECDSA-P256,sign,751,0.104332
ECDSA-P256,sign,752,0.104313
ECDSA-P256,sign,753,0.104332
ECDSA-P256,sign,754,0.104146
ECDSA-P256,sign,755,0.104036
ECDSA-P256,sign,756,0.104221
ECDSA-P256,sign,757,0.104092
ECDSA-P256,sign,758,0.104128
ECDSA-P256,sign,759,0.104128
ECDSA-P256,sign,760,0.104128
ECDSA-P256,sign,761,0.104110
ECDSA-P256,sign,762,0.104054
ECDSA-P256,sign,763,0.104110
ECDSA-P256,sign,764,0.104313
ECDSA-P256,sign,765,0.104295
ECDSA-P256,sign,766,0.104258
ECDSA-P256,sign,767,0.104332
ECDSA-P256,sign,768,0.104295
ECDSA-P256,sign,769,0.104054
ECDSA-P256,sign,770,0.104184
ECDSA-P256,sign,771,0.112054
ECDSA-P256,sign,772,0.104999
ECDSA-P256,sign,773,0.104110
ECDSA-P256,sign,774,0.104146
ECDSA-P256,sign,775,0.104462
ECDSA-P256,sign,776,0.104072
ECDSA-P256,sign,777,0.104239
ECDSA-P256,sign,778,0.104183
ECDSA-P256,sign,779,0.104110
ECDSA-P256,sign,780,0.104128
ECDSA-P256,sign,781,0.104276
ECDSA-P256,sign,782,0.104332
ECDSA-P256,sign,783,0.104184
ECDSA-P256,sign,784,0.104110
ECDSA-P256,sign,785,0.104240
ECDSA-P256,sign,786,0.104165
ECDSA-P256,sign,787,0.104146
ECDSA-P256,sign,788,0.104240
ECDSA-P256,sign,789,0.104091
ECDSA-P256,sign,790,0.104425
ECDSA-P256,sign,791,0.104258
ECDSA-P256,sign,792,0.104351
ECDSA-P256,sign,793,0.104184
ECDSA-P256,sign,794,0.104147
ECDSA-P256,sign,795,0.104221
ECDSA-P256,sign,796,0.104202
ECDSA-P256,sign,797,0.104110
ECDSA-P256,sign,798,0.104165
ECDSA-P256,sign,799,0.104239
ECDSA-P256,sign,800,0.104072
ECDSA-P256,sign,801,0.104166
ECDSA-P256,sign,802,0.104036
ECDSA-P256,sign,803,0.104258
ECDSA-P256,sign,804,0.104110
ECDSA-P256,sign,805,0.104332
ECDSA-P256,sign,806,0.112425
ECDSA-P256,sign,807,0.105221
ECDSA-P256,sign,808,0.104147
ECDSA-P256,sign,809,0.103980
ECDSA-P256,sign,810,0.103924
ECDSA-P256,sign,811,0.103999
ECDSA-P256,sign,812,0.104295
ECDSA-P256,sign,813,0.104221
ECDSA-P256,sign,814,0.103980
ECDSA-P256,sign,815,0.104406
ECDSA-P256,sign,816,0.104110
ECDSA-P256,sign,817,0.104092
ECDSA-P256,sign,818,0.104240
ECDSA-P256,sign,819,0.104184
ECDSA-P256,sign,820,0.104036
ECDSA-P256,sign,821,0.104091
ECDSA-P256,sign,822,0.104165
ECDSA-P256,sign,823,0.104332
ECDSA-P256,sign,824,0.104184
ECDSA-P256,sign,825,0.104128
ECDSA-P256,sign,826,0.104055
ECDSA-P256,sign,827,0.104035
ECDSA-P256,sign,828,0.104054
ECDSA-P256,sign,829,0.104129
ECDSA-P256,sign,830,0.103999
ECDSA-P256,sign,831,0.103999
ECDSA-P256,sign,832,0.104184
ECDSA-P256,sign,833,0.104055
ECDSA-P256,sign,834,0.104184
ECDSA-P256,sign,835,0.104202
ECDSA-P256,sign,836,0.104091
ECDSA-P256,sign,837,0.104073
ECDSA-P256,sign,838,0.103980
ECDSA-P256,sign,839,0.103980
ECDSA-P256,sign,840,0.104221
ECDSA-P256,sign,841,0.111517
ECDSA-P256,sign,842,0.105072
ECDSA-P256,sign,843,0.104258
ECDSA-P256,sign,844,0.104165
ECDSA-P256,sign,845,0.104202
ECDSA-P256,sign,846,0.104184
ECDSA-P256,sign,847,0.104369
ECDSA-P256,sign,848,0.104276
ECDSA-P256,sign,849,0.104239
ECDSA-P256,sign,850,0.104350
ECDSA-P256,sign,851,0.104369
ECDSA-P256,sign,852,0.104073
ECDSA-P256,sign,853,0.104332
ECDSA-P256,sign,854,0.104239
ECDSA-P256,sign,855,0.104239
ECDSA-P256,sign,856,0.104110
ECDSA-P256,sign,857,0.104202
ECDSA-P256,sign,858,0.104314
ECDSA-P256,sign,859,0.104147
ECDSA-P256,sign,860,0.104018
ECDSA-P256,sign,861,0.104220
ECDSA-P256,sign,862,0.104258
ECDSA-P256,sign,863,0.104147
ECDSA-P256,sign,864,0.104240
ECDSA-P256,sign,865,0.104239
ECDSA-P256,sign,866,0.104332
ECDSA-P256,sign,867,0.103813
ECDSA-P256,sign,868,0.104498
ECDSA-P256,sign,869,0.104221
ECDSA-P256,sign,870,0.104055
ECDSA-P256,sign,871,0.104146
ECDSA-P256,sign,872,0.104221
ECDSA-P256,sign,873,0.104184
ECDSA-P256,sign,874,0.104110
ECDSA-P256,sign,875,0.104295
ECDSA-P256,sign,876,0.111739
ECDSA-P256,sign,877,0.104684
ECDSA-P256,sign,878,0.104295
ECDSA-P256,sign,879,0.104239
ECDSA-P256,sign,880,0.104295
ECDSA-P256,sign,881,0.104221
ECDSA-P256,sign,882,0.104387
ECDSA-P256,sign,883,0.104202
ECDSA-P256,sign,884,0.104239
ECDSA-P256,sign,885,0.104387
ECDSA-P256,sign,886,0.104147
ECDSA-P256,sign,887,0.104147
ECDSA-P256,sign,888,0.104036
ECDSA-P256,sign,889,0.104147
ECDSA-P256,sign,890,0.104387
ECDSA-P256,sign,891,0.104073
ECDSA-P256,sign,892,0.104017
ECDSA-P256,sign,893,0.104036
ECDSA-P256,sign,894,0.104165
ECDSA-P256,sign,895,0.104128
ECDSA-P256,sign,896,0.104258
ECDSA-P256,sign,897,0.104240
ECDSA-P256,sign,898,0.104165
ECDSA-P256,sign,899,0.104424
ECDSA-P256,sign,900,0.104202
ECDSA-P256,sign,901,0.104313
ECDSA-P256,sign,902,0.104184
ECDSA-P256,sign,903,0.104239
ECDSA-P256,sign,904,0.104183
ECDSA-P256,sign,905,0.104203
ECDSA-P256,sign,906,0.104258
ECDSA-P256,sign,907,0.104314
ECDSA-P256,sign,908,0.104166
ECDSA-P256,sign,909,0.104295
ECDSA-P256,sign,910,0.104202
ECDSA-P256,sign,911,0.111906
ECDSA-P256,sign,912,0.104814
ECDSA-P256,sign,913,0.104092
ECDSA-P256,sign,914,0.104166
ECDSA-P256,sign,915,0.103980
ECDSA-P256,sign,916,0.103999
ECDSA-P256,sign,917,0.104035
ECDSA-P256,sign,918,0.104128
ECDSA-P256,sign,919,0.104110
ECDSA-P256,sign,920,0.103980
ECDSA-P256,sign,921,0.104406
ECDSA-P256,sign,922,0.104388
ECDSA-P256,sign,923,0.104184
ECDSA-P256,sign,924,0.104240
ECDSA-P256,sign,925,0.104239
ECDSA-P256,sign,926,0.104036
ECDSA-P256,sign,927,0.104165
ECDSA-P256,sign,928,0.104184
ECDSA-P256,sign,929,0.104276
ECDSA-P256,sign,930,0.104387
ECDSA-P256,sign,931,0.104035
ECDSA-P256,sign,932,0.104073
ECDSA-P256,sign,933,0.104258
ECDSA-P256,sign,934,0.104128
ECDSA-P256,sign,935,0.104147
ECDSA-P256,sign,936,0.104072
ECDSA-P256,sign,937,0.103980
ECDSA-P256,sign,938,0.104240
ECDSA-P256,sign,939,0.104165
ECDSA-P256,sign,940,0.104036
ECDSA-P256,sign,941,0.103924
ECDSA-P256,sign,942,0.104110
ECDSA-P256,sign,943,0.104184
ECDSA-P256,sign,944,0.104202
ECDSA-P256,sign,945,0.104369
ECDSA-P256,sign,946,0.113183
ECDSA-P256,sign,947,0.104684
ECDSA-P256,sign,948,0.104295
ECDSA-P256,sign,949,0.104128
ECDSA-P256,sign,950,0.104332
ECDSA-P256,sign,951,0.104128
ECDSA-P256,sign,952,0.104498
ECDSA-P256,sign,953,0.104276
ECDSA-P256,sign,954,0.104239
ECDSA-P256,sign,955,0.104036
ECDSA-P256,sign,956,0.104221
ECDSA-P256,sign,957,0.103998
ECDSA-P256,sign,958,0.104313
ECDSA-P256,sign,959,0.104277
ECDSA-P256,sign,960,0.104035
ECDSA-P256,sign,961,0.103962
ECDSA-P256,sign,962,0.104313
ECDSA-P256,sign,963,0.104183
ECDSA-P256,sign,964,0.104035
ECDSA-P256,sign,965,0.104536
ECDSA-P256,sign,966,0.103961
ECDSA-P256,sign,967,0.104258
ECDSA-P256,sign,968,0.104184
ECDSA-P256,sign,969,0.104258
ECDSA-P256,sign,970,0.104221
ECDSA-P256,sign,971,0.104184
ECDSA-P256,sign,972,0.104184
ECDSA-P256,sign,973,0.104035
ECDSA-P256,sign,974,0.104035
ECDSA-P256,sign,975,0.104017
ECDSA-P256,sign,976,0.104091
ECDSA-P256,sign,977,0.104203
ECDSA-P256,sign,978,0.104110
ECDSA-P256,sign,979,0.103943
ECDSA-P256,sign,980,0.104221
ECDSA-P256,sign,981,0.119202
ECDSA-P256,sign,982,0.105202
ECDSA-P256,sign,983,0.104092
ECDSA-P256,sign,984,0.104351
ECDSA-P256,sign,985,0.104091
ECDSA-P256,sign,986,0.103980
ECDSA-P256,sign,987,0.104350
ECDSA-P256,sign,988,0.104369
ECDSA-P256,sign,989,0.104165
ECDSA-P256,sign,990,0.104258
ECDSA-P256,sign,991,0.104072
ECDSA-P256,sign,992,0.104406
ECDSA-P256,sign,993,0.104221
ECDSA-P256,sign,994,0.104240
ECDSA-P256,sign,995,0.104128
ECDSA-P256,sign,996,0.104295
ECDSA-P256,sign,997,0.104128
ECDSA-P256,sign,998,0.104147
ECDSA-P256,sign,999,0.104203
ECDSA-P256,verify,0,0.299829
ECDSA-P256,verify,1,0.296330
ECDSA-P256,verify,2,0.295977
ECDSA-P256,verify,3,0.295829
ECDSA-P256,verify,4,0.295755
ECDSA-P256,verify,5,0.295792
ECDSA-P256,verify,6,0.295755
ECDSA-P256,verify,7,0.307051
ECDSA-P256,verify,8,0.296570
ECDSA-P256,verify,9,0.295923
ECDSA-P256,verify,10,0.295663
ECDSA-P256,verify,11,0.295866
ECDSA-P256,verify,12,0.295718
ECDSA-P256,verify,13,0.295848
ECDSA-P256,verify,14,0.295830
ECDSA-P256,verify,15,0.295829
ECDSA-P256,verify,16,0.295681
ECDSA-P256,verify,17,0.295700
ECDSA-P256,verify,18,0.295718
ECDSA-P256,verify,19,0.295904
ECDSA-P256,verify,20,0.303403
ECDSA-P256,verify,21,0.296570
ECDSA-P256,verify,22,0.295866
ECDSA-P256,verify,23,0.295830
ECDSA-P256,verify,24,0.295700
ECDSA-P256,verify,25,0.295663
ECDSA-P256,verify,26,0.295681
ECDSA-P256,verify,27,0.295755
ECDSA-P256,verify,28,0.295792
ECDSA-P256,verify,29,0.295737
ECDSA-P256,verify,30,0.295718
ECDSA-P256,verify,31,0.295570
ECDSA-P256,verify,32,0.295737
ECDSA-P256,verify,33,0.295644
ECDSA-P256,verify,34,0.296699
ECDSA-P256,verify,35,0.295755
ECDSA-P256,verify,36,0.295885
ECDSA-P256,verify,37,0.295811
ECDSA-P256,verify,38,0.295682
ECDSA-P256,verify,39,0.295811
ECDSA-P256,verify,40,0.295663
ECDSA-P256,verify,41,0.295589
ECDSA-P256,verify,42,0.295700
ECDSA-P256,verify,43,0.295700
ECDSA-P256,verify,44,0.295699
ECDSA-P256,verify,45,0.295663
ECDSA-P256,verify,46,0.295608
ECDSA-P256,verify,47,0.302922
ECDSA-P256,verify,48,0.296089
ECDSA-P256,verify,49,0.295718
ECDSA-P256,verify,50,0.295719
ECDSA-P256,verify,51,0.295626
ECDSA-P256,verify,52,0.295626
ECDSA-P256,verify,53,0.295737
ECDSA-P256,verify,54,0.295755
ECDSA-P256,verify,55,0.295663
ECDSA-P256,verify,56,0.295792
ECDSA-P256,verify,57,0.295830
ECDSA-P256,verify,58,0.295607
ECDSA-P256,verify,59,0.295755
ECDSA-P256,verify,60,0.303014
ECDSA-P256,verify,61,0.296144
ECDSA-P256,verify,62,0.295848
ECDSA-P256,verify,63,0.295718
ECDSA-P256,verify,64,0.295978
ECDSA-P256,verify,65,0.295644
ECDSA-P256,verify,66,0.295608
ECDSA-P256,verify,67,0.295570
ECDSA-P256,verify,68,0.295607
ECDSA-P256,verify,69,0.295663
ECDSA-P256,verify,70,0.295589
ECDSA-P256,verify,71,0.295885
ECDSA-P256,verify,72,0.295682
ECDSA-P256,verify,73,0.305551
ECDSA-P256,verify,74,0.296274
ECDSA-P256,verify,75,0.295756
ECDSA-P256,verify,76,0.295829
ECDSA-P256,verify,77,0.295719
ECDSA-P256,verify,78,0.295700
ECDSA-P256,verify,79,0.295644
ECDSA-P256,verify,80,0.295718
ECDSA-P256,verify,81,0.295681
ECDSA-P256,verify,82,0.295737
ECDSA-P256,verify,83,0.295607
ECDSA-P256,verify,84,0.295681
ECDSA-P256,verify,85,0.295608
ECDSA-P256,verify,86,0.303366
ECDSA-P256,verify,87,0.296237
ECDSA-P256,verify,88,0.295811
ECDSA-P256,verify,89,0.295736
ECDSA-P256,verify,90,0.295663
ECDSA-P256,verify,91,0.295496
ECDSA-P256,verify,92,0.295625
ECDSA-P256,verify,93,0.295755
ECDSA-P256,verify,94,0.295756
ECDSA-P256,verify,95,0.295681
ECDSA-P256,verify,96,0.295663
ECDSA-P256,verify,97,0.295756
ECDSA-P256,verify,98,0.295792
ECDSA-P256,verify,99,0.303218
ECDSA-P256,verify,100,0.296385
ECDSA-P256,verify,101,0.295700
ECDSA-P256,verify,102,0.295570
ECDSA-P256,verify,103,0.295607
ECDSA-P256,verify,104,0.295607
ECDSA-P256,verify,105,0.295477
ECDSA-P256,verify,106,0.295514
ECDSA-P256,verify,107,0.295571
ECDSA-P256,verify,108,0.295737
ECDSA-P256,verify,109,0.295699
ECDSA-P256,verify,110,0.295625
ECDSA-P256,verify,111,0.295737
ECDSA-P256,verify,112,0.303200
ECDSA-P256,verify,113,0.296292
ECDSA-P256,verify,114,0.295644
ECDSA-P256,verify,115,0.295718
ECDSA-P256,verify,116,0.295737
ECDSA-P256,verify,117,0.295682
ECDSA-P256,verify,118,0.295700
ECDSA-P256,verify,119,0.295904
ECDSA-P256,verify,120,0.295608
ECDSA-P256,verify,121,0.295681
ECDSA-P256,verify,122,0.295682
ECDSA-P256,verify,123,0.295885
ECDSA-P256,verify,124,0.295645
ECDSA-P256,verify,125,0.303940
ECDSA-P256,verify,126,0.296348
ECDSA-P256,verify,127,0.295700
ECDSA-P256,verify,128,0.295737
ECDSA-P256,verify,129,0.295737
ECDSA-P256,verify,130,0.295699
ECDSA-P256,verify,131,0.295625
ECDSA-P256,verify,132,0.295700
ECDSA-P256,verify,133,0.295719
ECDSA-P256,verify,134,0.295682
ECDSA-P256,verify,135,0.295700
ECDSA-P256,verify,136,0.295608
ECDSA-P256,verify,137,0.295681
ECDSA-P256,verify,138,0.303071
ECDSA-P256,verify,139,0.296163
ECDSA-P256,verify,140,0.295792
ECDSA-P256,verify,141,0.295792
ECDSA-P256,verify,142,0.295755
ECDSA-P256,verify,143,0.295719
ECDSA-P256,verify,144,0.295644
ECDSA-P256,verify,145,0.295663
ECDSA-P256,verify,146,0.295737
ECDSA-P256,verify,147,0.295645
ECDSA-P256,verify,148,0.295663
ECDSA-P256,verify,149,0.295719
ECDSA-P256,verify,150,0.295774
ECDSA-P256,verify,151,0.303070
ECDSA-P256,verify,152,0.296310
ECDSA-P256,verify,153,0.295737
ECDSA-P256,verify,154,0.295700
ECDSA-P256,verify,155,0.295681
ECDSA-P256,verify,156,0.295663
ECDSA-P256,verify,157,0.295811
ECDSA-P256,verify,158,0.295644
ECDSA-P256,verify,159,0.295533
ECDSA-P256,verify,160,0.295737
ECDSA-P256,verify,161,0.295774
ECDSA-P256,verify,162,0.295607
ECDSA-P256,verify,163,0.295625
ECDSA-P256,verify,164,0.303237
ECDSA-P256,verify,165,0.296366
ECDSA-P256,verify,166,0.295719
ECDSA-P256,verify,167,0.295589
ECDSA-P256,verify,168,0.295718
ECDSA-P256,verify,169,0.295663
ECDSA-P256,verify,170,0.295830
ECDSA-P256,verify,171,0.295736
ECDSA-P256,verify,172,0.295589
ECDSA-P256,verify,173,0.295719
ECDSA-P256,verify,174,0.295663
ECDSA-P256,verify,175,0.295663
ECDSA-P256,verify,176,0.295681
ECDSA-P256,verify,177,0.302959
ECDSA-P256,verify,178,0.296126
ECDSA-P256,verify,179,0.295904
ECDSA-P256,verify,180,0.295700
ECDSA-P256,verify,181,0.295645
ECDSA-P256,verify,182,0.295682
ECDSA-P256,verify,183,0.295867
ECDSA-P256,verify,184,0.295533
ECDSA-P256,verify,185,0.295662
ECDSA-P256,verify,186,0.295736
ECDSA-P256,verify,187,0.295811
ECDSA-P256,verify,188,0.295700
ECDSA-P256,verify,189,0.295663
ECDSA-P256,verify,190,0.303181
ECDSA-P256,verify,191,0.296459
ECDSA-P256,verify,192,0.295755
ECDSA-P256,verify,193,0.295755
ECDSA-P256,verify,194,0.295737
ECDSA-P256,verify,195,0.295663
ECDSA-P256,verify,196,0.295700
ECDSA-P256,verify,197,0.295700
ECDSA-P256,verify,198,0.295682
ECDSA-P256,verify,199,0.295626
ECDSA-P256,verify,200,0.295792
ECDSA-P256,verify,201,0.295699
ECDSA-P256,verify,202,0.295588
ECDSA-P256,verify,203,0.303162
ECDSA-P256,verify,204,0.296440
ECDSA-P256,verify,205,0.295756
ECDSA-P256,verify,206,0.295774
ECDSA-P256,verify,207,0.295793
ECDSA-P256,verify,208,0.295663
ECDSA-P256,verify,209,0.295682
ECDSA-P256,verify,210,0.295848
ECDSA-P256,verify,211,0.295700
ECDSA-P256,verify,212,0.295626
ECDSA-P256,verify,213,0.295682
ECDSA-P256,verify,214,0.295719
ECDSA-P256,verify,215,0.295626
ECDSA-P256,verify,216,0.303071
ECDSA-P256,verify,217,0.296218
ECDSA-P256,verify,218,0.295718
ECDSA-P256,verify,219,0.295644
ECDSA-P256,verify,220,0.295737
ECDSA-P256,verify,221,0.295866
ECDSA-P256,verify,222,0.295626
ECDSA-P256,verify,223,0.295737
ECDSA-P256,verify,224,0.295755
ECDSA-P256,verify,225,0.295811
ECDSA-P256,verify,226,0.295570
ECDSA-P256,verify,227,0.295700
ECDSA-P256,verify,228,0.295700
ECDSA-P256,verify,229,0.303144
ECDSA-P256,verify,230,0.296218
ECDSA-P256,verify,231,0.295793
ECDSA-P256,verify,232,0.295829
ECDSA-P256,verify,233,0.295626
ECDSA-P256,verify,234,0.295682
ECDSA-P256,verify,235,0.295644
ECDSA-P256,verify,236,0.295774
ECDSA-P256,verify,237,0.295663
ECDSA-P256,verify,238,0.295607
ECDSA-P256,verify,239,0.295718
ECDSA-P256,verify,240,0.295662
ECDSA-P256,verify,241,0.295645
ECDSA-P256,verify,242,0.304478
ECDSA-P256,verify,243,0.296422
ECDSA-P256,verify,244,0.295941
ECDSA-P256,verify,245,0.295626
ECDSA-P256,verify,246,0.295682
ECDSA-P256,verify,247,0.295700
ECDSA-P256,verify,248,0.295700
ECDSA-P256,verify,249,0.295662
ECDSA-P256,verify,250,0.295589
ECDSA-P256,verify,251,0.295736
ECDSA-P256,verify,252,0.295663
ECDSA-P256,verify,253,0.295645
ECDSA-P256,verify,254,0.295774
ECDSA-P256,verify,255,0.295663
ECDSA-P256,verify,256,0.303607
ECDSA-P256,verify,257,0.295774
ECDSA-P256,verify,258,0.295663
ECDSA-P256,verify,259,0.295737
ECDSA-P256,verify,260,0.295719
ECDSA-P256,verify,261,0.295700
ECDSA-P256,verify,262,0.295681
ECDSA-P256,verify,263,0.295681
ECDSA-P256,verify,264,0.295607
ECDSA-P256,verify,265,0.295774
ECDSA-P256,verify,266,0.295719
ECDSA-P256,verify,267,0.295625
ECDSA-P256,verify,268,0.295681
ECDSA-P256,verify,269,0.303033
ECDSA-P256,verify,270,0.296181
ECDSA-P256,verify,271,0.295607
ECDSA-P256,verify,272,0.295681
ECDSA-P256,verify,273,0.295719
ECDSA-P256,verify,274,0.295682
ECDSA-P256,verify,275,0.295755
ECDSA-P256,verify,276,0.295626
ECDSA-P256,verify,277,0.295699
ECDSA-P256,verify,278,0.295644
ECDSA-P256,verify,279,0.295645
ECDSA-P256,verify,280,0.295570
ECDSA-P256,verify,281,0.295718
ECDSA-P256,verify,282,0.305644
ECDSA-P256,verify,283,0.296181
ECDSA-P256,verify,284,0.295663
ECDSA-P256,verify,285,0.295756
ECDSA-P256,verify,286,0.295644
ECDSA-P256,verify,287,0.295700
ECDSA-P256,verify,288,0.295792
ECDSA-P256,verify,289,0.295588
ECDSA-P256,verify,290,0.295774
ECDSA-P256,verify,291,0.295663
ECDSA-P256,verify,292,0.295644
ECDSA-P256,verify,293,0.295645
ECDSA-P256,verify,294,0.295755
ECDSA-P256,verify,295,0.303422
ECDSA-P256,verify,296,0.296219
ECDSA-P256,verify,297,0.295718
ECDSA-P256,verify,298,0.295625
ECDSA-P256,verify,299,0.295737
ECDSA-P256,verify,300,0.295700
ECDSA-P256,verify,301,0.295700
ECDSA-P256,verify,302,0.295700
ECDSA-P256,verify,303,0.295589
ECDSA-P256,verify,304,0.295663
ECDSA-P256,verify,305,0.295625
ECDSA-P256,verify,306,0.295588
ECDSA-P256,verify,307,0.295755
ECDSA-P256,verify,308,0.303089
ECDSA-P256,verify,309,0.296274
ECDSA-P256,verify,310,0.295663
ECDSA-P256,verify,311,0.295718
ECDSA-P256,verify,312,0.295570
ECDSA-P256,verify,313,0.295644
ECDSA-P256,verify,314,0.295552
ECDSA-P256,verify,315,0.295552
ECDSA-P256,verify,316,0.295626
ECDSA-P256,verify,317,0.295570
ECDSA-P256,verify,318,0.295700
ECDSA-P256,verify,319,0.295755
ECDSA-P256,verify,320,0.295625
ECDSA-P256,verify,321,0.303181
ECDSA-P256,verify,322,0.296348
ECDSA-P256,verify,323,0.295737
ECDSA-P256,verify,324,0.295681
ECDSA-P256,verify,325,0.295682
ECDSA-P256,verify,326,0.295774
ECDSA-P256,verify,327,0.295644
ECDSA-P256,verify,328,0.295607
ECDSA-P256,verify,329,0.295718
ECDSA-P256,verify,330,0.295774
ECDSA-P256,verify,331,0.295700
ECDSA-P256,verify,332,0.295644
ECDSA-P256,verify,333,0.295718
ECDSA-P256,verify,334,0.303088
ECDSA-P256,verify,335,0.296293
ECDSA-P256,verify,336,0.295737
ECDSA-P256,verify,337,0.295718
ECDSA-P256,verify,338,0.295644
ECDSA-P256,verify,339,0.295570
ECDSA-P256,verify,340,0.295570
ECDSA-P256,verify,341,0.295588
ECDSA-P256,verify,342,0.295662
ECDSA-P256,verify,343,0.295514
ECDSA-P256,verify,344,0.295811
ECDSA-P256,verify,345,0.295663
ECDSA-P256,verify,346,0.295608
ECDSA-P256,verify,347,0.303107
ECDSA-P256,verify,348,0.296348
ECDSA-P256,verify,349,0.295755
ECDSA-P256,verify,350,0.295718
ECDSA-P256,verify,351,0.295571
ECDSA-P256,verify,352,0.295811
ECDSA-P256,verify,353,0.295718
ECDSA-P256,verify,354,0.295719
ECDSA-P256,verify,355,0.295626
ECDSA-P256,verify,356,0.295681
ECDSA-P256,verify,357,0.295737
ECDSA-P256,verify,358,0.295534
ECDSA-P256,verify,359,0.295589
ECDSA-P256,verify,360,0.303589
ECDSA-P256,verify,361,0.296144
ECDSA-P256,verify,362,0.295608
ECDSA-P256,verify,363,0.295737
ECDSA-P256,verify,364,0.295608
ECDSA-P256,verify,365,0.295589
ECDSA-P256,verify,366,0.295607
ECDSA-P256,verify,367,0.295700
ECDSA-P256,verify,368,0.295645
ECDSA-P256,verify,369,0.295589
ECDSA-P256,verify,370,0.295644
ECDSA-P256,verify,371,0.295663
ECDSA-P256,verify,372,0.295699
ECDSA-P256,verify,373,0.308385
ECDSA-P256,verify,374,0.296459
ECDSA-P256,verify,375,0.295645
ECDSA-P256,verify,376,0.295719
ECDSA-P256,verify,377,0.295774
ECDSA-P256,verify,378,0.295496
ECDSA-P256,verify,379,0.295607
ECDSA-P256,verify,380,0.295811
ECDSA-P256,verify,381,0.295719
ECDSA-P256,verify,382,0.295551
ECDSA-P256,verify,383,0.295589
ECDSA-P256,verify,384,0.295737
ECDSA-P256,verify,385,0.295644
ECDSA-P256,verify,386,0.303126
ECDSA-P256,verify,387,0.296126
ECDSA-P256,verify,388,0.295663
ECDSA-P256,verify,389,0.295533
ECDSA-P256,verify,390,0.295514
ECDSA-P256,verify,391,0.295515
ECDSA-P256,verify,392,0.295756
ECDSA-P256,verify,393,0.295607
ECDSA-P256,verify,394,0.295700
ECDSA-P256,verify,395,0.295589
ECDSA-P256,verify,396,0.295737
ECDSA-P256,verify,397,0.295663
ECDSA-P256,verify,398,0.295515
ECDSA-P256,verify,399,0.302959
ECDSA-P256,verify,400,0.296200
ECDSA-P256,verify,401,0.295811
ECDSA-P256,verify,402,0.295700
ECDSA-P256,verify,403,0.295607
ECDSA-P256,verify,404,0.295682
ECDSA-P256,verify,405,0.295570
ECDSA-P256,verify,406,0.295756
ECDSA-P256,verify,407,0.295625
ECDSA-P256,verify,408,0.295681
ECDSA-P256,verify,409,0.295737
ECDSA-P256,verify,410,0.295570
ECDSA-P256,verify,411,0.295699
ECDSA-P256,verify,412,0.303996
ECDSA-P256,verify,413,0.296108
ECDSA-P256,verify,414,0.295774
ECDSA-P256,verify,415,0.295700
ECDSA-P256,verify,416,0.295645
ECDSA-P256,verify,417,0.295737
ECDSA-P256,verify,418,0.295682
ECDSA-P256,verify,419,0.295700
ECDSA-P256,verify,420,0.295626
ECDSA-P256,verify,421,0.295737
ECDSA-P256,verify,422,0.295551
ECDSA-P256,verify,423,0.295718
ECDSA-P256,verify,424,0.295589
ECDSA-P256,verify,425,0.303218
ECDSA-P256,verify,426,0.296422
ECDSA-P256,verify,427,0.295607
ECDSA-P256,verify,428,0.295756
ECDSA-P256,verify,429,0.295663
ECDSA-P256,verify,430,0.295551
ECDSA-P256,verify,431,0.295644
ECDSA-P256,verify,432,0.295644
ECDSA-P256,verify,433,0.295588
ECDSA-P256,verify,434,0.295700
ECDSA-P256,verify,435,0.295607
ECDSA-P256,verify,436,0.295589
ECDSA-P256,verify,437,0.295774
ECDSA-P256,verify,438,0.303237
ECDSA-P256,verify,439,0.296237
ECDSA-P256,verify,440,0.295755
ECDSA-P256,verify,441,0.295589
ECDSA-P256,verify,442,0.295626
ECDSA-P256,verify,443,0.295626
ECDSA-P256,verify,444,0.295626
ECDSA-P256,verify,445,0.295645
ECDSA-P256,verify,446,0.295829
ECDSA-P256,verify,447,0.295588
ECDSA-P256,verify,448,0.295700
ECDSA-P256,verify,449,0.295682
ECDSA-P256,verify,450,0.295589
ECDSA-P256,verify,451,0.303107
ECDSA-P256,verify,452,0.296497
ECDSA-P256,verify,453,0.295700
ECDSA-P256,verify,454,0.295608
ECDSA-P256,verify,455,0.295774
ECDSA-P256,verify,456,0.295700
ECDSA-P256,verify,457,0.295552
ECDSA-P256,verify,458,0.295644
ECDSA-P256,verify,459,0.295700
ECDSA-P256,verify,460,0.295626
ECDSA-P256,verify,461,0.295737
ECDSA-P256,verify,462,0.295533
ECDSA-P256,verify,463,0.295737
ECDSA-P256,verify,464,0.295588
ECDSA-P256,verify,465,0.296626
ECDSA-P256,verify,466,0.295662
ECDSA-P256,verify,467,0.295718
ECDSA-P256,verify,468,0.295570
ECDSA-P256,verify,469,0.295718
ECDSA-P256,verify,470,0.295737
ECDSA-P256,verify,471,0.295737
ECDSA-P256,verify,472,0.295588
ECDSA-P256,verify,473,0.295570
ECDSA-P256,verify,474,0.295718
ECDSA-P256,verify,475,0.295719
ECDSA-P256,verify,476,0.295607
ECDSA-P256,verify,477,0.295626
ECDSA-P256,verify,478,0.303218
ECDSA-P256,verify,479,0.296107
ECDSA-P256,verify,480,0.295588
ECDSA-P256,verify,481,0.295625
ECDSA-P256,verify,482,0.295700
ECDSA-P256,verify,483,0.295589
ECDSA-P256,verify,484,0.295719
ECDSA-P256,verify,485,0.295700
ECDSA-P256,verify,486,0.295625
ECDSA-P256,verify,487,0.295626
ECDSA-P256,verify,488,0.295496
ECDSA-P256,verify,489,0.295570
ECDSA-P256,verify,490,0.295625
ECDSA-P256,verify,491,0.302940
ECDSA-P256,verify,492,0.296052
ECDSA-P256,verify,493,0.295607
ECDSA-P256,verify,494,0.295626
ECDSA-P256,verify,495,0.295699
ECDSA-P256,verify,496,0.295663
ECDSA-P256,verify,497,0.295571
ECDSA-P256,verify,498,0.295571
ECDSA-P256,verify,499,0.295718
ECDSA-P256,verify,500,0.295682
ECDSA-P256,verify,501,0.295700
ECDSA-P256,verify,502,0.295644
ECDSA-P256,verify,503,0.295736
ECDSA-P256,verify,504,0.303163
ECDSA-P256,verify,505,0.296070
ECDSA-P256,verify,506,0.295792
ECDSA-P256,verify,507,0.295719
ECDSA-P256,verify,508,0.295533
ECDSA-P256,verify,509,0.295663
ECDSA-P256,verify,510,0.295589
ECDSA-P256,verify,511,0.295719
ECDSA-P256,verify,512,0.295589
ECDSA-P256,verify,513,0.295736
ECDSA-P256,verify,514,0.295755
ECDSA-P256,verify,515,0.295533
ECDSA-P256,verify,516,0.295755
ECDSA-P256,verify,517,0.303311
ECDSA-P256,verify,518,0.296126
ECDSA-P256,verify,519,0.295737
ECDSA-P256,verify,520,0.295552
ECDSA-P256,verify,521,0.295607
ECDSA-P256,verify,522,0.295736
ECDSA-P256,verify,523,0.295551
ECDSA-P256,verify,524,0.295662
ECDSA-P256,verify,525,0.295644
ECDSA-P256,verify,526,0.295718
ECDSA-P256,verify,527,0.295663
ECDSA-P256,verify,528,0.295737
ECDSA-P256,verify,529,0.295755
ECDSA-P256,verify,530,0.337792
ECDSA-P256,verify,531,0.297125
ECDSA-P256,verify,532,0.295848
ECDSA-P256,verify,533,0.295848
ECDSA-P256,verify,534,0.295682
ECDSA-P256,verify,535,0.295589
ECDSA-P256,verify,536,0.295700
ECDSA-P256,verify,537,0.295755
ECDSA-P256,verify,538,0.295718
ECDSA-P256,verify,539,0.295811
ECDSA-P256,verify,540,0.295718
ECDSA-P256,verify,541,0.295681
ECDSA-P256,verify,542,0.295700
ECDSA-P256,verify,543,0.304477
ECDSA-P256,verify,544,0.296330
ECDSA-P256,verify,545,0.295700
ECDSA-P256,verify,546,0.295625
ECDSA-P256,verify,547,0.295793
ECDSA-P256,verify,548,0.295663
ECDSA-P256,verify,549,0.295682
ECDSA-P256,verify,550,0.295644
ECDSA-P256,verify,551,0.295737
ECDSA-P256,verify,552,0.295663
ECDSA-P256,verify,553,0.295625
ECDSA-P256,verify,554,0.295755
ECDSA-P256,verify,555,0.295681
ECDSA-P256,verify,556,0.303200
ECDSA-P256,verify,557,0.296311
ECDSA-P256,verify,558,0.295774
ECDSA-P256,verify,559,0.295662
ECDSA-P256,verify,560,0.295533
ECDSA-P256,verify,561,0.295700
ECDSA-P256,verify,562,0.295811
ECDSA-P256,verify,563,0.295514
ECDSA-P256,verify,564,0.295589
ECDSA-P256,verify,565,0.295663
ECDSA-P256,verify,566,0.295645
ECDSA-P256,verify,567,0.295515
ECDSA-P256,verify,568,0.295700
ECDSA-P256,verify,569,0.303051
ECDSA-P256,verify,570,0.296237
ECDSA-P256,verify,571,0.295700
ECDSA-P256,verify,572,0.295607
ECDSA-P256,verify,573,0.295755
ECDSA-P256,verify,574,0.295736
ECDSA-P256,verify,575,0.295551
ECDSA-P256,verify,576,0.295774
ECDSA-P256,verify,577,0.295755
ECDSA-P256,verify,578,0.295663
ECDSA-P256,verify,579,0.295534
ECDSA-P256,verify,580,0.295737
ECDSA-P256,verify,581,0.295718
ECDSA-P256,verify,582,0.303959
ECDSA-P256,verify,583,0.296218
ECDSA-P256,verify,584,0.295848
ECDSA-P256,verify,585,0.295793
ECDSA-P256,verify,586,0.295534
ECDSA-P256,verify,587,0.295737
ECDSA-P256,verify,588,0.295682
ECDSA-P256,verify,589,0.295644
ECDSA-P256,verify,590,0.295570
ECDSA-P256,verify,591,0.295626
ECDSA-P256,verify,592,0.295737
ECDSA-P256,verify,593,0.295626
ECDSA-P256,verify,594,0.295588
ECDSA-P256,verify,595,0.303922
ECDSA-P256,verify,596,0.296200
ECDSA-P256,verify,597,0.295644
ECDSA-P256,verify,598,0.295793
ECDSA-P256,verify,599,0.295681
ECDSA-P256,verify,600,0.295700
ECDSA-P256,verify,601,0.295645
ECDSA-P256,verify,602,0.295626
ECDSA-P256,verify,603,0.295682
ECDSA-P256,verify,604,0.295644
ECDSA-P256,verify,605,0.295682
ECDSA-P256,verify,606,0.295662
ECDSA-P256,verify,607,0.295755
ECDSA-P256,verify,608,0.304755
ECDSA-P256,verify,609,0.296385
ECDSA-P256,verify,610,0.295718
ECDSA-P256,verify,611,0.295496
ECDSA-P256,verify,612,0.295644
ECDSA-P256,verify,613,0.295589
ECDSA-P256,verify,614,0.295848
ECDSA-P256,verify,615,0.295441
ECDSA-P256,verify,616,0.295755
ECDSA-P256,verify,617,0.295552
ECDSA-P256,verify,618,0.295645
ECDSA-P256,verify,619,0.295644
ECDSA-P256,verify,620,0.295607
ECDSA-P256,verify,621,0.303273
ECDSA-P256,verify,622,0.296329
ECDSA-P256,verify,623,0.295866
ECDSA-P256,verify,624,0.295718
ECDSA-P256,verify,625,0.295718
ECDSA-P256,verify,626,0.295607
ECDSA-P256,verify,627,0.295552
ECDSA-P256,verify,628,0.295533
ECDSA-P256,verify,629,0.295644
ECDSA-P256,verify,630,0.295681
ECDSA-P256,verify,631,0.295626
ECDSA-P256,verify,632,0.295663
ECDSA-P256,verify,633,0.295737
ECDSA-P256,verify,634,0.303051
ECDSA-P256,verify,635,0.296515
ECDSA-P256,verify,636,0.295737
ECDSA-P256,verify,637,0.295663
ECDSA-P256,verify,638,0.295737
ECDSA-P256,verify,639,0.295737
ECDSA-P256,verify,640,0.295756
ECDSA-P256,verify,641,0.295774
ECDSA-P256,verify,642,0.295644
ECDSA-P256,verify,643,0.295607
ECDSA-P256,verify,644,0.295589
ECDSA-P256,verify,645,0.295830
ECDSA-P256,verify,646,0.295570
ECDSA-P256,verify,647,0.303015
ECDSA-P256,verify,648,0.296293
ECDSA-P256,verify,649,0.295811
ECDSA-P256,verify,650,0.295700
ECDSA-P256,verify,651,0.295719
ECDSA-P256,verify,652,0.295848
ECDSA-P256,verify,653,0.295644
ECDSA-P256,verify,654,0.295681
ECDSA-P256,verify,655,0.295552
ECDSA-P256,verify,656,0.295681
ECDSA-P256,verify,657,0.295663
ECDSA-P256,verify,658,0.295645
ECDSA-P256,verify,659,0.295829
ECDSA-P256,verify,660,0.303070
ECDSA-P256,verify,661,0.296255
ECDSA-P256,verify,662,0.295626
ECDSA-P256,verify,663,0.295737
ECDSA-P256,verify,664,0.295551
ECDSA-P256,verify,665,0.295607
ECDSA-P256,verify,666,0.295645
ECDSA-P256,verify,667,0.295737
ECDSA-P256,verify,668,0.295533
ECDSA-P256,verify,669,0.295700
ECDSA-P256,verify,670,0.295625
ECDSA-P256,verify,671,0.295645
ECDSA-P256,verify,672,0.295793
ECDSA-P256,verify,673,0.303107
ECDSA-P256,verify,674,0.296367
ECDSA-P256,verify,675,0.295903
ECDSA-P256,verify,676,0.295736
ECDSA-P256,verify,677,0.295589
ECDSA-P256,verify,678,0.295792
ECDSA-P256,verify,679,0.295608
ECDSA-P256,verify,680,0.295644
ECDSA-P256,verify,681,0.295626
ECDSA-P256,verify,682,0.295644
ECDSA-P256,verify,683,0.295682
ECDSA-P256,verify,684,0.295625
ECDSA-P256,verify,685,0.295625
ECDSA-P256,verify,686,0.303348
ECDSA-P256,verify,687,0.296256
ECDSA-P256,verify,688,0.295755
ECDSA-P256,verify,689,0.295792
ECDSA-P256,verify,690,0.295681
ECDSA-P256,verify,691,0.295608
ECDSA-P256,verify,692,0.295719
ECDSA-P256,verify,693,0.295737
ECDSA-P256,verify,694,0.295699
ECDSA-P256,verify,695,0.295607
ECDSA-P256,verify,696,0.295700
ECDSA-P256,verify,697,0.295719
ECDSA-P256,verify,698,0.295700
ECDSA-P256,verify,699,0.302144
ECDSA-P256,verify,700,0.296478
ECDSA-P256,verify,701,0.295848
ECDSA-P256,verify,702,0.295810
ECDSA-P256,verify,703,0.295515
ECDSA-P256,verify,704,0.295793
ECDSA-P256,verify,705,0.295663
ECDSA-P256,verify,706,0.295571
ECDSA-P256,verify,707,0.295644
ECDSA-P256,verify,708,0.295811
ECDSA-P256,verify,709,0.295644
ECDSA-P256,verify,710,0.295608
ECDSA-P256,verify,711,0.295663
ECDSA-P256,verify,712,0.295737
ECDSA-P256,verify,713,0.302977
ECDSA-P256,verify,714,0.296200
ECDSA-P256,verify,715,0.295645
ECDSA-P256,verify,716,0.295719
ECDSA-P256,verify,717,0.295830
ECDSA-P256,verify,718,0.295663
ECDSA-P256,verify,719,0.295626
ECDSA-P256,verify,720,0.295737
ECDSA-P256,verify,721,0.295663
ECDSA-P256,verify,722,0.295626
ECDSA-P256,verify,723,0.295755
ECDSA-P256,verify,724,0.295756
ECDSA-P256,verify,725,0.295682
ECDSA-P256,verify,726,0.302885
ECDSA-P256,verify,727,0.295978
ECDSA-P256,verify,728,0.295663
ECDSA-P256,verify,729,0.295718
ECDSA-P256,verify,730,0.295626
ECDSA-P256,verify,731,0.295663
ECDSA-P256,verify,732,0.295645
ECDSA-P256,verify,733,0.295700
ECDSA-P256,verify,734,0.295681
ECDSA-P256,verify,735,0.295626
ECDSA-P256,verify,736,0.295607
ECDSA-P256,verify,737,0.295681
ECDSA-P256,verify,738,0.295700
ECDSA-P256,verify,739,0.303422
ECDSA-P256,verify,740,0.296219
ECDSA-P256,verify,741,0.295700
ECDSA-P256,verify,742,0.295644
ECDSA-P256,verify,743,0.295829
ECDSA-P256,verify,744,0.295570
ECDSA-P256,verify,745,0.295570
ECDSA-P256,verify,746,0.295755
ECDSA-P256,verify,747,0.295626
ECDSA-P256,verify,748,0.295699
ECDSA-P256,verify,749,0.295682
ECDSA-P256,verify,750,0.295793
ECDSA-P256,verify,751,0.295626
ECDSA-P256,verify,752,0.304292
ECDSA-P256,verify,753,0.296311
ECDSA-P256,verify,754,0.295663
ECDSA-P256,verify,755,0.295607
ECDSA-P256,verify,756,0.295682
ECDSA-P256,verify,757,0.295515
ECDSA-P256,verify,758,0.295626
ECDSA-P256,verify,759,0.295607
ECDSA-P256,verify,760,0.295626
ECDSA-P256,verify,761,0.295645
ECDSA-P256,verify,762,0.295626
ECDSA-P256,verify,763,0.295662
ECDSA-P256,verify,764,0.295663
ECDSA-P256,verify,765,0.303237
ECDSA-P256,verify,766,0.296126
ECDSA-P256,verify,767,0.295700
ECDSA-P256,verify,768,0.295663
ECDSA-P256,verify,769,0.295755
ECDSA-P256,verify,770,0.295607
ECDSA-P256,verify,771,0.295755
ECDSA-P256,verify,772,0.295533
ECDSA-P256,verify,773,0.295570
ECDSA-P256,verify,774,0.295699
ECDSA-P256,verify,775,0.295774
ECDSA-P256,verify,776,0.295570
ECDSA-P256,verify,777,0.295589
ECDSA-P256,verify,778,0.310311
ECDSA-P256,verify,779,0.296514
ECDSA-P256,verify,780,0.295589
ECDSA-P256,verify,781,0.295719
ECDSA-P256,verify,782,0.295700
ECDSA-P256,verify,783,0.295607
ECDSA-P256,verify,784,0.295774
ECDSA-P256,verify,785,0.295644
ECDSA-P256,verify,786,0.295700
ECDSA-P256,verify,787,0.295533
ECDSA-P256,verify,788,0.295682
ECDSA-P256,verify,789,0.295589
ECDSA-P256,verify,790,0.295718
ECDSA-P256,verify,791,0.303125
ECDSA-P256,verify,792,0.296237
ECDSA-P256,verify,793,0.295607
ECDSA-P256,verify,794,0.295699
ECDSA-P256,verify,795,0.295681
ECDSA-P256,verify,796,0.295700
ECDSA-P256,verify,797,0.295552
ECDSA-P256,verify,798,0.295700
ECDSA-P256,verify,799,0.295626
ECDSA-P256,verify,800,0.295663
ECDSA-P256,verify,801,0.295626
ECDSA-P256,verify,802,0.295793
ECDSA-P256,verify,803,0.295719
ECDSA-P256,verify,804,0.303218
ECDSA-P256,verify,805,0.296163
ECDSA-P256,verify,806,0.295644
ECDSA-P256,verify,807,0.295496
ECDSA-P256,verify,808,0.295681
ECDSA-P256,verify,809,0.295607
ECDSA-P256,verify,810,0.295625
ECDSA-P256,verify,811,0.295663
ECDSA-P256,verify,812,0.295644
ECDSA-P256,verify,813,0.295663
ECDSA-P256,verify,814,0.295682
ECDSA-P256,verify,815,0.295589
ECDSA-P256,verify,816,0.295570
ECDSA-P256,verify,817,0.303033
ECDSA-P256,verify,818,0.296237
ECDSA-P256,verify,819,0.295552
ECDSA-P256,verify,820,0.295719
ECDSA-P256,verify,821,0.295534
ECDSA-P256,verify,822,0.295774
ECDSA-P256,verify,823,0.295644
ECDSA-P256,verify,824,0.295625
ECDSA-P256,verify,825,0.295793
ECDSA-P256,verify,826,0.295645
ECDSA-P256,verify,827,0.295552
ECDSA-P256,verify,828,0.295737
ECDSA-P256,verify,829,0.295737
ECDSA-P256,verify,830,0.303200
ECDSA-P256,verify,831,0.296237
ECDSA-P256,verify,832,0.295811
ECDSA-P256,verify,833,0.295811
ECDSA-P256,verify,834,0.295514
ECDSA-P256,verify,835,0.295608
ECDSA-P256,verify,836,0.295626
ECDSA-P256,verify,837,0.295682
ECDSA-P256,verify,838,0.295607
ECDSA-P256,verify,839,0.295607
ECDSA-P256,verify,840,0.295719
ECDSA-P256,verify,841,0.295570
ECDSA-P256,verify,842,0.295589
ECDSA-P256,verify,843,0.303200
ECDSA-P256,verify,844,0.296366
ECDSA-P256,verify,845,0.295793
ECDSA-P256,verify,846,0.295700
ECDSA-P256,verify,847,0.295719
ECDSA-P256,verify,848,0.295737
ECDSA-P256,verify,849,0.295737
ECDSA-P256,verify,850,0.295718
ECDSA-P256,verify,851,0.295662
ECDSA-P256,verify,852,0.295626
ECDSA-P256,verify,853,0.295774
ECDSA-P256,verify,854,0.295700
ECDSA-P256,verify,855,0.295589
ECDSA-P256,verify,856,0.303237
ECDSA-P256,verify,857,0.296367
ECDSA-P256,verify,858,0.295830
ECDSA-P256,verify,859,0.295682
ECDSA-P256,verify,860,0.295756
ECDSA-P256,verify,861,0.295644
ECDSA-P256,verify,862,0.295644
ECDSA-P256,verify,863,0.295681
ECDSA-P256,verify,864,0.295607
ECDSA-P256,verify,865,0.295848
ECDSA-P256,verify,866,0.295533
ECDSA-P256,verify,867,0.295570
ECDSA-P256,verify,868,0.295570
ECDSA-P256,verify,869,0.303144
ECDSA-P256,verify,870,0.296237
ECDSA-P256,verify,871,0.295737
ECDSA-P256,verify,872,0.295644
ECDSA-P256,verify,873,0.295644
ECDSA-P256,verify,874,0.295662
ECDSA-P256,verify,875,0.295588
ECDSA-P256,verify,876,0.295681
ECDSA-P256,verify,877,0.295737
ECDSA-P256,verify,878,0.295718
ECDSA-P256,verify,879,0.295534
ECDSA-P256,verify,880,0.295737
ECDSA-P256,verify,881,0.295719
ECDSA-P256,verify,882,0.303163
ECDSA-P256,verify,883,0.296144
ECDSA-P256,verify,884,0.295829
ECDSA-P256,verify,885,0.295755
ECDSA-P256,verify,886,0.295552
ECDSA-P256,verify,887,0.295533
ECDSA-P256,verify,888,0.295589
ECDSA-P256,verify,889,0.295663
ECDSA-P256,verify,890,0.295607
ECDSA-P256,verify,891,0.295700
ECDSA-P256,verify,892,0.295626
ECDSA-P256,verify,893,0.295681
ECDSA-P256,verify,894,0.295645
ECDSA-P256,verify,895,0.303144
ECDSA-P256,verify,896,0.296274
ECDSA-P256,verify,897,0.295626
ECDSA-P256,verify,898,0.295645
ECDSA-P256,verify,899,0.295515
ECDSA-P256,verify,900,0.295792
ECDSA-P256,verify,901,0.295570
ECDSA-P256,verify,902,0.295682
ECDSA-P256,verify,903,0.295589
ECDSA-P256,verify,904,0.295681
ECDSA-P256,verify,905,0.295792
ECDSA-P256,verify,906,0.295551
ECDSA-P256,verify,907,0.295533
ECDSA-P256,verify,908,0.303014
ECDSA-P256,verify,909,0.296422
ECDSA-P256,verify,910,0.295662
ECDSA-P256,verify,911,0.295625
ECDSA-P256,verify,912,0.295718
ECDSA-P256,verify,913,0.295588
ECDSA-P256,verify,914,0.295607
ECDSA-P256,verify,915,0.295626
ECDSA-P256,verify,916,0.295737
ECDSA-P256,verify,917,0.295626
ECDSA-P256,verify,918,0.295755
ECDSA-P256,verify,919,0.295552
ECDSA-P256,verify,920,0.295663
ECDSA-P256,verify,921,0.295663
ECDSA-P256,verify,922,0.303829
ECDSA-P256,verify,923,0.296034
ECDSA-P256,verify,924,0.295626
ECDSA-P256,verify,925,0.295589
ECDSA-P256,verify,926,0.295589
ECDSA-P256,verify,927,0.295774
ECDSA-P256,verify,928,0.295663
ECDSA-P256,verify,929,0.295570
ECDSA-P256,verify,930,0.295755
ECDSA-P256,verify,931,0.295700
ECDSA-P256,verify,932,0.295663
ECDSA-P256,verify,933,0.295644
ECDSA-P256,verify,934,0.295626
ECDSA-P256,verify,935,0.304311
ECDSA-P256,verify,936,0.296033
ECDSA-P256,verify,937,0.295700
ECDSA-P256,verify,938,0.295626
ECDSA-P256,verify,939,0.295607
ECDSA-P256,verify,940,0.295589
ECDSA-P256,verify,941,0.295682
ECDSA-P256,verify,942,0.295663
ECDSA-P256,verify,943,0.295515
ECDSA-P256,verify,944,0.295681
ECDSA-P256,verify,945,0.295774
ECDSA-P256,verify,946,0.295551
ECDSA-P256,verify,947,0.295681
ECDSA-P256,verify,948,0.353144
ECDSA-P256,verify,949,0.297607
ECDSA-P256,verify,950,0.295830
ECDSA-P256,verify,951,0.295922
ECDSA-P256,verify,952,0.295737
ECDSA-P256,verify,953,0.295866
ECDSA-P256,verify,954,0.295737
ECDSA-P256,verify,955,0.295700
ECDSA-P256,verify,956,0.295663
ECDSA-P256,verify,957,0.295682
ECDSA-P256,verify,958,0.295645
ECDSA-P256,verify,959,0.295552
ECDSA-P256,verify,960,0.295681
ECDSA-P256,verify,961,0.304237
ECDSA-P256,verify,962,0.296033
ECDSA-P256,verify,963,0.295718
ECDSA-P256,verify,964,0.295774
ECDSA-P256,verify,965,0.295756
ECDSA-P256,verify,966,0.295607
ECDSA-P256,verify,967,0.295588
ECDSA-P256,verify,968,0.295736
ECDSA-P256,verify,969,0.295718
ECDSA-P256,verify,970,0.295700
ECDSA-P256,verify,971,0.295625
ECDSA-P256,verify,972,0.295663
ECDSA-P256,verify,973,0.295607
ECDSA-P256,verify,974,0.303200
ECDSA-P256,verify,975,0.296255
ECDSA-P256,verify,976,0.295699
ECDSA-P256,verify,977,0.295607
ECDSA-P256,verify,978,0.295625
ECDSA-P256,verify,979,0.295756
ECDSA-P256,verify,980,0.295645
ECDSA-P256,verify,981,0.295589
ECDSA-P256,verify,982,0.295811
ECDSA-P256,verify,983,0.295756
ECDSA-P256,verify,984,0.295681
ECDSA-P256,verify,985,0.295552
ECDSA-P256,verify,986,0.295682
ECDSA-P256,verify,987,0.303293
ECDSA-P256,verify,988,0.296218
ECDSA-P256,verify,989,0.295811
ECDSA-P256,verify,990,0.295719
ECDSA-P256,verify,991,0.295663
ECDSA-P256,verify,992,0.295681
ECDSA-P256,verify,993,0.295737
ECDSA-P256,verify,994,0.295589
ECDSA-P256,verify,995,0.295626
ECDSA-P256,verify,996,0.295830
ECDSA-P256,verify,997,0.295682
ECDSA-P256,verify,998,0.295534
ECDSA-P256,verify,999,0.295644
